[Licensing::Module] Trying to connect to existing licensing client channel...
Built from '6000.4/staging' branch; Version is '6000.4.1f1 (8535861f39e1) revision 8729990'; Using compiler version '194234433'; Build Type 'Release'
OS: 'Windows 11  (10.0.26200) Professional' Language: 'en' Physical Memory: 32695 MB
[Licensing::IpcConnector] Successfully connected to: "LicenseClient-Topher" at "2026-05-30T22:42:24.3167923Z"
BatchMode: 1, IsHumanControllingUs: 0, StartBugReporterOnCrash: 0, Is64bit: 1
System  architecture: x64
Process architecture: x64
Date: 2026-05-30T22:42:24Z

COMMAND LINE ARGUMENTS:
C:\Program Files\Unity\Hub\Editor\6000.4.1f1\Editor\Unity.exe
-adb2
-batchMode
-noUpm
-name
AssetImportWorker7
-projectPath
E:/IGB101/Assignment 3/IGB101 Assignment 3/Unity Project
-logFile
Logs/AssetImportWorker7.log
-srvPort
52200
-licensingIpc
LicenseClient-Topher
-force-d3d12
-job-worker-count
11
-background-job-worker-count
8
-gc-helper-count
1
-name
AssetImport
Successfully changed project path to: E:/IGB101/Assignment 3/IGB101 Assignment 3/Unity Project
E:/IGB101/Assignment 3/IGB101 Assignment 3/Unity Project
[UnityMemory] Configuration Parameters - Can be set up in boot.config
    "memorysetup-temp-allocator-size-gi-baking-worker=262144"
    "memorysetup-temp-allocator-size-gi-baking-worker=262144"
    "memorysetup-temp-allocator-size-gi-baking-worker=262144"
    "memorysetup-temp-allocator-size-gi-baking-worker=262144"
    "memorysetup-temp-allocator-size-gi-baking-worker=262144"
    "memorysetup-temp-allocator-size-nav-mesh-worker=65536"
    "memorysetup-temp-allocator-size-audio-worker=65536"
    "memorysetup-temp-allocator-size-cloud-worker=32768"
    "memorysetup-temp-allocator-size-gfx=262144"
    "memorysetup-temp-allocator-size-preload-manager=33554432"
    "memorysetup-temp-allocator-size-job-worker=262144"
    "memorysetup-temp-allocator-size-background-worker=32768"
    "memorysetup-allocator-temp-initial-block-size-main=262144"
    "memorysetup-allocator-temp-initial-block-size-worker=262144"
    "memorysetup-bucket-allocator-granularity=16"
    "memorysetup-bucket-allocator-bucket-count=8"
    "memorysetup-bucket-allocator-block-size=33554432"
    "memorysetup-bucket-allocator-block-count=8"
    "memorysetup-main-allocator-block-size=16777216"
    "memorysetup-thread-allocator-block-size=16777216"
    "memorysetup-gfx-main-allocator-block-size=16777216"
    "memorysetup-gfx-thread-allocator-block-size=16777216"
    "memorysetup-cache-allocator-block-size=4194304"
    "memorysetup-typetree-allocator-block-size=2097152"
    "memorysetup-profiler-bucket-allocator-granularity=16"
    "memorysetup-profiler-bucket-allocator-bucket-count=8"
    "memorysetup-profiler-bucket-allocator-block-size=33554432"
    "memorysetup-profiler-bucket-allocator-block-count=8"
    "memorysetup-profiler-allocator-block-size=16777216"
    "memorysetup-profiler-editor-allocator-block-size=1048576"
    "memorysetup-temp-allocator-size-main=16777216"
    "memorysetup-job-temp-allocator-block-size=2097152"
    "memorysetup-job-temp-allocator-block-size-background=1048576"
    "memorysetup-job-temp-allocator-reduction-small-platforms=262144"
Player connection [29424]  Target information:

Player connection [29424]  * "[IP] 10.0.0.34 [Port] 0 [Flags] 2 [Guid] 4245105817 [EditorId] 4245105817 [Version] 1048832 [Id] WindowsEditor(7,Basestation) [Debug] 1 [PackageName] WindowsEditor [ProjectName] Editor" 

Player connection [29424] Host joined multi-casting on [225.0.0.222:54997]...
Player connection [29424] Host joined alternative multi-casting on [225.0.0.222:34997]...
JobSystem: Creating JobQueue using job-worker-count value 11
Input System module state changed to: Initialized.
[Physics::Module] Initialized fallback backend.
[Physics::Module] Id: 0xdecafbad
Library Redirect Path: Library/
[Physics::Module] Selected backend.
[Physics::Module] Name: PhysX
[Physics::Module] Id: 0xf2b8ea05
[Physics::Module] SDK Version: 4.1.2
[Physics::Module] Integration Version: 1.0.0
[Physics::Module] Threading Mode: Multi-Threaded
Refreshing native plugins compatible for Editor in 3.42 ms, found 3 plugins.
Initialize engine version: 6000.4.1f1 (8535861f39e1)
[Subsystems] Discovering subsystems at path C:/Program Files/Unity/Hub/Editor/6000.4.1f1/Editor/Data/Resources/UnitySubsystems
[Subsystems] Discovering subsystems at path E:/IGB101/Assignment 3/IGB101 Assignment 3/Unity Project/Assets
Forcing GfxDevice: Direct3D 12
GfxDevice: creating device client; kGfxThreadingModeNonThreaded
d3d12: failed to query info queue interface (0x80004002).
Direct3D:
    Version:         Direct3D 12 [level 12.2]
    Renderer:        NVIDIA GeForce RTX 3060 Ti (ID=0x2489)
    Vendor:          NVIDIA
    VRAM:            8024 MB
    App VRAM Budget: 7256 MB
    Driver:          32.0.15.9649
Initialize mono
Mono path[0] = 'C:/Program Files/Unity/Hub/Editor/6000.4.1f1/Editor/Data/Managed'
Mono path[1] = 'C:/Program Files/Unity/Hub/Editor/6000.4.1f1/Editor/Data/MonoBleedingEdge/lib/mono/unityjit-win32'
Mono config path = 'C:/Program Files/Unity/Hub/Editor/6000.4.1f1/Editor/Data/MonoBleedingEdge/etc'
Using monoOptions --debugger-agent=transport=dt_socket,embedding=1,server=y,suspend=n,address=127.0.0.1:56752
CodeReloadManager initialized
Begin MonoManager ReloadAssembly
[Licensing::Client] Error: HandshakeResponse reported an error:
	ResponseCode: 505
	ResponseStatus: Unsupported protocol version '1.18.1'.
[Licensing::Module] Error: Failed to handshake to channel: "LicenseClient-Topher"
[Licensing::IpcConnector] LicenseClient-Topher channel disconnected successfully.
[Licensing::IpcConnector] Successfully connected to: "LicenseClient-Topher-6000.4.1" at "2026-05-30T22:42:25.6086122Z"
Registering precompiled unity dll's ...
Register platform support module: C:/Program Files/Unity/Hub/Editor/6000.4.1f1/Editor/Data/PlaybackEngines/WebGLSupport/UnityEditor.WebGL.Extensions.dll
Register platform support module: C:/Program Files/Unity/Hub/Editor/6000.4.1f1/Editor/Data/PlaybackEngines/MacStandaloneSupport/UnityEditor.OSXStandalone.Extensions.dll
Register platform support module: C:/Program Files/Unity/Hub/Editor/6000.4.1f1/Editor/Data/PlaybackEngines/WindowsStandaloneSupport/UnityEditor.WindowsStandalone.Extensions.dll
[Licensing::Module] Licensing is not yet initialized.
[Licensing::Client] Handshaking with LicensingClient:
  Version:                 1.18.1+9fbee8e
  Session Id:              a55ca658d93b4b2e86bba94d2eb77188
  Correlation Id:          1b4523989e0634530684a14472fe3b42
  External correlation Id: 1547277083052270588
  Machine Id:              iUDX2bORcETEJuoiLUZ8i8pfw80=
[Licensing::Module] Successfully connected to LicensingClient on channel: "LicenseClient-Topher-6000.4.1" (connect: 0.00s, validation: 0.02s, handshake: 1.05s)
[Licensing::IpcConnector] Successfully connected to: "LicenseClient-Topher-6000.4.1-notifications" at "2026-05-30T22:42:26.6759115Z"
[Licensing::Module] Licensing Background thread has ended after 2.36s
[Licensing::Module] Licensing is initialized (took 0.91s).
[Licensing::Client] Successfully resolved entitlement details
[Licensing::Module] License group:
  Id: 16768250851423-UnityPersXXXX
  Product: Unity Personal
  Type: Assigned
  Expiration: Unlimited
Register platform support module: C:/Program Files/Unity/Hub/Editor/6000.4.1f1/Editor/Data/PlaybackEngines/MetroSupport/UnityEditor.UWP.Extensions.dll
Register platform support module: C:/Program Files/Unity/Hub/Editor/6000.4.1f1/Editor/Data/PlaybackEngines/LinuxStandaloneSupport/UnityEditor.LinuxStandalone.Extensions.dll
Registered in 0.916156 seconds.
Native extension for LinuxStandalone target not found
Native extension for UWP target not found
Native extension for WindowsStandalone target not found
Native extension for OSXStandalone target not found
Native extension for WebGL target not found
Package Manager log level set to [2]
[Package Manager] Failed to launch server process. Reason: Unity was launched with the -noUpm command-line argument
[Package Manager] Unable to send message (not connected to server process).
[Package Manager] Cannot connect to Unity Package Manager local server
[Package Manager] Failed to launch server process. Reason: Unity was launched with the -noUpm command-line argument
[Package Manager] Unable to send message (not connected to server process).
[Package Manager] Cannot connect to Unity Package Manager local server
ScheduleIndexationOnStartup MainProcess:False IndexOnStartup:True
Mono: successfully reloaded assembly
- Finished resetting the current domain, in  0.520 seconds
Domain Reload Profiling: 2036ms
	BeginReloadAssembly (182ms)
	RebuildCommonClasses (50ms)
	RebuildNativeTypeToScriptingClass (22ms)
	initialDomainReloadingComplete (994ms)
	LoadAllAssembliesAndSetupDomain (266ms)
		LoadAssemblies (178ms)
		AnalyzeDomain (252ms)
			TypeCache.Refresh (251ms)
				TypeCache.ScanAssembly (232ms)
	FinalizeReload (522ms)
		SetupLoadedEditorAssemblies (0ms)
			InitializePlatformSupportModulesInManaged (63ms)
			BeforeProcessingInitializeOnLoad (110ms)
			ProcessInitializeOnLoadAttributes (150ms)
			ProcessInitializeOnLoadMethodAttributes (101ms)
========================================================================
Worker process is ready to serve import requests
Import Worker Mode flag is 0x00
Begin MonoManager ReloadAssembly
[Licensing::Client] Successfully resolved entitlement details
Assembly Assembly-CSharp-Editor-firstpass.dll at Library/ScriptAssemblies/Assembly-CSharp-Editor-firstpass.dll not valid. Loading of assembly skipped.
Assembly Assembly-CSharp-Editor.dll at Library/ScriptAssemblies/Assembly-CSharp-Editor.dll not valid. Loading of assembly skipped.
Assembly Assembly-CSharp-firstpass.dll at Library/ScriptAssemblies/Assembly-CSharp-firstpass.dll not valid. Loading of assembly skipped.
Assembly DocCodeExamples.dll at Library/ScriptAssemblies/DocCodeExamples.dll not valid. Loading of assembly skipped.
Assembly TestNewCustomAssembly.dll at Library/ScriptAssemblies/TestNewCustomAssembly.dll not valid. Loading of assembly skipped.
Assembly Unity.2D.Sprite.Package.EditorTests.dll at Library/ScriptAssemblies/Unity.2D.Sprite.Package.EditorTests.dll not valid. Loading of assembly skipped.
Assembly Unity.Collections.BurstCompatibilityGen.dll at Library/ScriptAssemblies/Unity.Collections.BurstCompatibilityGen.dll not valid. Loading of assembly skipped.
Assembly Unity.Collections.DocCodeSamples.dll at Library/ScriptAssemblies/Unity.Collections.DocCodeSamples.dll not valid. Loading of assembly skipped.
Assembly Unity.Collections.PerformanceTests.dll at Library/ScriptAssemblies/Unity.Collections.PerformanceTests.dll not valid. Loading of assembly skipped.
Assembly Unity.Collections.Tests.dll at Library/ScriptAssemblies/Unity.Collections.Tests.dll not valid. Loading of assembly skipped.
Assembly Unity.Collections.Tests.Playmode.dll at Library/ScriptAssemblies/Unity.Collections.Tests.Playmode.dll not valid. Loading of assembly skipped.
Assembly Unity.InputSystem.IntegrationTests.dll at Library/ScriptAssemblies/Unity.InputSystem.IntegrationTests.dll not valid. Loading of assembly skipped.
Assembly Unity.Mathematics.Tests.dll at Library/ScriptAssemblies/Unity.Mathematics.Tests.dll not valid. Loading of assembly skipped.
Assembly Unity.Multiplayer.Center.Editor.Tests.dll at Library/ScriptAssemblies/Unity.Multiplayer.Center.Editor.Tests.dll not valid. Loading of assembly skipped.
Assembly Unity.Multiplayer.Center.Tests.dll at Library/ScriptAssemblies/Unity.Multiplayer.Center.Tests.dll not valid. Loading of assembly skipped.
Assembly Unity.Nuget.Mono-Cecil.dll at Library/ScriptAssemblies/Unity.Nuget.Mono-Cecil.dll not valid. Loading of assembly skipped.
Assembly Unity.PathTracing.Editor.Tests.dll at Library/ScriptAssemblies/Unity.PathTracing.Editor.Tests.dll not valid. Loading of assembly skipped.
Assembly Unity.PathTracing.Runtime.Tests.dll at Library/ScriptAssemblies/Unity.PathTracing.Runtime.Tests.dll not valid. Loading of assembly skipped.
Assembly Unity.RenderPipelines.Core.Editor.Tests.dll at Library/ScriptAssemblies/Unity.RenderPipelines.Core.Editor.Tests.dll not valid. Loading of assembly skipped.
Assembly Unity.RenderPipelines.Core.Runtime.Tests.dll at Library/ScriptAssemblies/Unity.RenderPipelines.Core.Runtime.Tests.dll not valid. Loading of assembly skipped.
Assembly Unity.RenderPipelines.Universal.Config.Editor.Tests.dll at Library/ScriptAssemblies/Unity.RenderPipelines.Universal.Config.Editor.Tests.dll not valid. Loading of assembly skipped.
Assembly Unity.RenderPipelines.Universal.Editor.Tests.dll at Library/ScriptAssemblies/Unity.RenderPipelines.Universal.Editor.Tests.dll not valid. Loading of assembly skipped.
Assembly Unity.RenderPipelines.Universal.Runtime.Tests.dll at Library/ScriptAssemblies/Unity.RenderPipelines.Universal.Runtime.Tests.dll not valid. Loading of assembly skipped.
Assembly Unity.Searcher.EditorTests.dll at Library/ScriptAssemblies/Unity.Searcher.EditorTests.dll not valid. Loading of assembly skipped.
Assembly Unity.Settings.Tests.dll at Library/ScriptAssemblies/Unity.Settings.Tests.dll not valid. Loading of assembly skipped.
Assembly Unity.ShaderGraph.Editor.Tests.dll at Library/ScriptAssemblies/Unity.ShaderGraph.Editor.Tests.dll not valid. Loading of assembly skipped.
Assembly Unity.TextMeshPro.Editor.Tests.dll at Library/ScriptAssemblies/Unity.TextMeshPro.Editor.Tests.dll not valid. Loading of assembly skipped.
Assembly Unity.TextMeshPro.Tests.dll at Library/ScriptAssemblies/Unity.TextMeshPro.Tests.dll not valid. Loading of assembly skipped.
Assembly Unity.UnifiedRayTracing.Editor.Tests.dll at Library/ScriptAssemblies/Unity.UnifiedRayTracing.Editor.Tests.dll not valid. Loading of assembly skipped.
Assembly UnityEditor.UI.Common.Tests.dll at Library/ScriptAssemblies/UnityEditor.UI.Common.Tests.dll not valid. Loading of assembly skipped.
Assembly UnityEditor.UI.EditorTests.dll at Library/ScriptAssemblies/UnityEditor.UI.EditorTests.dll not valid. Loading of assembly skipped.
Assembly UnityEngine.UI.Tests.dll at Library/ScriptAssemblies/UnityEngine.UI.Tests.dll not valid. Loading of assembly skipped.
Native extension for LinuxStandalone target not found
Native extension for UWP target not found
Native extension for WindowsStandalone target not found
Native extension for OSXStandalone target not found
Native extension for WebGL target not found
[Package Manager] Failed to launch server process. Reason: Unity was launched with the -noUpm command-line argument
[Package Manager] Unable to send message (not connected to server process).
[Package Manager] Cannot connect to Unity Package Manager local server
[Package Manager] Failed to launch server process. Reason: Unity was launched with the -noUpm command-line argument
[Package Manager] Unable to send message (not connected to server process).
[Package Manager] Cannot connect to Unity Package Manager local server
[MODES] ModeService[none].Initialize
[MODES] ModeService[none].LoadModes
[MODES] Loading mode Default (0) for mode-current-id-Assignment 2
ScheduleIndexationOnStartup MainProcess:False IndexOnStartup:True
Mono: successfully reloaded assembly
- Finished resetting the current domain, in  1.014 seconds
Domain Reload Profiling: 1927ms
	BeginReloadAssembly (201ms)
		DisableScriptedObjects (6ms)
		CreateAndSetChildDomain (34ms)
	RebuildCommonClasses (45ms)
	RebuildNativeTypeToScriptingClass (15ms)
	initialDomainReloadingComplete (71ms)
	LoadAllAssembliesAndSetupDomain (580ms)
		LoadAssemblies (363ms)
		AnalyzeDomain (324ms)
			TypeCache.Refresh (210ms)
				TypeCache.ScanAssembly (194ms)
			BuildScriptInfoCaches (99ms)
			ResolveRequiredComponents (13ms)
	FinalizeReload (1015ms)
		SetupLoadedEditorAssemblies (0ms)
			InitializePlatformSupportModulesInManaged (5ms)
			BeforeProcessingInitializeOnLoad (184ms)
			ProcessInitializeOnLoadAttributes (422ms)
			ProcessInitializeOnLoadMethodAttributes (135ms)
			AfterProcessingInitializeOnLoad (8ms)
		AwakeInstancesAfterBackupRestoration (7ms)
Launched and connected shader compiler UnityShaderCompiler.exe after 1.47 seconds
Unloading 25 Unused Serialized files (Serialized files now loaded: 0)
Unloading 6714 unused Assets / (5.7 MB). Loaded Objects now: 7553.
Memory consumption went from 158.5 MB to 152.7 MB.
Total: 12.107600 ms (FindLiveObjects: 0.857600 ms CreateObjectMapping: 0.893500 ms MarkObjects: 6.515400 ms  DeleteObjects: 3.838300 ms)

========================================================================
Received Prepare
Unloading 25 Unused Serialized files (Serialized files now loaded: 0)
Unloading 6707 unused Assets / (5.5 MB). Loaded Objects now: 7554.
Memory consumption went from 160.5 MB to 155.0 MB.
Total: 11.528000 ms (FindLiveObjects: 0.684000 ms CreateObjectMapping: 0.374700 ms MarkObjects: 7.847800 ms  DeleteObjects: 2.620500 ms)

Prepare: number of updated asset objects reloaded= 0
========================================================================
Received Import Request.
  Time since last request: 13437.868227 seconds.
  path: Assets/Topher Assets/Models & Prefabs/PSX Mega Pack 3.1.3/Textures/display_mp_1_emission.mat
  importAddress: Guid(fd776a46122257546bea3d26b1f84f4b) Importer(2089858483,b0f066a214c2f5e87bad3c948f4d605d)
Start importing Assets/Topher Assets/Models & Prefabs/PSX Mega Pack 3.1.3/Textures/display_mp_1_emission.mat using Guid(fd776a46122257546bea3d26b1f84f4b) Importer(2089858483,b0f066a214c2f5e87bad3c948f4d605d) (ScriptedImporter) -> (Import Result ID: '8b3bb76b34e46ce540ecd8caca162ce2') in 0.4645617 seconds [static and dynamic dependencies]. Details - ImportResultOutputID=3acc2300b9ed1e60db39cee8b2b15c93 DependenciesID=bc8bd57b2fad0acabddf12d9803c2c70 StaticDependenciesID=a247bbd1d4a230be81eda3bf5bc9970d 
Number of updated asset objects reloaded before import = 0Number of asset objects unloaded after import = 2

========================================================================
Received Import Request.
  Time since last request: 0.195418 seconds.
  path: Assets/Topher Assets/Models & Prefabs/PSX Mega Pack 3.1.3/Textures/kitchen_knife_1.png
  importAddress: Guid(d719b727f8687bc45b2a089a52388195) Importer(2089858483,b0f066a214c2f5e87bad3c948f4d605d)
Start importing Assets/Topher Assets/Models & Prefabs/PSX Mega Pack 3.1.3/Textures/kitchen_knife_1.png using Guid(d719b727f8687bc45b2a089a52388195) Importer(2089858483,b0f066a214c2f5e87bad3c948f4d605d) (ScriptedImporter) -> (Import Result ID: '65e6d3fbd1db6e82fd26f964a2c0a0f0') in 0.3788056 seconds [static and dynamic dependencies]. Details - ImportResultOutputID=976b0a0231281c86a0d16a2c46d0e4e8 DependenciesID=4441345ddfa10fe17dafd14a904819f9 StaticDependenciesID=3a935ec15fffc3c9df5ad29bec91cd07 
Number of updated asset objects reloaded before import = 0Number of asset objects unloaded after import = 1

========================================================================
Received Import Request.
  Time since last request: 0.044326 seconds.
  path: Assets/Topher Assets/Models & Prefabs/PSX Mega Pack 3.1.3/Textures/matchbox_2.png
  importAddress: Guid(2de340d7f81ef5948923f2186d979b13) Importer(2089858483,b0f066a214c2f5e87bad3c948f4d605d)
Start importing Assets/Topher Assets/Models & Prefabs/PSX Mega Pack 3.1.3/Textures/matchbox_2.png using Guid(2de340d7f81ef5948923f2186d979b13) Importer(2089858483,b0f066a214c2f5e87bad3c948f4d605d) (ScriptedImporter) -> (Import Result ID: 'f19e896de9ae272ecc91e46829d8b506') in 1.8202775 seconds [static and dynamic dependencies]. Details - ImportResultOutputID=706e1cf976a10035bd84b279b376b237 DependenciesID=a9858effdacb33f5a4f491db9483a8de StaticDependenciesID=cca572afec7723223df605e0d9e3793b 
Number of updated asset objects reloaded before import = 0Number of asset objects unloaded after import = 1

========================================================================
Received Import Request.
  Time since last request: 0.000021 seconds.
  path: Assets/Topher Assets/Models & Prefabs/PSX Mega Pack 3.1.3/Textures/vhs_tape_1.png
  importAddress: Guid(9846613978e4c7f458f31579704b3451) Importer(2089858483,b0f066a214c2f5e87bad3c948f4d605d)
Start importing Assets/Topher Assets/Models & Prefabs/PSX Mega Pack 3.1.3/Textures/vhs_tape_1.png using Guid(9846613978e4c7f458f31579704b3451) Importer(2089858483,b0f066a214c2f5e87bad3c948f4d605d) (ScriptedImporter) -> (Import Result ID: '3719fab4057f3066a76348d53c9d9c18') in 0.1407788 seconds [static and dynamic dependencies]. Details - ImportResultOutputID=62ad31c0f8691bc34b52a95f686d8819 DependenciesID=c0ca51d0402ab7ca8cd816bbf1ffaffd StaticDependenciesID=ae26097a61305429976cdcd789bf9356 
Number of updated asset objects reloaded before import = 0Number of asset objects unloaded after import = 1

========================================================================
Received Import Request.
  Time since last request: 0.000030 seconds.
  path: Assets/Topher Assets/Models & Prefabs/PSX Mega Pack 3.1.3/Models/Modular Structures/floor_ceiling_1.fbx
  importAddress: Guid(d92b010b33dccde4dbde0ec510d4ac57) Importer(2089858483,b0f066a214c2f5e87bad3c948f4d605d)
Start importing Assets/Topher Assets/Models & Prefabs/PSX Mega Pack 3.1.3/Models/Modular Structures/floor_ceiling_1.fbx using Guid(d92b010b33dccde4dbde0ec510d4ac57) Importer(2089858483,b0f066a214c2f5e87bad3c948f4d605d) (ScriptedImporter) -> (Import Result ID: '7fb1f1ab73b9d0ed385c14b2208f5cbc') in 0.0853999 seconds [static and dynamic dependencies]. Details - ImportResultOutputID=0df6b2544b022b16db03823d69f6a66c DependenciesID=0167085c2b1d4dbbdec886dcc717f170 StaticDependenciesID=2cc520e31c66a8e7d1a4aa692a35269d 
Number of updated asset objects reloaded before import = 0Number of asset objects unloaded after import = 11

========================================================================
Received Import Request.
  Time since last request: 0.000023 seconds.
  path: Assets/Topher Assets/Models & Prefabs/PSX Mega Pack 3.1.3/Textures/window_2.png
  importAddress: Guid(f03b5d8a6248d7c4288012daf3277fa4) Importer(2089858483,b0f066a214c2f5e87bad3c948f4d605d)
Start importing Assets/Topher Assets/Models & Prefabs/PSX Mega Pack 3.1.3/Textures/window_2.png using Guid(f03b5d8a6248d7c4288012daf3277fa4) Importer(2089858483,b0f066a214c2f5e87bad3c948f4d605d) (ScriptedImporter) -> (Import Result ID: 'eb3b0aad9dc7020dbaca0aa3740e751a') in 2.0776607 seconds [static and dynamic dependencies]. Details - ImportResultOutputID=5e0c4735957e63ca4ecd26744a8a0e0a DependenciesID=2ebcd73de55fc1fed06cda63349d2b5c StaticDependenciesID=042a2d914f583b9ae5f4f1cfe7f9235a 
Number of updated asset objects reloaded before import = 0Number of asset objects unloaded after import = 1

========================================================================
Received Import Request.
  Time since last request: 0.000021 seconds.
  path: Assets/Topher Assets/Models & Prefabs/PSX Mega Pack 3.1.3/Textures/wooden_crate_2.png
  importAddress: Guid(243b0a3bf95a5d54081c4584724e36f9) Importer(2089858483,b0f066a214c2f5e87bad3c948f4d605d)
Start importing Assets/Topher Assets/Models & Prefabs/PSX Mega Pack 3.1.3/Textures/wooden_crate_2.png using Guid(243b0a3bf95a5d54081c4584724e36f9) Importer(2089858483,b0f066a214c2f5e87bad3c948f4d605d) (ScriptedImporter) -> (Import Result ID: '28d04aafc9d9c1d79a3f121ae28b1c8a') in 0.115491 seconds [static and dynamic dependencies]. Details - ImportResultOutputID=653f53224b51e3c4cd24859557252722 DependenciesID=6047cbd066ead76b426f4ac3a9870d33 StaticDependenciesID=415449ab990cd2e881eec45d88f0282f 
Number of updated asset objects reloaded before import = 0Number of asset objects unloaded after import = 1

========================================================================
Received Import Request.
  Time since last request: 0.000025 seconds.
  path: Assets/Topher Assets/Models & Prefabs/PSX Mega Pack 3.1.3/Models/Modular Structures/beam_4.fbx
  importAddress: Guid(8f4961a36b430c14ab9476e64a5e70a5) Importer(2089858483,b0f066a214c2f5e87bad3c948f4d605d)
Start importing Assets/Topher Assets/Models & Prefabs/PSX Mega Pack 3.1.3/Models/Modular Structures/beam_4.fbx using Guid(8f4961a36b430c14ab9476e64a5e70a5) Importer(2089858483,b0f066a214c2f5e87bad3c948f4d605d) (ScriptedImporter) -> (Import Result ID: 'b06bed41f0d9fa82667a1804216cbf27') in 0.3727441 seconds [static and dynamic dependencies]. Details - ImportResultOutputID=ce772943d86836c360108c11011e1d91 DependenciesID=b260e72325fa4e0c102cfb5fd85bb698 StaticDependenciesID=62c879777d2f7314e656dfd8243d63c3 
Number of updated asset objects reloaded before import = 0Number of asset objects unloaded after import = 9

========================================================================
Received Import Request.
  Time since last request: 0.000029 seconds.
  path: Assets/Topher Assets/Models & Prefabs/PSX Mega Pack 3.1.3/Textures/cobweb_1.png
  importAddress: Guid(799f460961550a74885c80eec9a78973) Importer(2089858483,b0f066a214c2f5e87bad3c948f4d605d)
Start importing Assets/Topher Assets/Models & Prefabs/PSX Mega Pack 3.1.3/Textures/cobweb_1.png using Guid(799f460961550a74885c80eec9a78973) Importer(2089858483,b0f066a214c2f5e87bad3c948f4d605d) (ScriptedImporter) -> (Import Result ID: 'f668af48ba12787eac89a0c5ef5f3bc7') in 0.3945717 seconds [static and dynamic dependencies]. Details - ImportResultOutputID=dc89501f15851468bd27d7b80dd8c39b DependenciesID=70dcf30cc4069457b7acc495343763e6 StaticDependenciesID=28aff2144c295cdc768fa4a11f35ca58 
Number of updated asset objects reloaded before import = 0Number of asset objects unloaded after import = 1

========================================================================
Received Import Request.
  Time since last request: 0.000032 seconds.
  path: Assets/Topher Assets/Models & Prefabs/PSX Mega Pack 3.1.3/Textures/cell_phone_3.png
  importAddress: Guid(47e013440267ff544b1c00a249c3db55) Importer(2089858483,b0f066a214c2f5e87bad3c948f4d605d)
Start importing Assets/Topher Assets/Models & Prefabs/PSX Mega Pack 3.1.3/Textures/cell_phone_3.png using Guid(47e013440267ff544b1c00a249c3db55) Importer(2089858483,b0f066a214c2f5e87bad3c948f4d605d) (ScriptedImporter) -> (Import Result ID: '904853f601aa963ffb6e76ee9d47ce73') in 0.5092379 seconds [static and dynamic dependencies]. Details - ImportResultOutputID=dc46accaa75a28c3b33b988b4506a371 DependenciesID=e0a21a1580e986a87469afac5453b254 StaticDependenciesID=8c5d3bd3f7b49dbb165534047588be25 
Number of updated asset objects reloaded before import = 0Number of asset objects unloaded after import = 1

========================================================================
Received Import Request.
  Time since last request: 0.000021 seconds.
  path: Assets/Topher Assets/Models & Prefabs/PSX Mega Pack 3.1.3/Models/Modular Structures/elevator_doorway_2.fbx
  importAddress: Guid(a8600837035b7864cbac7428b90621ad) Importer(2089858483,b0f066a214c2f5e87bad3c948f4d605d)
Start importing Assets/Topher Assets/Models & Prefabs/PSX Mega Pack 3.1.3/Models/Modular Structures/elevator_doorway_2.fbx using Guid(a8600837035b7864cbac7428b90621ad) Importer(2089858483,b0f066a214c2f5e87bad3c948f4d605d) (ScriptedImporter) -> (Import Result ID: '85b73db3c0d485fd86ca5a7e68c8e7f1') in 0.4318946 seconds [static and dynamic dependencies]. Details - ImportResultOutputID=ac9c9c140a268d2ecd44c84205b8f603 DependenciesID=e41a73d78a425030bef2972ef929febf StaticDependenciesID=04cdf357d6ef8209dec944a8888cadc5 
Number of updated asset objects reloaded before import = 0Number of asset objects unloaded after import = 18

========================================================================
Received Import Request.
  Time since last request: 0.000030 seconds.
  path: Assets/Topher Assets/Models & Prefabs/PSX Mega Pack 3.1.3/Textures/door_3.png
  importAddress: Guid(37a02f6354b40674eab18f7016e3e2c4) Importer(2089858483,b0f066a214c2f5e87bad3c948f4d605d)
Start importing Assets/Topher Assets/Models & Prefabs/PSX Mega Pack 3.1.3/Textures/door_3.png using Guid(37a02f6354b40674eab18f7016e3e2c4) Importer(2089858483,b0f066a214c2f5e87bad3c948f4d605d) (ScriptedImporter) -> (Import Result ID: 'b0db4f5a518936cadd3adf20af8d1fa3') in 0.378619 seconds [static and dynamic dependencies]. Details - ImportResultOutputID=00ce720752098b8a8a1f96f6f5ec91e1 DependenciesID=877e5c60005d8a25a7283d03eb05b821 StaticDependenciesID=b89441f5abe6803a9e63df76441591b8 
Number of updated asset objects reloaded before import = 0Number of asset objects unloaded after import = 1

========================================================================
Received Import Request.
  Time since last request: 0.000020 seconds.
  path: Assets/Topher Assets/Models & Prefabs/PSX Mega Pack 3.1.3/Textures/plastic_4.png
  importAddress: Guid(04d755689278fe84baf1ca45c243db42) Importer(2089858483,b0f066a214c2f5e87bad3c948f4d605d)
Start importing Assets/Topher Assets/Models & Prefabs/PSX Mega Pack 3.1.3/Textures/plastic_4.png using Guid(04d755689278fe84baf1ca45c243db42) Importer(2089858483,b0f066a214c2f5e87bad3c948f4d605d) (ScriptedImporter) -> (Import Result ID: '191cfc1c10957900f1a18fd2d603e16b') in 0.4982537 seconds [static and dynamic dependencies]. Details - ImportResultOutputID=ae096cd852770bcb3dae3d80e2e4b04d DependenciesID=f315eb9585500edfd97d1f2cbcfb6772 StaticDependenciesID=ce866bf42fd0c4492532e16e8f300ab9 
Number of updated asset objects reloaded before import = 0Number of asset objects unloaded after import = 1

========================================================================
Received Import Request.
  Time since last request: 0.000029 seconds.
  path: Assets/Topher Assets/Models & Prefabs/PSX Mega Pack 3.1.3/Textures/concrete_block_1.png
  importAddress: Guid(7b0b679ab4870e94eac3ceb45e4e305e) Importer(2089858483,b0f066a214c2f5e87bad3c948f4d605d)
Start importing Assets/Topher Assets/Models & Prefabs/PSX Mega Pack 3.1.3/Textures/concrete_block_1.png using Guid(7b0b679ab4870e94eac3ceb45e4e305e) Importer(2089858483,b0f066a214c2f5e87bad3c948f4d605d) (ScriptedImporter) -> (Import Result ID: '4b01cf39f4299154a559da541713b5a5') in 0.4720751 seconds [static and dynamic dependencies]. Details - ImportResultOutputID=c97f59d3dad2caf9921de462f2ebcedd DependenciesID=454d4ff57d4c440c4c8504d6a545c8de StaticDependenciesID=4cb3b536bb9202fda600c9938459355f 
Number of updated asset objects reloaded before import = 0Number of asset objects unloaded after import = 1

========================================================================
Received Import Request.
  Time since last request: 0.000021 seconds.
  path: Assets/Topher Assets/Models & Prefabs/PSX Mega Pack 3.1.3/Textures/window_2_alpha.png
  importAddress: Guid(4f90ecadb7e55a740aa0dddc6263a60c) Importer(2089858483,b0f066a214c2f5e87bad3c948f4d605d)
Start importing Assets/Topher Assets/Models & Prefabs/PSX Mega Pack 3.1.3/Textures/window_2_alpha.png using Guid(4f90ecadb7e55a740aa0dddc6263a60c) Importer(2089858483,b0f066a214c2f5e87bad3c948f4d605d) (ScriptedImporter) -> (Import Result ID: '2d7c2ec50b731d144a3ce216b8bd386d') in 1.0641261 seconds [static and dynamic dependencies]. Details - ImportResultOutputID=fd718edcb3f71bca73bfedf319968c3c DependenciesID=689e0684fe75717b64d12724252e96aa StaticDependenciesID=1a514c2226b9a37cfdbd18ecb96234bf 
Number of updated asset objects reloaded before import = 0Number of asset objects unloaded after import = 1

========================================================================
Received Import Request.
  Time since last request: 0.000031 seconds.
  path: Assets/Topher Assets/Materials/obsidian/obsidian_preview.jpg
  importAddress: Guid(6d0996904921735418e0e1e396f0b7d4) Importer(2089858483,b0f066a214c2f5e87bad3c948f4d605d)
Start importing Assets/Topher Assets/Materials/obsidian/obsidian_preview.jpg using Guid(6d0996904921735418e0e1e396f0b7d4) Importer(2089858483,b0f066a214c2f5e87bad3c948f4d605d) (ScriptedImporter) -> (Import Result ID: 'd7f85e1a31df7e54b8db27fac0727aea') in 0.5368276 seconds [static and dynamic dependencies]. Details - ImportResultOutputID=cd88c998da4be634192c003bb2b6f3d3 DependenciesID=d8179b01622e654a684e28796ccdfb44 StaticDependenciesID=e46f54b4c206d131bd1e5c1ffa2d4d72 
Number of updated asset objects reloaded before import = 0Number of asset objects unloaded after import = 1

========================================================================
Received Import Request.
  Time since last request: 0.000027 seconds.
  path: Assets/Topher Assets/Materials/Coat of arms/Coat of Arms.mat
  importAddress: Guid(ac8eb1a9182ff704faecd4049a29c182) Importer(2089858483,b0f066a214c2f5e87bad3c948f4d605d)
Start importing Assets/Topher Assets/Materials/Coat of arms/Coat of Arms.mat using Guid(ac8eb1a9182ff704faecd4049a29c182) Importer(2089858483,b0f066a214c2f5e87bad3c948f4d605d) (ScriptedImporter) -> (Import Result ID: '43b939c4395a9ff93393950e2366c2da') in 0.2531994 seconds [static and dynamic dependencies]. Details - ImportResultOutputID=302b53f1b20638be451f1965e30500d9 DependenciesID=62e2fd64014c4b2ae13e040e4f32c427 StaticDependenciesID=2cf740e0d93a051ed12863944f4b2a50 
Number of updated asset objects reloaded before import = 0Number of asset objects unloaded after import = 2

========================================================================
Received Import Request.
  Time since last request: 0.000032 seconds.
  path: Assets/Topher Assets/Models & Prefabs/PSX Mega Pack 3.1.3/Textures/button_12.png
  importAddress: Guid(34df797baab125446842d481291e915e) Importer(2089858483,b0f066a214c2f5e87bad3c948f4d605d)
Start importing Assets/Topher Assets/Models & Prefabs/PSX Mega Pack 3.1.3/Textures/button_12.png using Guid(34df797baab125446842d481291e915e) Importer(2089858483,b0f066a214c2f5e87bad3c948f4d605d) (ScriptedImporter) -> (Import Result ID: '8486eab1fcaeadb713bc245ffcf88799') in 0.5227642 seconds [static and dynamic dependencies]. Details - ImportResultOutputID=343e948001b9f042468b9db48641df8b DependenciesID=8421ae7eb863a97475228faf14c8203d StaticDependenciesID=890cc6bffb7b9232dbe6a7d277acc488 
Number of updated asset objects reloaded before import = 0Number of asset objects unloaded after import = 1

========================================================================
Received Import Request.
  Time since last request: 0.000018 seconds.
  path: Assets/Topher Assets/Materials/obsidian/obsidian_metallic.psd
  importAddress: Guid(9742e8a12485a664798c3c9d7119512b) Importer(2089858483,b0f066a214c2f5e87bad3c948f4d605d)
Start importing Assets/Topher Assets/Materials/obsidian/obsidian_metallic.psd using Guid(9742e8a12485a664798c3c9d7119512b) Importer(2089858483,b0f066a214c2f5e87bad3c948f4d605d) (ScriptedImporter) -> (Import Result ID: 'c7a286c6c2701da881e48828176689b6') in 0.2298461 seconds [static and dynamic dependencies]. Details - ImportResultOutputID=6d1ade846b57be7357e9108aedf3db4e DependenciesID=087d196b523b22c4ea9f50eacf2ccb5a StaticDependenciesID=99623d5efdd818d1df1b205e4ed35059 
Number of updated asset objects reloaded before import = 0Number of asset objects unloaded after import = 1

========================================================================
Received Import Request.
  Time since last request: 0.000031 seconds.
  path: Assets/Topher Assets/Materials/BloodMoon/Blood Moon.mat
  importAddress: Guid(e4fda4ed5f4724946a3c1cbbe170eda7) Importer(2089858483,b0f066a214c2f5e87bad3c948f4d605d)
Start importing Assets/Topher Assets/Materials/BloodMoon/Blood Moon.mat using Guid(e4fda4ed5f4724946a3c1cbbe170eda7) Importer(2089858483,b0f066a214c2f5e87bad3c948f4d605d) (ScriptedImporter) -> (Import Result ID: '5b328b3f55a50efd3985090bdec89db5') in 0.2549658 seconds [static and dynamic dependencies]. Details - ImportResultOutputID=b51d2ea9ff4f48e61610ebb19c3d5833 DependenciesID=29d2180ae7e3aa720814a0444676c30d StaticDependenciesID=e6f0955fa7ab953a6e71fbd8b133b639 
Number of updated asset objects reloaded before import = 0Number of asset objects unloaded after import = 2

========================================================================
Received Import Request.
  Time since last request: 0.000022 seconds.
  path: Assets/Topher Assets/Models & Prefabs/PSX Mega Pack 3.1.3/Textures/door_mp_1.png
  importAddress: Guid(8cea336c842c0fb4e929a6b2da3eafd8) Importer(2089858483,b0f066a214c2f5e87bad3c948f4d605d)
Start importing Assets/Topher Assets/Models & Prefabs/PSX Mega Pack 3.1.3/Textures/door_mp_1.png using Guid(8cea336c842c0fb4e929a6b2da3eafd8) Importer(2089858483,b0f066a214c2f5e87bad3c948f4d605d) (ScriptedImporter) -> (Import Result ID: 'a10513af5dec786b53599dc716704bc7') in 0.2686417 seconds [static and dynamic dependencies]. Details - ImportResultOutputID=606b42616a006d828cb408948ba9ef19 DependenciesID=c3b66100e8c1a51efab5921d43ce537e StaticDependenciesID=902fdb94467a3522370ecc93331fa9cf 
Number of updated asset objects reloaded before import = 0Number of asset objects unloaded after import = 1

========================================================================
Received Import Request.
  Time since last request: 0.000039 seconds.
  path: Assets/Topher Assets/Materials/obsidian/obsidian_height.png
  importAddress: Guid(28bb0e952b575b64a9189a46c9cca47e) Importer(2089858483,b0f066a214c2f5e87bad3c948f4d605d)
Start importing Assets/Topher Assets/Materials/obsidian/obsidian_height.png using Guid(28bb0e952b575b64a9189a46c9cca47e) Importer(2089858483,b0f066a214c2f5e87bad3c948f4d605d) (ScriptedImporter) -> (Import Result ID: '23fc3ff5f956d67f9dd079d82fb02341') in 0.2728779 seconds [static and dynamic dependencies]. Details - ImportResultOutputID=9f2a5eff4b57426203a580c866a7d383 DependenciesID=4914658119b152b922827a807ebfb1cd StaticDependenciesID=b5e10c5961dbf68ceff8170140dd81e6 
Number of updated asset objects reloaded before import = 0Number of asset objects unloaded after import = 1

========================================================================
Received Prepare
Begin MonoManager ReloadAssembly
Assembly Assembly-CSharp-Editor-firstpass.dll at Library/ScriptAssemblies/Assembly-CSharp-Editor-firstpass.dll not valid. Loading of assembly skipped.
Assembly Assembly-CSharp-Editor.dll at Library/ScriptAssemblies/Assembly-CSharp-Editor.dll not valid. Loading of assembly skipped.
Assembly Assembly-CSharp-firstpass.dll at Library/ScriptAssemblies/Assembly-CSharp-firstpass.dll not valid. Loading of assembly skipped.
Assembly DocCodeExamples.dll at Library/ScriptAssemblies/DocCodeExamples.dll not valid. Loading of assembly skipped.
Assembly TestNewCustomAssembly.dll at Library/ScriptAssemblies/TestNewCustomAssembly.dll not valid. Loading of assembly skipped.
Assembly Unity.2D.Sprite.Package.EditorTests.dll at Library/ScriptAssemblies/Unity.2D.Sprite.Package.EditorTests.dll not valid. Loading of assembly skipped.
Assembly Unity.Collections.BurstCompatibilityGen.dll at Library/ScriptAssemblies/Unity.Collections.BurstCompatibilityGen.dll not valid. Loading of assembly skipped.
Assembly Unity.Collections.DocCodeSamples.dll at Library/ScriptAssemblies/Unity.Collections.DocCodeSamples.dll not valid. Loading of assembly skipped.
Assembly Unity.Collections.PerformanceTests.dll at Library/ScriptAssemblies/Unity.Collections.PerformanceTests.dll not valid. Loading of assembly skipped.
Assembly Unity.Collections.Tests.dll at Library/ScriptAssemblies/Unity.Collections.Tests.dll not valid. Loading of assembly skipped.
Assembly Unity.Collections.Tests.Playmode.dll at Library/ScriptAssemblies/Unity.Collections.Tests.Playmode.dll not valid. Loading of assembly skipped.
Assembly Unity.InputSystem.IntegrationTests.dll at Library/ScriptAssemblies/Unity.InputSystem.IntegrationTests.dll not valid. Loading of assembly skipped.
Assembly Unity.Mathematics.Tests.dll at Library/ScriptAssemblies/Unity.Mathematics.Tests.dll not valid. Loading of assembly skipped.
Assembly Unity.Multiplayer.Center.Editor.Tests.dll at Library/ScriptAssemblies/Unity.Multiplayer.Center.Editor.Tests.dll not valid. Loading of assembly skipped.
Assembly Unity.Multiplayer.Center.Tests.dll at Library/ScriptAssemblies/Unity.Multiplayer.Center.Tests.dll not valid. Loading of assembly skipped.
Assembly Unity.Nuget.Mono-Cecil.dll at Library/ScriptAssemblies/Unity.Nuget.Mono-Cecil.dll not valid. Loading of assembly skipped.
Assembly Unity.PathTracing.Editor.Tests.dll at Library/ScriptAssemblies/Unity.PathTracing.Editor.Tests.dll not valid. Loading of assembly skipped.
Assembly Unity.PathTracing.Runtime.Tests.dll at Library/ScriptAssemblies/Unity.PathTracing.Runtime.Tests.dll not valid. Loading of assembly skipped.
Assembly Unity.RenderPipelines.Core.Editor.Tests.dll at Library/ScriptAssemblies/Unity.RenderPipelines.Core.Editor.Tests.dll not valid. Loading of assembly skipped.
Assembly Unity.RenderPipelines.Core.Runtime.Tests.dll at Library/ScriptAssemblies/Unity.RenderPipelines.Core.Runtime.Tests.dll not valid. Loading of assembly skipped.
Assembly Unity.RenderPipelines.Universal.Config.Editor.Tests.dll at Library/ScriptAssemblies/Unity.RenderPipelines.Universal.Config.Editor.Tests.dll not valid. Loading of assembly skipped.
Assembly Unity.RenderPipelines.Universal.Editor.Tests.dll at Library/ScriptAssemblies/Unity.RenderPipelines.Universal.Editor.Tests.dll not valid. Loading of assembly skipped.
Assembly Unity.RenderPipelines.Universal.Runtime.Tests.dll at Library/ScriptAssemblies/Unity.RenderPipelines.Universal.Runtime.Tests.dll not valid. Loading of assembly skipped.
Assembly Unity.Searcher.EditorTests.dll at Library/ScriptAssemblies/Unity.Searcher.EditorTests.dll not valid. Loading of assembly skipped.
Assembly Unity.Settings.Tests.dll at Library/ScriptAssemblies/Unity.Settings.Tests.dll not valid. Loading of assembly skipped.
Assembly Unity.ShaderGraph.Editor.Tests.dll at Library/ScriptAssemblies/Unity.ShaderGraph.Editor.Tests.dll not valid. Loading of assembly skipped.
Assembly Unity.TextMeshPro.Editor.Tests.dll at Library/ScriptAssemblies/Unity.TextMeshPro.Editor.Tests.dll not valid. Loading of assembly skipped.
Assembly Unity.TextMeshPro.Tests.dll at Library/ScriptAssemblies/Unity.TextMeshPro.Tests.dll not valid. Loading of assembly skipped.
Assembly Unity.UnifiedRayTracing.Editor.Tests.dll at Library/ScriptAssemblies/Unity.UnifiedRayTracing.Editor.Tests.dll not valid. Loading of assembly skipped.
Assembly UnityEditor.UI.Common.Tests.dll at Library/ScriptAssemblies/UnityEditor.UI.Common.Tests.dll not valid. Loading of assembly skipped.
Assembly UnityEditor.UI.EditorTests.dll at Library/ScriptAssemblies/UnityEditor.UI.EditorTests.dll not valid. Loading of assembly skipped.
Assembly UnityEngine.UI.Tests.dll at Library/ScriptAssemblies/UnityEngine.UI.Tests.dll not valid. Loading of assembly skipped.
Native extension for LinuxStandalone target not found
Native extension for UWP target not found
Native extension for WindowsStandalone target not found
Native extension for OSXStandalone target not found
Native extension for WebGL target not found
[Package Manager] Failed to launch server process. Reason: Unity was launched with the -noUpm command-line argument
[Package Manager] Unable to send message (not connected to server process).
[Package Manager] Cannot connect to Unity Package Manager local server
[Package Manager] Failed to launch server process. Reason: Unity was launched with the -noUpm command-line argument
[Package Manager] Unable to send message (not connected to server process).
[Package Manager] Cannot connect to Unity Package Manager local server
[MODES] ModeService[none].Initialize
[MODES] ModeService[none].LoadModes
ScheduleIndexationOnStartup MainProcess:False IndexOnStartup:True
Mono: successfully reloaded assembly
- Finished resetting the current domain, in  0.928 seconds
Domain Reload Profiling: 1823ms
	BeginReloadAssembly (237ms)
		DisableScriptedObjects (7ms)
		CreateAndSetChildDomain (54ms)
	RebuildCommonClasses (47ms)
	RebuildNativeTypeToScriptingClass (15ms)
	initialDomainReloadingComplete (69ms)
	LoadAllAssembliesAndSetupDomain (526ms)
		LoadAssemblies (392ms)
		AnalyzeDomain (241ms)
			TypeCache.Refresh (17ms)
			BuildScriptInfoCaches (206ms)
			ResolveRequiredComponents (15ms)
	FinalizeReload (928ms)
		SetupLoadedEditorAssemblies (0ms)
			InitializePlatformSupportModulesInManaged (4ms)
			BeforeProcessingInitializeOnLoad (191ms)
			ProcessInitializeOnLoadAttributes (357ms)
			ProcessInitializeOnLoadMethodAttributes (144ms)
			AfterProcessingInitializeOnLoad (10ms)
		AwakeInstancesAfterBackupRestoration (20ms)
Unloading 25 Unused Serialized files (Serialized files now loaded: 0)
Unloading 6714 unused Assets / (7.9 MB). Loaded Objects now: 7572.
Memory consumption went from 171.5 MB to 163.6 MB.
Total: 16.060200 ms (FindLiveObjects: 0.872200 ms CreateObjectMapping: 0.413700 ms MarkObjects: 9.225800 ms  DeleteObjects: 5.547100 ms)

Prepare: number of updated asset objects reloaded= 0
========================================================================
Received Prepare
Begin MonoManager ReloadAssembly
[Licensing::Client] Successfully resolved entitlement details
Assembly Assembly-CSharp-Editor-firstpass.dll at Library/ScriptAssemblies/Assembly-CSharp-Editor-firstpass.dll not valid. Loading of assembly skipped.
Assembly Assembly-CSharp-Editor.dll at Library/ScriptAssemblies/Assembly-CSharp-Editor.dll not valid. Loading of assembly skipped.
Assembly Assembly-CSharp-firstpass.dll at Library/ScriptAssemblies/Assembly-CSharp-firstpass.dll not valid. Loading of assembly skipped.
Assembly DocCodeExamples.dll at Library/ScriptAssemblies/DocCodeExamples.dll not valid. Loading of assembly skipped.
Assembly TestNewCustomAssembly.dll at Library/ScriptAssemblies/TestNewCustomAssembly.dll not valid. Loading of assembly skipped.
Assembly Unity.2D.Sprite.Package.EditorTests.dll at Library/ScriptAssemblies/Unity.2D.Sprite.Package.EditorTests.dll not valid. Loading of assembly skipped.
Assembly Unity.Collections.BurstCompatibilityGen.dll at Library/ScriptAssemblies/Unity.Collections.BurstCompatibilityGen.dll not valid. Loading of assembly skipped.
Assembly Unity.Collections.DocCodeSamples.dll at Library/ScriptAssemblies/Unity.Collections.DocCodeSamples.dll not valid. Loading of assembly skipped.
Assembly Unity.Collections.PerformanceTests.dll at Library/ScriptAssemblies/Unity.Collections.PerformanceTests.dll not valid. Loading of assembly skipped.
Assembly Unity.Collections.Tests.dll at Library/ScriptAssemblies/Unity.Collections.Tests.dll not valid. Loading of assembly skipped.
Assembly Unity.Collections.Tests.Playmode.dll at Library/ScriptAssemblies/Unity.Collections.Tests.Playmode.dll not valid. Loading of assembly skipped.
Assembly Unity.InputSystem.IntegrationTests.dll at Library/ScriptAssemblies/Unity.InputSystem.IntegrationTests.dll not valid. Loading of assembly skipped.
Assembly Unity.Mathematics.Tests.dll at Library/ScriptAssemblies/Unity.Mathematics.Tests.dll not valid. Loading of assembly skipped.
Assembly Unity.Multiplayer.Center.Editor.Tests.dll at Library/ScriptAssemblies/Unity.Multiplayer.Center.Editor.Tests.dll not valid. Loading of assembly skipped.
Assembly Unity.Multiplayer.Center.Tests.dll at Library/ScriptAssemblies/Unity.Multiplayer.Center.Tests.dll not valid. Loading of assembly skipped.
Assembly Unity.Nuget.Mono-Cecil.dll at Library/ScriptAssemblies/Unity.Nuget.Mono-Cecil.dll not valid. Loading of assembly skipped.
Assembly Unity.PathTracing.Editor.Tests.dll at Library/ScriptAssemblies/Unity.PathTracing.Editor.Tests.dll not valid. Loading of assembly skipped.
Assembly Unity.PathTracing.Runtime.Tests.dll at Library/ScriptAssemblies/Unity.PathTracing.Runtime.Tests.dll not valid. Loading of assembly skipped.
Assembly Unity.RenderPipelines.Core.Editor.Tests.dll at Library/ScriptAssemblies/Unity.RenderPipelines.Core.Editor.Tests.dll not valid. Loading of assembly skipped.
Assembly Unity.RenderPipelines.Core.Runtime.Tests.dll at Library/ScriptAssemblies/Unity.RenderPipelines.Core.Runtime.Tests.dll not valid. Loading of assembly skipped.
Assembly Unity.RenderPipelines.Universal.Config.Editor.Tests.dll at Library/ScriptAssemblies/Unity.RenderPipelines.Universal.Config.Editor.Tests.dll not valid. Loading of assembly skipped.
Assembly Unity.RenderPipelines.Universal.Editor.Tests.dll at Library/ScriptAssemblies/Unity.RenderPipelines.Universal.Editor.Tests.dll not valid. Loading of assembly skipped.
Assembly Unity.RenderPipelines.Universal.Runtime.Tests.dll at Library/ScriptAssemblies/Unity.RenderPipelines.Universal.Runtime.Tests.dll not valid. Loading of assembly skipped.
Assembly Unity.Searcher.EditorTests.dll at Library/ScriptAssemblies/Unity.Searcher.EditorTests.dll not valid. Loading of assembly skipped.
Assembly Unity.Settings.Tests.dll at Library/ScriptAssemblies/Unity.Settings.Tests.dll not valid. Loading of assembly skipped.
Assembly Unity.ShaderGraph.Editor.Tests.dll at Library/ScriptAssemblies/Unity.ShaderGraph.Editor.Tests.dll not valid. Loading of assembly skipped.
Assembly Unity.TextMeshPro.Editor.Tests.dll at Library/ScriptAssemblies/Unity.TextMeshPro.Editor.Tests.dll not valid. Loading of assembly skipped.
Assembly Unity.TextMeshPro.Tests.dll at Library/ScriptAssemblies/Unity.TextMeshPro.Tests.dll not valid. Loading of assembly skipped.
Assembly Unity.UnifiedRayTracing.Editor.Tests.dll at Library/ScriptAssemblies/Unity.UnifiedRayTracing.Editor.Tests.dll not valid. Loading of assembly skipped.
Assembly UnityEditor.UI.Common.Tests.dll at Library/ScriptAssemblies/UnityEditor.UI.Common.Tests.dll not valid. Loading of assembly skipped.
Assembly UnityEditor.UI.EditorTests.dll at Library/ScriptAssemblies/UnityEditor.UI.EditorTests.dll not valid. Loading of assembly skipped.
Assembly UnityEngine.UI.Tests.dll at Library/ScriptAssemblies/UnityEngine.UI.Tests.dll not valid. Loading of assembly skipped.
Native extension for LinuxStandalone target not found
Native extension for UWP target not found
Native extension for WindowsStandalone target not found
Native extension for OSXStandalone target not found
Native extension for WebGL target not found
[Package Manager] Failed to launch server process. Reason: Unity was launched with the -noUpm command-line argument
[Package Manager] Unable to send message (not connected to server process).
[Package Manager] Cannot connect to Unity Package Manager local server
[Package Manager] Failed to launch server process. Reason: Unity was launched with the -noUpm command-line argument
[Package Manager] Unable to send message (not connected to server process).
[Package Manager] Cannot connect to Unity Package Manager local server
[MODES] ModeService[none].Initialize
[MODES] ModeService[none].LoadModes
ScheduleIndexationOnStartup MainProcess:False IndexOnStartup:True
Mono: successfully reloaded assembly
- Finished resetting the current domain, in  0.894 seconds
Domain Reload Profiling: 1746ms
	BeginReloadAssembly (236ms)
		DisableScriptedObjects (8ms)
		CreateAndSetChildDomain (51ms)
	RebuildCommonClasses (41ms)
	RebuildNativeTypeToScriptingClass (14ms)
	initialDomainReloadingComplete (62ms)
	LoadAllAssembliesAndSetupDomain (499ms)
		LoadAssemblies (366ms)
		AnalyzeDomain (234ms)
			TypeCache.Refresh (10ms)
			BuildScriptInfoCaches (208ms)
			ResolveRequiredComponents (13ms)
	FinalizeReload (894ms)
		SetupLoadedEditorAssemblies (0ms)
			InitializePlatformSupportModulesInManaged (4ms)
			BeforeProcessingInitializeOnLoad (180ms)
			ProcessInitializeOnLoadAttributes (357ms)
			ProcessInitializeOnLoadMethodAttributes (134ms)
			AfterProcessingInitializeOnLoad (8ms)
		AwakeInstancesAfterBackupRestoration (19ms)
Unloading 25 Unused Serialized files (Serialized files now loaded: 0)
Unloading 6713 unused Assets / (5.4 MB). Loaded Objects now: 7575.
Memory consumption went from 174.9 MB to 169.4 MB.
Total: 9.580100 ms (FindLiveObjects: 0.706100 ms CreateObjectMapping: 0.444500 ms MarkObjects: 5.861100 ms  DeleteObjects: 2.567200 ms)

Prepare: number of updated asset objects reloaded= 0
========================================================================
Received Prepare
Begin MonoManager ReloadAssembly
Assembly Assembly-CSharp-Editor-firstpass.dll at Library/ScriptAssemblies/Assembly-CSharp-Editor-firstpass.dll not valid. Loading of assembly skipped.
Assembly Assembly-CSharp-Editor.dll at Library/ScriptAssemblies/Assembly-CSharp-Editor.dll not valid. Loading of assembly skipped.
Assembly Assembly-CSharp-firstpass.dll at Library/ScriptAssemblies/Assembly-CSharp-firstpass.dll not valid. Loading of assembly skipped.
Assembly DocCodeExamples.dll at Library/ScriptAssemblies/DocCodeExamples.dll not valid. Loading of assembly skipped.
Assembly TestNewCustomAssembly.dll at Library/ScriptAssemblies/TestNewCustomAssembly.dll not valid. Loading of assembly skipped.
Assembly Unity.2D.Sprite.Package.EditorTests.dll at Library/ScriptAssemblies/Unity.2D.Sprite.Package.EditorTests.dll not valid. Loading of assembly skipped.
Assembly Unity.Collections.BurstCompatibilityGen.dll at Library/ScriptAssemblies/Unity.Collections.BurstCompatibilityGen.dll not valid. Loading of assembly skipped.
Assembly Unity.Collections.DocCodeSamples.dll at Library/ScriptAssemblies/Unity.Collections.DocCodeSamples.dll not valid. Loading of assembly skipped.
Assembly Unity.Collections.PerformanceTests.dll at Library/ScriptAssemblies/Unity.Collections.PerformanceTests.dll not valid. Loading of assembly skipped.
Assembly Unity.Collections.Tests.dll at Library/ScriptAssemblies/Unity.Collections.Tests.dll not valid. Loading of assembly skipped.
Assembly Unity.Collections.Tests.Playmode.dll at Library/ScriptAssemblies/Unity.Collections.Tests.Playmode.dll not valid. Loading of assembly skipped.
Assembly Unity.InputSystem.IntegrationTests.dll at Library/ScriptAssemblies/Unity.InputSystem.IntegrationTests.dll not valid. Loading of assembly skipped.
Assembly Unity.Mathematics.Tests.dll at Library/ScriptAssemblies/Unity.Mathematics.Tests.dll not valid. Loading of assembly skipped.
Assembly Unity.Multiplayer.Center.Editor.Tests.dll at Library/ScriptAssemblies/Unity.Multiplayer.Center.Editor.Tests.dll not valid. Loading of assembly skipped.
Assembly Unity.Multiplayer.Center.Tests.dll at Library/ScriptAssemblies/Unity.Multiplayer.Center.Tests.dll not valid. Loading of assembly skipped.
Assembly Unity.Nuget.Mono-Cecil.dll at Library/ScriptAssemblies/Unity.Nuget.Mono-Cecil.dll not valid. Loading of assembly skipped.
Assembly Unity.PathTracing.Editor.Tests.dll at Library/ScriptAssemblies/Unity.PathTracing.Editor.Tests.dll not valid. Loading of assembly skipped.
Assembly Unity.PathTracing.Runtime.Tests.dll at Library/ScriptAssemblies/Unity.PathTracing.Runtime.Tests.dll not valid. Loading of assembly skipped.
Assembly Unity.RenderPipelines.Core.Editor.Tests.dll at Library/ScriptAssemblies/Unity.RenderPipelines.Core.Editor.Tests.dll not valid. Loading of assembly skipped.
Assembly Unity.RenderPipelines.Core.Runtime.Tests.dll at Library/ScriptAssemblies/Unity.RenderPipelines.Core.Runtime.Tests.dll not valid. Loading of assembly skipped.
Assembly Unity.RenderPipelines.Universal.Config.Editor.Tests.dll at Library/ScriptAssemblies/Unity.RenderPipelines.Universal.Config.Editor.Tests.dll not valid. Loading of assembly skipped.
Assembly Unity.RenderPipelines.Universal.Editor.Tests.dll at Library/ScriptAssemblies/Unity.RenderPipelines.Universal.Editor.Tests.dll not valid. Loading of assembly skipped.
Assembly Unity.RenderPipelines.Universal.Runtime.Tests.dll at Library/ScriptAssemblies/Unity.RenderPipelines.Universal.Runtime.Tests.dll not valid. Loading of assembly skipped.
Assembly Unity.Searcher.EditorTests.dll at Library/ScriptAssemblies/Unity.Searcher.EditorTests.dll not valid. Loading of assembly skipped.
Assembly Unity.Settings.Tests.dll at Library/ScriptAssemblies/Unity.Settings.Tests.dll not valid. Loading of assembly skipped.
Assembly Unity.ShaderGraph.Editor.Tests.dll at Library/ScriptAssemblies/Unity.ShaderGraph.Editor.Tests.dll not valid. Loading of assembly skipped.
Assembly Unity.TextMeshPro.Editor.Tests.dll at Library/ScriptAssemblies/Unity.TextMeshPro.Editor.Tests.dll not valid. Loading of assembly skipped.
Assembly Unity.TextMeshPro.Tests.dll at Library/ScriptAssemblies/Unity.TextMeshPro.Tests.dll not valid. Loading of assembly skipped.
Assembly Unity.UnifiedRayTracing.Editor.Tests.dll at Library/ScriptAssemblies/Unity.UnifiedRayTracing.Editor.Tests.dll not valid. Loading of assembly skipped.
Assembly UnityEditor.UI.Common.Tests.dll at Library/ScriptAssemblies/UnityEditor.UI.Common.Tests.dll not valid. Loading of assembly skipped.
Assembly UnityEditor.UI.EditorTests.dll at Library/ScriptAssemblies/UnityEditor.UI.EditorTests.dll not valid. Loading of assembly skipped.
Assembly UnityEngine.UI.Tests.dll at Library/ScriptAssemblies/UnityEngine.UI.Tests.dll not valid. Loading of assembly skipped.
Native extension for LinuxStandalone target not found
Native extension for UWP target not found
Native extension for WindowsStandalone target not found
Native extension for OSXStandalone target not found
Native extension for WebGL target not found
[Package Manager] Failed to launch server process. Reason: Unity was launched with the -noUpm command-line argument
[Package Manager] Unable to send message (not connected to server process).
[Package Manager] Cannot connect to Unity Package Manager local server
[Package Manager] Failed to launch server process. Reason: Unity was launched with the -noUpm command-line argument
[Package Manager] Unable to send message (not connected to server process).
[Package Manager] Cannot connect to Unity Package Manager local server
[MODES] ModeService[none].Initialize
[MODES] ModeService[none].LoadModes
ScheduleIndexationOnStartup MainProcess:False IndexOnStartup:True
Mono: successfully reloaded assembly
- Finished resetting the current domain, in  0.862 seconds
Domain Reload Profiling: 1691ms
	BeginReloadAssembly (224ms)
		DisableScriptedObjects (6ms)
		CreateAndSetChildDomain (50ms)
	RebuildCommonClasses (41ms)
	RebuildNativeTypeToScriptingClass (14ms)
	initialDomainReloadingComplete (64ms)
	LoadAllAssembliesAndSetupDomain (485ms)
		LoadAssemblies (360ms)
		AnalyzeDomain (225ms)
			TypeCache.Refresh (7ms)
			BuildScriptInfoCaches (204ms)
			ResolveRequiredComponents (12ms)
	FinalizeReload (863ms)
		SetupLoadedEditorAssemblies (0ms)
			InitializePlatformSupportModulesInManaged (4ms)
			BeforeProcessingInitializeOnLoad (172ms)
			ProcessInitializeOnLoadAttributes (339ms)
			ProcessInitializeOnLoadMethodAttributes (133ms)
			AfterProcessingInitializeOnLoad (7ms)
		AwakeInstancesAfterBackupRestoration (18ms)
Unloading 25 Unused Serialized files (Serialized files now loaded: 0)
Unloading 6713 unused Assets / (5.7 MB). Loaded Objects now: 7578.
Memory consumption went from 178.3 MB to 172.6 MB.
Total: 9.915100 ms (FindLiveObjects: 0.679900 ms CreateObjectMapping: 0.390600 ms MarkObjects: 6.343500 ms  DeleteObjects: 2.499800 ms)

Prepare: number of updated asset objects reloaded= 0
========================================================================
Received Prepare
Begin MonoManager ReloadAssembly
Assembly Assembly-CSharp-Editor-firstpass.dll at Library/ScriptAssemblies/Assembly-CSharp-Editor-firstpass.dll not valid. Loading of assembly skipped.
Assembly Assembly-CSharp-Editor.dll at Library/ScriptAssemblies/Assembly-CSharp-Editor.dll not valid. Loading of assembly skipped.
Assembly Assembly-CSharp-firstpass.dll at Library/ScriptAssemblies/Assembly-CSharp-firstpass.dll not valid. Loading of assembly skipped.
Assembly DocCodeExamples.dll at Library/ScriptAssemblies/DocCodeExamples.dll not valid. Loading of assembly skipped.
Assembly TestNewCustomAssembly.dll at Library/ScriptAssemblies/TestNewCustomAssembly.dll not valid. Loading of assembly skipped.
Assembly Unity.2D.Sprite.Package.EditorTests.dll at Library/ScriptAssemblies/Unity.2D.Sprite.Package.EditorTests.dll not valid. Loading of assembly skipped.
Assembly Unity.Collections.BurstCompatibilityGen.dll at Library/ScriptAssemblies/Unity.Collections.BurstCompatibilityGen.dll not valid. Loading of assembly skipped.
Assembly Unity.Collections.DocCodeSamples.dll at Library/ScriptAssemblies/Unity.Collections.DocCodeSamples.dll not valid. Loading of assembly skipped.
Assembly Unity.Collections.PerformanceTests.dll at Library/ScriptAssemblies/Unity.Collections.PerformanceTests.dll not valid. Loading of assembly skipped.
Assembly Unity.Collections.Tests.dll at Library/ScriptAssemblies/Unity.Collections.Tests.dll not valid. Loading of assembly skipped.
Assembly Unity.Collections.Tests.Playmode.dll at Library/ScriptAssemblies/Unity.Collections.Tests.Playmode.dll not valid. Loading of assembly skipped.
Assembly Unity.InputSystem.IntegrationTests.dll at Library/ScriptAssemblies/Unity.InputSystem.IntegrationTests.dll not valid. Loading of assembly skipped.
Assembly Unity.Mathematics.Tests.dll at Library/ScriptAssemblies/Unity.Mathematics.Tests.dll not valid. Loading of assembly skipped.
Assembly Unity.Multiplayer.Center.Editor.Tests.dll at Library/ScriptAssemblies/Unity.Multiplayer.Center.Editor.Tests.dll not valid. Loading of assembly skipped.
Assembly Unity.Multiplayer.Center.Tests.dll at Library/ScriptAssemblies/Unity.Multiplayer.Center.Tests.dll not valid. Loading of assembly skipped.
Assembly Unity.Nuget.Mono-Cecil.dll at Library/ScriptAssemblies/Unity.Nuget.Mono-Cecil.dll not valid. Loading of assembly skipped.
Assembly Unity.PathTracing.Editor.Tests.dll at Library/ScriptAssemblies/Unity.PathTracing.Editor.Tests.dll not valid. Loading of assembly skipped.
Assembly Unity.PathTracing.Runtime.Tests.dll at Library/ScriptAssemblies/Unity.PathTracing.Runtime.Tests.dll not valid. Loading of assembly skipped.
Assembly Unity.RenderPipelines.Core.Editor.Tests.dll at Library/ScriptAssemblies/Unity.RenderPipelines.Core.Editor.Tests.dll not valid. Loading of assembly skipped.
Assembly Unity.RenderPipelines.Core.Runtime.Tests.dll at Library/ScriptAssemblies/Unity.RenderPipelines.Core.Runtime.Tests.dll not valid. Loading of assembly skipped.
Assembly Unity.RenderPipelines.Universal.Config.Editor.Tests.dll at Library/ScriptAssemblies/Unity.RenderPipelines.Universal.Config.Editor.Tests.dll not valid. Loading of assembly skipped.
Assembly Unity.RenderPipelines.Universal.Editor.Tests.dll at Library/ScriptAssemblies/Unity.RenderPipelines.Universal.Editor.Tests.dll not valid. Loading of assembly skipped.
Assembly Unity.RenderPipelines.Universal.Runtime.Tests.dll at Library/ScriptAssemblies/Unity.RenderPipelines.Universal.Runtime.Tests.dll not valid. Loading of assembly skipped.
Assembly Unity.Searcher.EditorTests.dll at Library/ScriptAssemblies/Unity.Searcher.EditorTests.dll not valid. Loading of assembly skipped.
Assembly Unity.Settings.Tests.dll at Library/ScriptAssemblies/Unity.Settings.Tests.dll not valid. Loading of assembly skipped.
Assembly Unity.ShaderGraph.Editor.Tests.dll at Library/ScriptAssemblies/Unity.ShaderGraph.Editor.Tests.dll not valid. Loading of assembly skipped.
Assembly Unity.TextMeshPro.Editor.Tests.dll at Library/ScriptAssemblies/Unity.TextMeshPro.Editor.Tests.dll not valid. Loading of assembly skipped.
Assembly Unity.TextMeshPro.Tests.dll at Library/ScriptAssemblies/Unity.TextMeshPro.Tests.dll not valid. Loading of assembly skipped.
Assembly Unity.UnifiedRayTracing.Editor.Tests.dll at Library/ScriptAssemblies/Unity.UnifiedRayTracing.Editor.Tests.dll not valid. Loading of assembly skipped.
Assembly UnityEditor.UI.Common.Tests.dll at Library/ScriptAssemblies/UnityEditor.UI.Common.Tests.dll not valid. Loading of assembly skipped.
Assembly UnityEditor.UI.EditorTests.dll at Library/ScriptAssemblies/UnityEditor.UI.EditorTests.dll not valid. Loading of assembly skipped.
Assembly UnityEngine.UI.Tests.dll at Library/ScriptAssemblies/UnityEngine.UI.Tests.dll not valid. Loading of assembly skipped.
Native extension for LinuxStandalone target not found
Native extension for UWP target not found
Native extension for WindowsStandalone target not found
Native extension for OSXStandalone target not found
Native extension for WebGL target not found
[Package Manager] Failed to launch server process. Reason: Unity was launched with the -noUpm command-line argument
[Package Manager] Unable to send message (not connected to server process).
[Package Manager] Cannot connect to Unity Package Manager local server
[Package Manager] Failed to launch server process. Reason: Unity was launched with the -noUpm command-line argument
[Package Manager] Unable to send message (not connected to server process).
[Package Manager] Cannot connect to Unity Package Manager local server
[MODES] ModeService[none].Initialize
[MODES] ModeService[none].LoadModes
ScheduleIndexationOnStartup MainProcess:False IndexOnStartup:True
Mono: successfully reloaded assembly
- Finished resetting the current domain, in  0.854 seconds
Domain Reload Profiling: 1680ms
	BeginReloadAssembly (212ms)
		DisableScriptedObjects (6ms)
		CreateAndSetChildDomain (47ms)
	RebuildCommonClasses (40ms)
	RebuildNativeTypeToScriptingClass (14ms)
	initialDomainReloadingComplete (66ms)
	LoadAllAssembliesAndSetupDomain (493ms)
		LoadAssemblies (350ms)
		AnalyzeDomain (238ms)
			TypeCache.Refresh (7ms)
			BuildScriptInfoCaches (216ms)
			ResolveRequiredComponents (12ms)
	FinalizeReload (854ms)
		SetupLoadedEditorAssemblies (0ms)
			InitializePlatformSupportModulesInManaged (4ms)
			BeforeProcessingInitializeOnLoad (167ms)
			ProcessInitializeOnLoadAttributes (341ms)
			ProcessInitializeOnLoadMethodAttributes (127ms)
			AfterProcessingInitializeOnLoad (9ms)
		AwakeInstancesAfterBackupRestoration (21ms)
Unloading 25 Unused Serialized files (Serialized files now loaded: 0)
Unloading 6713 unused Assets / (5.9 MB). Loaded Objects now: 7581.
Memory consumption went from 181.7 MB to 175.8 MB.
Total: 9.700500 ms (FindLiveObjects: 0.699500 ms CreateObjectMapping: 0.385600 ms MarkObjects: 5.874200 ms  DeleteObjects: 2.739600 ms)

Prepare: number of updated asset objects reloaded= 0
========================================================================
Received Prepare
Begin MonoManager ReloadAssembly
[Licensing::Client] Successfully resolved entitlement details
Assembly Assembly-CSharp-Editor-firstpass.dll at Library/ScriptAssemblies/Assembly-CSharp-Editor-firstpass.dll not valid. Loading of assembly skipped.
Assembly Assembly-CSharp-Editor.dll at Library/ScriptAssemblies/Assembly-CSharp-Editor.dll not valid. Loading of assembly skipped.
Assembly Assembly-CSharp-firstpass.dll at Library/ScriptAssemblies/Assembly-CSharp-firstpass.dll not valid. Loading of assembly skipped.
Assembly DocCodeExamples.dll at Library/ScriptAssemblies/DocCodeExamples.dll not valid. Loading of assembly skipped.
Assembly TestNewCustomAssembly.dll at Library/ScriptAssemblies/TestNewCustomAssembly.dll not valid. Loading of assembly skipped.
Assembly Unity.2D.Sprite.Package.EditorTests.dll at Library/ScriptAssemblies/Unity.2D.Sprite.Package.EditorTests.dll not valid. Loading of assembly skipped.
Assembly Unity.Collections.BurstCompatibilityGen.dll at Library/ScriptAssemblies/Unity.Collections.BurstCompatibilityGen.dll not valid. Loading of assembly skipped.
Assembly Unity.Collections.DocCodeSamples.dll at Library/ScriptAssemblies/Unity.Collections.DocCodeSamples.dll not valid. Loading of assembly skipped.
Assembly Unity.Collections.PerformanceTests.dll at Library/ScriptAssemblies/Unity.Collections.PerformanceTests.dll not valid. Loading of assembly skipped.
Assembly Unity.Collections.Tests.dll at Library/ScriptAssemblies/Unity.Collections.Tests.dll not valid. Loading of assembly skipped.
Assembly Unity.Collections.Tests.Playmode.dll at Library/ScriptAssemblies/Unity.Collections.Tests.Playmode.dll not valid. Loading of assembly skipped.
Assembly Unity.InputSystem.IntegrationTests.dll at Library/ScriptAssemblies/Unity.InputSystem.IntegrationTests.dll not valid. Loading of assembly skipped.
Assembly Unity.Mathematics.Tests.dll at Library/ScriptAssemblies/Unity.Mathematics.Tests.dll not valid. Loading of assembly skipped.
Assembly Unity.Multiplayer.Center.Editor.Tests.dll at Library/ScriptAssemblies/Unity.Multiplayer.Center.Editor.Tests.dll not valid. Loading of assembly skipped.
Assembly Unity.Multiplayer.Center.Tests.dll at Library/ScriptAssemblies/Unity.Multiplayer.Center.Tests.dll not valid. Loading of assembly skipped.
Assembly Unity.Nuget.Mono-Cecil.dll at Library/ScriptAssemblies/Unity.Nuget.Mono-Cecil.dll not valid. Loading of assembly skipped.
Assembly Unity.PathTracing.Editor.Tests.dll at Library/ScriptAssemblies/Unity.PathTracing.Editor.Tests.dll not valid. Loading of assembly skipped.
Assembly Unity.PathTracing.Runtime.Tests.dll at Library/ScriptAssemblies/Unity.PathTracing.Runtime.Tests.dll not valid. Loading of assembly skipped.
Assembly Unity.RenderPipelines.Core.Editor.Tests.dll at Library/ScriptAssemblies/Unity.RenderPipelines.Core.Editor.Tests.dll not valid. Loading of assembly skipped.
Assembly Unity.RenderPipelines.Core.Runtime.Tests.dll at Library/ScriptAssemblies/Unity.RenderPipelines.Core.Runtime.Tests.dll not valid. Loading of assembly skipped.
Assembly Unity.RenderPipelines.Universal.Config.Editor.Tests.dll at Library/ScriptAssemblies/Unity.RenderPipelines.Universal.Config.Editor.Tests.dll not valid. Loading of assembly skipped.
Assembly Unity.RenderPipelines.Universal.Editor.Tests.dll at Library/ScriptAssemblies/Unity.RenderPipelines.Universal.Editor.Tests.dll not valid. Loading of assembly skipped.
Assembly Unity.RenderPipelines.Universal.Runtime.Tests.dll at Library/ScriptAssemblies/Unity.RenderPipelines.Universal.Runtime.Tests.dll not valid. Loading of assembly skipped.
Assembly Unity.Searcher.EditorTests.dll at Library/ScriptAssemblies/Unity.Searcher.EditorTests.dll not valid. Loading of assembly skipped.
Assembly Unity.Settings.Tests.dll at Library/ScriptAssemblies/Unity.Settings.Tests.dll not valid. Loading of assembly skipped.
Assembly Unity.ShaderGraph.Editor.Tests.dll at Library/ScriptAssemblies/Unity.ShaderGraph.Editor.Tests.dll not valid. Loading of assembly skipped.
Assembly Unity.TextMeshPro.Editor.Tests.dll at Library/ScriptAssemblies/Unity.TextMeshPro.Editor.Tests.dll not valid. Loading of assembly skipped.
Assembly Unity.TextMeshPro.Tests.dll at Library/ScriptAssemblies/Unity.TextMeshPro.Tests.dll not valid. Loading of assembly skipped.
Assembly Unity.UnifiedRayTracing.Editor.Tests.dll at Library/ScriptAssemblies/Unity.UnifiedRayTracing.Editor.Tests.dll not valid. Loading of assembly skipped.
Assembly UnityEditor.UI.Common.Tests.dll at Library/ScriptAssemblies/UnityEditor.UI.Common.Tests.dll not valid. Loading of assembly skipped.
Assembly UnityEditor.UI.EditorTests.dll at Library/ScriptAssemblies/UnityEditor.UI.EditorTests.dll not valid. Loading of assembly skipped.
Assembly UnityEngine.UI.Tests.dll at Library/ScriptAssemblies/UnityEngine.UI.Tests.dll not valid. Loading of assembly skipped.
Native extension for LinuxStandalone target not found
Native extension for UWP target not found
Native extension for WindowsStandalone target not found
Native extension for OSXStandalone target not found
Native extension for WebGL target not found
[Package Manager] Failed to launch server process. Reason: Unity was launched with the -noUpm command-line argument
[Package Manager] Unable to send message (not connected to server process).
[Package Manager] Cannot connect to Unity Package Manager local server
[Package Manager] Failed to launch server process. Reason: Unity was launched with the -noUpm command-line argument
[Package Manager] Unable to send message (not connected to server process).
[Package Manager] Cannot connect to Unity Package Manager local server
[MODES] ModeService[none].Initialize
[MODES] ModeService[none].LoadModes
ScheduleIndexationOnStartup MainProcess:False IndexOnStartup:True
Mono: successfully reloaded assembly
- Finished resetting the current domain, in  0.869 seconds
Domain Reload Profiling: 1705ms
	BeginReloadAssembly (225ms)
		DisableScriptedObjects (6ms)
		CreateAndSetChildDomain (48ms)
	RebuildCommonClasses (40ms)
	RebuildNativeTypeToScriptingClass (14ms)
	initialDomainReloadingComplete (62ms)
	LoadAllAssembliesAndSetupDomain (494ms)
		LoadAssemblies (352ms)
		AnalyzeDomain (244ms)
			TypeCache.Refresh (7ms)
			BuildScriptInfoCaches (221ms)
			ResolveRequiredComponents (14ms)
	FinalizeReload (869ms)
		SetupLoadedEditorAssemblies (0ms)
			InitializePlatformSupportModulesInManaged (4ms)
			BeforeProcessingInitializeOnLoad (169ms)
			ProcessInitializeOnLoadAttributes (355ms)
			ProcessInitializeOnLoadMethodAttributes (128ms)
			AfterProcessingInitializeOnLoad (7ms)
		AwakeInstancesAfterBackupRestoration (17ms)
Unloading 25 Unused Serialized files (Serialized files now loaded: 0)
Unloading 6713 unused Assets / (5.6 MB). Loaded Objects now: 7584.
Memory consumption went from 185.1 MB to 179.5 MB.
Total: 9.266000 ms (FindLiveObjects: 0.708500 ms CreateObjectMapping: 0.425100 ms MarkObjects: 5.847600 ms  DeleteObjects: 2.283400 ms)

Prepare: number of updated asset objects reloaded= 0
========================================================================
Received Prepare
Begin MonoManager ReloadAssembly
[Licensing::Client] Successfully resolved entitlement details
Assembly Assembly-CSharp-Editor-firstpass.dll at Library/ScriptAssemblies/Assembly-CSharp-Editor-firstpass.dll not valid. Loading of assembly skipped.
Assembly Assembly-CSharp-Editor.dll at Library/ScriptAssemblies/Assembly-CSharp-Editor.dll not valid. Loading of assembly skipped.
Assembly Assembly-CSharp-firstpass.dll at Library/ScriptAssemblies/Assembly-CSharp-firstpass.dll not valid. Loading of assembly skipped.
Assembly DocCodeExamples.dll at Library/ScriptAssemblies/DocCodeExamples.dll not valid. Loading of assembly skipped.
Assembly TestNewCustomAssembly.dll at Library/ScriptAssemblies/TestNewCustomAssembly.dll not valid. Loading of assembly skipped.
Assembly Unity.2D.Sprite.Package.EditorTests.dll at Library/ScriptAssemblies/Unity.2D.Sprite.Package.EditorTests.dll not valid. Loading of assembly skipped.
Assembly Unity.Collections.BurstCompatibilityGen.dll at Library/ScriptAssemblies/Unity.Collections.BurstCompatibilityGen.dll not valid. Loading of assembly skipped.
Assembly Unity.Collections.DocCodeSamples.dll at Library/ScriptAssemblies/Unity.Collections.DocCodeSamples.dll not valid. Loading of assembly skipped.
Assembly Unity.Collections.PerformanceTests.dll at Library/ScriptAssemblies/Unity.Collections.PerformanceTests.dll not valid. Loading of assembly skipped.
Assembly Unity.Collections.Tests.dll at Library/ScriptAssemblies/Unity.Collections.Tests.dll not valid. Loading of assembly skipped.
Assembly Unity.Collections.Tests.Playmode.dll at Library/ScriptAssemblies/Unity.Collections.Tests.Playmode.dll not valid. Loading of assembly skipped.
Assembly Unity.InputSystem.IntegrationTests.dll at Library/ScriptAssemblies/Unity.InputSystem.IntegrationTests.dll not valid. Loading of assembly skipped.
Assembly Unity.Mathematics.Tests.dll at Library/ScriptAssemblies/Unity.Mathematics.Tests.dll not valid. Loading of assembly skipped.
Assembly Unity.Multiplayer.Center.Editor.Tests.dll at Library/ScriptAssemblies/Unity.Multiplayer.Center.Editor.Tests.dll not valid. Loading of assembly skipped.
Assembly Unity.Multiplayer.Center.Tests.dll at Library/ScriptAssemblies/Unity.Multiplayer.Center.Tests.dll not valid. Loading of assembly skipped.
Assembly Unity.Nuget.Mono-Cecil.dll at Library/ScriptAssemblies/Unity.Nuget.Mono-Cecil.dll not valid. Loading of assembly skipped.
Assembly Unity.PathTracing.Editor.Tests.dll at Library/ScriptAssemblies/Unity.PathTracing.Editor.Tests.dll not valid. Loading of assembly skipped.
Assembly Unity.PathTracing.Runtime.Tests.dll at Library/ScriptAssemblies/Unity.PathTracing.Runtime.Tests.dll not valid. Loading of assembly skipped.
Assembly Unity.RenderPipelines.Core.Editor.Tests.dll at Library/ScriptAssemblies/Unity.RenderPipelines.Core.Editor.Tests.dll not valid. Loading of assembly skipped.
Assembly Unity.RenderPipelines.Core.Runtime.Tests.dll at Library/ScriptAssemblies/Unity.RenderPipelines.Core.Runtime.Tests.dll not valid. Loading of assembly skipped.
Assembly Unity.RenderPipelines.Universal.Config.Editor.Tests.dll at Library/ScriptAssemblies/Unity.RenderPipelines.Universal.Config.Editor.Tests.dll not valid. Loading of assembly skipped.
Assembly Unity.RenderPipelines.Universal.Editor.Tests.dll at Library/ScriptAssemblies/Unity.RenderPipelines.Universal.Editor.Tests.dll not valid. Loading of assembly skipped.
Assembly Unity.RenderPipelines.Universal.Runtime.Tests.dll at Library/ScriptAssemblies/Unity.RenderPipelines.Universal.Runtime.Tests.dll not valid. Loading of assembly skipped.
Assembly Unity.Searcher.EditorTests.dll at Library/ScriptAssemblies/Unity.Searcher.EditorTests.dll not valid. Loading of assembly skipped.
Assembly Unity.Settings.Tests.dll at Library/ScriptAssemblies/Unity.Settings.Tests.dll not valid. Loading of assembly skipped.
Assembly Unity.ShaderGraph.Editor.Tests.dll at Library/ScriptAssemblies/Unity.ShaderGraph.Editor.Tests.dll not valid. Loading of assembly skipped.
Assembly Unity.TextMeshPro.Editor.Tests.dll at Library/ScriptAssemblies/Unity.TextMeshPro.Editor.Tests.dll not valid. Loading of assembly skipped.
Assembly Unity.TextMeshPro.Tests.dll at Library/ScriptAssemblies/Unity.TextMeshPro.Tests.dll not valid. Loading of assembly skipped.
Assembly Unity.UnifiedRayTracing.Editor.Tests.dll at Library/ScriptAssemblies/Unity.UnifiedRayTracing.Editor.Tests.dll not valid. Loading of assembly skipped.
Assembly UnityEditor.UI.Common.Tests.dll at Library/ScriptAssemblies/UnityEditor.UI.Common.Tests.dll not valid. Loading of assembly skipped.
Assembly UnityEditor.UI.EditorTests.dll at Library/ScriptAssemblies/UnityEditor.UI.EditorTests.dll not valid. Loading of assembly skipped.
Assembly UnityEngine.UI.Tests.dll at Library/ScriptAssemblies/UnityEngine.UI.Tests.dll not valid. Loading of assembly skipped.
Native extension for LinuxStandalone target not found
Native extension for UWP target not found
Native extension for WindowsStandalone target not found
Native extension for OSXStandalone target not found
Native extension for WebGL target not found
[Package Manager] Failed to launch server process. Reason: Unity was launched with the -noUpm command-line argument
[Package Manager] Unable to send message (not connected to server process).
[Package Manager] Cannot connect to Unity Package Manager local server
[Package Manager] Failed to launch server process. Reason: Unity was launched with the -noUpm command-line argument
[Package Manager] Unable to send message (not connected to server process).
[Package Manager] Cannot connect to Unity Package Manager local server
[MODES] ModeService[none].Initialize
[MODES] ModeService[none].LoadModes
ScheduleIndexationOnStartup MainProcess:False IndexOnStartup:True
Mono: successfully reloaded assembly
- Finished resetting the current domain, in  0.873 seconds
Domain Reload Profiling: 1741ms
	BeginReloadAssembly (230ms)
		DisableScriptedObjects (7ms)
		CreateAndSetChildDomain (52ms)
	RebuildCommonClasses (42ms)
	RebuildNativeTypeToScriptingClass (15ms)
	initialDomainReloadingComplete (63ms)
	LoadAllAssembliesAndSetupDomain (519ms)
		LoadAssemblies (362ms)
		AnalyzeDomain (259ms)
			TypeCache.Refresh (10ms)
			BuildScriptInfoCaches (233ms)
			ResolveRequiredComponents (14ms)
	FinalizeReload (873ms)
		SetupLoadedEditorAssemblies (0ms)
			InitializePlatformSupportModulesInManaged (4ms)
			BeforeProcessingInitializeOnLoad (170ms)
			ProcessInitializeOnLoadAttributes (358ms)
			ProcessInitializeOnLoadMethodAttributes (127ms)
			AfterProcessingInitializeOnLoad (8ms)
		AwakeInstancesAfterBackupRestoration (22ms)
Unloading 25 Unused Serialized files (Serialized files now loaded: 0)
Unloading 6713 unused Assets / (5.8 MB). Loaded Objects now: 7587.
Memory consumption went from 188.6 MB to 182.8 MB.
Total: 10.298000 ms (FindLiveObjects: 0.725500 ms CreateObjectMapping: 0.753400 ms MarkObjects: 6.173200 ms  DeleteObjects: 2.644800 ms)

Prepare: number of updated asset objects reloaded= 0
========================================================================
Received Prepare
Begin MonoManager ReloadAssembly
Assembly Assembly-CSharp-Editor-firstpass.dll at Library/ScriptAssemblies/Assembly-CSharp-Editor-firstpass.dll not valid. Loading of assembly skipped.
Assembly Assembly-CSharp-Editor.dll at Library/ScriptAssemblies/Assembly-CSharp-Editor.dll not valid. Loading of assembly skipped.
Assembly Assembly-CSharp-firstpass.dll at Library/ScriptAssemblies/Assembly-CSharp-firstpass.dll not valid. Loading of assembly skipped.
Assembly DocCodeExamples.dll at Library/ScriptAssemblies/DocCodeExamples.dll not valid. Loading of assembly skipped.
Assembly TestNewCustomAssembly.dll at Library/ScriptAssemblies/TestNewCustomAssembly.dll not valid. Loading of assembly skipped.
Assembly Unity.2D.Sprite.Package.EditorTests.dll at Library/ScriptAssemblies/Unity.2D.Sprite.Package.EditorTests.dll not valid. Loading of assembly skipped.
Assembly Unity.Collections.BurstCompatibilityGen.dll at Library/ScriptAssemblies/Unity.Collections.BurstCompatibilityGen.dll not valid. Loading of assembly skipped.
Assembly Unity.Collections.DocCodeSamples.dll at Library/ScriptAssemblies/Unity.Collections.DocCodeSamples.dll not valid. Loading of assembly skipped.
Assembly Unity.Collections.PerformanceTests.dll at Library/ScriptAssemblies/Unity.Collections.PerformanceTests.dll not valid. Loading of assembly skipped.
Assembly Unity.Collections.Tests.dll at Library/ScriptAssemblies/Unity.Collections.Tests.dll not valid. Loading of assembly skipped.
Assembly Unity.Collections.Tests.Playmode.dll at Library/ScriptAssemblies/Unity.Collections.Tests.Playmode.dll not valid. Loading of assembly skipped.
Assembly Unity.InputSystem.IntegrationTests.dll at Library/ScriptAssemblies/Unity.InputSystem.IntegrationTests.dll not valid. Loading of assembly skipped.
Assembly Unity.Mathematics.Tests.dll at Library/ScriptAssemblies/Unity.Mathematics.Tests.dll not valid. Loading of assembly skipped.
Assembly Unity.Multiplayer.Center.Editor.Tests.dll at Library/ScriptAssemblies/Unity.Multiplayer.Center.Editor.Tests.dll not valid. Loading of assembly skipped.
Assembly Unity.Multiplayer.Center.Tests.dll at Library/ScriptAssemblies/Unity.Multiplayer.Center.Tests.dll not valid. Loading of assembly skipped.
Assembly Unity.Nuget.Mono-Cecil.dll at Library/ScriptAssemblies/Unity.Nuget.Mono-Cecil.dll not valid. Loading of assembly skipped.
Assembly Unity.PathTracing.Editor.Tests.dll at Library/ScriptAssemblies/Unity.PathTracing.Editor.Tests.dll not valid. Loading of assembly skipped.
Assembly Unity.PathTracing.Runtime.Tests.dll at Library/ScriptAssemblies/Unity.PathTracing.Runtime.Tests.dll not valid. Loading of assembly skipped.
Assembly Unity.RenderPipelines.Core.Editor.Tests.dll at Library/ScriptAssemblies/Unity.RenderPipelines.Core.Editor.Tests.dll not valid. Loading of assembly skipped.
Assembly Unity.RenderPipelines.Core.Runtime.Tests.dll at Library/ScriptAssemblies/Unity.RenderPipelines.Core.Runtime.Tests.dll not valid. Loading of assembly skipped.
Assembly Unity.RenderPipelines.Universal.Config.Editor.Tests.dll at Library/ScriptAssemblies/Unity.RenderPipelines.Universal.Config.Editor.Tests.dll not valid. Loading of assembly skipped.
Assembly Unity.RenderPipelines.Universal.Editor.Tests.dll at Library/ScriptAssemblies/Unity.RenderPipelines.Universal.Editor.Tests.dll not valid. Loading of assembly skipped.
Assembly Unity.RenderPipelines.Universal.Runtime.Tests.dll at Library/ScriptAssemblies/Unity.RenderPipelines.Universal.Runtime.Tests.dll not valid. Loading of assembly skipped.
Assembly Unity.Searcher.EditorTests.dll at Library/ScriptAssemblies/Unity.Searcher.EditorTests.dll not valid. Loading of assembly skipped.
Assembly Unity.Settings.Tests.dll at Library/ScriptAssemblies/Unity.Settings.Tests.dll not valid. Loading of assembly skipped.
Assembly Unity.ShaderGraph.Editor.Tests.dll at Library/ScriptAssemblies/Unity.ShaderGraph.Editor.Tests.dll not valid. Loading of assembly skipped.
Assembly Unity.TextMeshPro.Editor.Tests.dll at Library/ScriptAssemblies/Unity.TextMeshPro.Editor.Tests.dll not valid. Loading of assembly skipped.
Assembly Unity.TextMeshPro.Tests.dll at Library/ScriptAssemblies/Unity.TextMeshPro.Tests.dll not valid. Loading of assembly skipped.
Assembly Unity.UnifiedRayTracing.Editor.Tests.dll at Library/ScriptAssemblies/Unity.UnifiedRayTracing.Editor.Tests.dll not valid. Loading of assembly skipped.
Assembly UnityEditor.UI.Common.Tests.dll at Library/ScriptAssemblies/UnityEditor.UI.Common.Tests.dll not valid. Loading of assembly skipped.
Assembly UnityEditor.UI.EditorTests.dll at Library/ScriptAssemblies/UnityEditor.UI.EditorTests.dll not valid. Loading of assembly skipped.
Assembly UnityEngine.UI.Tests.dll at Library/ScriptAssemblies/UnityEngine.UI.Tests.dll not valid. Loading of assembly skipped.
Native extension for LinuxStandalone target not found
Native extension for UWP target not found
Native extension for WindowsStandalone target not found
Native extension for OSXStandalone target not found
Native extension for WebGL target not found
[Package Manager] Failed to launch server process. Reason: Unity was launched with the -noUpm command-line argument
[Package Manager] Unable to send message (not connected to server process).
[Package Manager] Cannot connect to Unity Package Manager local server
[Package Manager] Failed to launch server process. Reason: Unity was launched with the -noUpm command-line argument
[Package Manager] Unable to send message (not connected to server process).
[Package Manager] Cannot connect to Unity Package Manager local server
[MODES] ModeService[none].Initialize
[MODES] ModeService[none].LoadModes
ScheduleIndexationOnStartup MainProcess:False IndexOnStartup:True
Mono: successfully reloaded assembly
- Finished resetting the current domain, in  0.857 seconds
Domain Reload Profiling: 1677ms
	BeginReloadAssembly (218ms)
		DisableScriptedObjects (6ms)
		CreateAndSetChildDomain (47ms)
	RebuildCommonClasses (40ms)
	RebuildNativeTypeToScriptingClass (14ms)
	initialDomainReloadingComplete (64ms)
	LoadAllAssembliesAndSetupDomain (483ms)
		LoadAssemblies (349ms)
		AnalyzeDomain (233ms)
			TypeCache.Refresh (7ms)
			BuildScriptInfoCaches (211ms)
			ResolveRequiredComponents (13ms)
	FinalizeReload (858ms)
		SetupLoadedEditorAssemblies (0ms)
			InitializePlatformSupportModulesInManaged (4ms)
			BeforeProcessingInitializeOnLoad (171ms)
			ProcessInitializeOnLoadAttributes (336ms)
			ProcessInitializeOnLoadMethodAttributes (127ms)
			AfterProcessingInitializeOnLoad (7ms)
		AwakeInstancesAfterBackupRestoration (18ms)
Unloading 25 Unused Serialized files (Serialized files now loaded: 0)
Unloading 6713 unused Assets / (5.6 MB). Loaded Objects now: 7590.
Memory consumption went from 192.1 MB to 186.5 MB.
Total: 9.519800 ms (FindLiveObjects: 0.746100 ms CreateObjectMapping: 0.454500 ms MarkObjects: 5.834000 ms  DeleteObjects: 2.484200 ms)

Prepare: number of updated asset objects reloaded= 0
========================================================================
Received Import Request.
  Time since last request: 1151.011927 seconds.
  path: Assets/Topher Assets/Models & Prefabs/PSX Mega Pack 3.1.3/Models/Furniture/coffee_table_1.fbx
  importAddress: Guid(658f24938352b4848a30f6fc83884986) Importer(2089858483,b0f066a214c2f5e87bad3c948f4d605d)
Start importing Assets/Topher Assets/Models & Prefabs/PSX Mega Pack 3.1.3/Models/Furniture/coffee_table_1.fbx using Guid(658f24938352b4848a30f6fc83884986) Importer(2089858483,b0f066a214c2f5e87bad3c948f4d605d) (ScriptedImporter) -> (Import Result ID: '3164e494b36bd63e8ecae5ad92d3e879') in 0.1936313 seconds [static and dynamic dependencies]. Details - ImportResultOutputID=9b00ad60b3fa7df350dcf543465afe4a DependenciesID=865be5658e3e43905cc29017d80a5dcc StaticDependenciesID=907f39a9f6b174b6125ef8386ca09150 
Number of updated asset objects reloaded before import = 0Number of asset objects unloaded after import = 9

========================================================================
Received Import Request.
  Time since last request: 0.000030 seconds.
  path: Assets/Topher Assets/Animations/Door.anim
  importAddress: Guid(d72b2a086c22b9c4390558aee4dbac0d) Importer(2089858483,b0f066a214c2f5e87bad3c948f4d605d)
Start importing Assets/Topher Assets/Animations/Door.anim using Guid(d72b2a086c22b9c4390558aee4dbac0d) Importer(2089858483,b0f066a214c2f5e87bad3c948f4d605d) (ScriptedImporter) -> (Import Result ID: '77ee8fce14b199eb243026d3c0bd834f') in 0.020283 seconds [static and dynamic dependencies]. Details - ImportResultOutputID=291ec42b856bc84bdaf27466bed1396e DependenciesID=4a7cba10ae550eeada4506e402157201 StaticDependenciesID=0a65a20f7831f1fcdcaa463f24509284 
Number of updated asset objects reloaded before import = 0Number of asset objects unloaded after import = 1

========================================================================
Received Import Request.
  Time since last request: 0.000023 seconds.
  path: Assets/Topher Assets/Assignment 3 provided materials/Third Person Controller/Animations
  importAddress: Guid(71e90ff20090f0f4fad45d37062f3994) Importer(2089858483,b0f066a214c2f5e87bad3c948f4d605d)
Start importing Assets/Topher Assets/Assignment 3 provided materials/Third Person Controller/Animations using Guid(71e90ff20090f0f4fad45d37062f3994) Importer(2089858483,b0f066a214c2f5e87bad3c948f4d605d) (ScriptedImporter) -> (Import Result ID: '3cf279c96cc2cb4e37f0fc2644acad85') in 0.0152831 seconds [static and dynamic dependencies]. Details - ImportResultOutputID=c8133d467d1f494a10ee0d8161d88a89 DependenciesID=b4f3e3c56c812f1bcbdc19c1740d7a52 StaticDependenciesID=d27dc4a86dd3047716521e5da99ad94e 
Number of updated asset objects reloaded before import = 0Number of asset objects unloaded after import = 1

========================================================================
Received Import Request.
  Time since last request: 0.000021 seconds.
  path: Assets/Topher Assets/Materials/Wood texture seamless
  importAddress: Guid(78a7a3a53bcb0e247bf155510cf221b7) Importer(2089858483,b0f066a214c2f5e87bad3c948f4d605d)
Start importing Assets/Topher Assets/Materials/Wood texture seamless using Guid(78a7a3a53bcb0e247bf155510cf221b7) Importer(2089858483,b0f066a214c2f5e87bad3c948f4d605d) (ScriptedImporter) -> (Import Result ID: 'd097cee4e19852f3b98facba382ea5a7') in 0.1145312 seconds [static and dynamic dependencies]. Details - ImportResultOutputID=4b333462d841891d156c0ccea6b39281 DependenciesID=d872e0e338c2aa2a41c5151da4f7581d StaticDependenciesID=9ee21a8aa21c579ec9511d7b69ec232a 
Number of updated asset objects reloaded before import = 0Number of asset objects unloaded after import = 1

========================================================================
Received Import Request.
  Time since last request: 0.000023 seconds.
  path: Assets/Topher Assets/Materials/Rock texture seamless/rock texture seamless.jpg
  importAddress: Guid(b3d221cedad4b7946a3960b47b1f73cd) Importer(2089858483,b0f066a214c2f5e87bad3c948f4d605d)
Start importing Assets/Topher Assets/Materials/Rock texture seamless/rock texture seamless.jpg using Guid(b3d221cedad4b7946a3960b47b1f73cd) Importer(2089858483,b0f066a214c2f5e87bad3c948f4d605d) (ScriptedImporter) -> (Import Result ID: 'b8e92ab94bcf93f4fcee2499e8073463') in 0.0480367 seconds [static and dynamic dependencies]. Details - ImportResultOutputID=97b46c306f3bf2ab080171b6a7a1b10c DependenciesID=c38cc3cc3af5e47f2e1301eebb573f49 StaticDependenciesID=72f88c5ad14ad152c52b2b95c143460f 
Number of updated asset objects reloaded before import = 0Number of asset objects unloaded after import = 1

========================================================================
Received Import Request.
  Time since last request: 0.000029 seconds.
  path: Assets/Topher Assets/Assignment 3 provided materials/Third Person Controller/Robot Kyle/Model/Robot Kyle.fbx
  importAddress: Guid(320b1c2af77554f99a1658df4a6d3d5c) Importer(2089858483,b0f066a214c2f5e87bad3c948f4d605d)
Start importing Assets/Topher Assets/Assignment 3 provided materials/Third Person Controller/Robot Kyle/Model/Robot Kyle.fbx using Guid(320b1c2af77554f99a1658df4a6d3d5c) Importer(2089858483,b0f066a214c2f5e87bad3c948f4d605d) (ScriptedImporter)MaterialLocation.External is obsolete. External Material Location is no longer supported. (Assets/Topher Assets/Assignment 3 provided materials/Third Person Controller/Robot Kyle/Model/Robot Kyle.fbx)
 -> (Import Result ID: 'd21e9a67742e8c01e3b961ae0dde3289') in 0.0285379 seconds [static and dynamic dependencies]. Details - ImportResultOutputID=13995cfb84b72817ee66a0a9b4fed365 DependenciesID=01702fb82d86649078e0bf300227d18e StaticDependenciesID=ae3e6ca59c9ca67b46c3f77d88cf49e1 
Number of updated asset objects reloaded before import = 0Number of asset objects unloaded after import = 108

========================================================================
Received Import Request.
  Time since last request: 0.000018 seconds.
  path: Assets/Topher Assets/Assignment 3 provided materials/Third Person Controller/AnimatorController.controller
  importAddress: Guid(75457a71b140e1b40b134aed1af4292a) Importer(2089858483,b0f066a214c2f5e87bad3c948f4d605d)
Start importing Assets/Topher Assets/Assignment 3 provided materials/Third Person Controller/AnimatorController.controller using Guid(75457a71b140e1b40b134aed1af4292a) Importer(2089858483,b0f066a214c2f5e87bad3c948f4d605d) (ScriptedImporter) -> (Import Result ID: 'e0ad25155ac99a3c5f3df4cce61a61e7') in 0.0373607 seconds [static and dynamic dependencies]. Details - ImportResultOutputID=1bdfd2ba068d81f359356ee3254d5ae2 DependenciesID=6146d3549ffd66c06d13eed98e56bf3e StaticDependenciesID=f5217f5f3291215edad69e1e1c38303a 
Number of updated asset objects reloaded before import = 0Number of asset objects unloaded after import = 41

========================================================================
Received Import Request.
  Time since last request: 0.000021 seconds.
  path: Assets/Topher Assets/Audio/chime.wav
  importAddress: Guid(f17af462c80129e4fa1a91236ed39ef6) Importer(2089858483,b0f066a214c2f5e87bad3c948f4d605d)
Start importing Assets/Topher Assets/Audio/chime.wav using Guid(f17af462c80129e4fa1a91236ed39ef6) Importer(2089858483,b0f066a214c2f5e87bad3c948f4d605d) (ScriptedImporter) -> (Import Result ID: 'b9177666b173a9d0a89008844fe94202') in 0.0406239 seconds [static and dynamic dependencies]. Details - ImportResultOutputID=66be798ab094e832496374b8ab50caf6 DependenciesID=a28da0d99e386ef8b819bb77d0499874 StaticDependenciesID=5cb5d7cf6bf0661886270489c7dc8ff5 
Number of updated asset objects reloaded before import = 0Number of asset objects unloaded after import = 1

========================================================================
Received Import Request.
  Time since last request: 0.000021 seconds.
  path: Assets/Topher Assets/Assignment 3 provided materials/Third Person Controller/Robot Kyle/Materials/Robot_Color.mat
  importAddress: Guid(0aa851515cd3747d6b3b3e461199a2ed) Importer(2089858483,b0f066a214c2f5e87bad3c948f4d605d)
Start importing Assets/Topher Assets/Assignment 3 provided materials/Third Person Controller/Robot Kyle/Materials/Robot_Color.mat using Guid(0aa851515cd3747d6b3b3e461199a2ed) Importer(2089858483,b0f066a214c2f5e87bad3c948f4d605d) (ScriptedImporter) -> (Import Result ID: 'a223ae41d9afdb4405c68237141cae5f') in 0.0273257 seconds [static and dynamic dependencies]. Details - ImportResultOutputID=9d70e2146605158b19e159605dfc46f0 DependenciesID=60aec7f55168a15a229ddb88d8a20a62 StaticDependenciesID=953ef9ec5ee3d8a5bf688afa0e0b3134 
Number of updated asset objects reloaded before import = 0Number of asset objects unloaded after import = 4

========================================================================
Received Import Request.
  Time since last request: 0.000028 seconds.
  path: Assets/Topher Assets/Models & Prefabs/PSX Mega Pack 3.1.3/Textures/canned_foods_mp_1.png
  importAddress: Guid(e06642290d7005c44b825a0f1ce69f88) Importer(2089858483,b0f066a214c2f5e87bad3c948f4d605d)
Start importing Assets/Topher Assets/Models & Prefabs/PSX Mega Pack 3.1.3/Textures/canned_foods_mp_1.png using Guid(e06642290d7005c44b825a0f1ce69f88) Importer(2089858483,b0f066a214c2f5e87bad3c948f4d605d) (ScriptedImporter) -> (Import Result ID: '59a48da69b90286faf5fe88fb316fcc8') in 0.2036643 seconds [static and dynamic dependencies]. Details - ImportResultOutputID=a72b3d460a0ec70cfe1d21f056e48fd5 DependenciesID=84db916b8e32fd05762000d4d3df97d4 StaticDependenciesID=b5d4d973168f73c7d2079aa196df743f 
Number of updated asset objects reloaded before import = 0Number of asset objects unloaded after import = 1

========================================================================
Received Import Request.
  Time since last request: 0.000021 seconds.
  path: Assets/Topher Assets/Materials/Wood texture seamless/wood texture seamless.mat
  importAddress: Guid(1473bf0fdd5ea8f4186fc66866061fd2) Importer(2089858483,b0f066a214c2f5e87bad3c948f4d605d)
Start importing Assets/Topher Assets/Materials/Wood texture seamless/wood texture seamless.mat using Guid(1473bf0fdd5ea8f4186fc66866061fd2) Importer(2089858483,b0f066a214c2f5e87bad3c948f4d605d) (ScriptedImporter) -> (Import Result ID: '6d3be550454c985d9ee1e4d7049267e1') in 0.1312824 seconds [static and dynamic dependencies]. Details - ImportResultOutputID=7d39462039402ff881086434df273948 DependenciesID=cba34623d462c4812dae1a5a4c8c7616 StaticDependenciesID=01d5722e3607fb1e4508e17f2ce47a45 
Number of updated asset objects reloaded before import = 0Number of asset objects unloaded after import = 2

========================================================================
Received Import Request.
  Time since last request: 0.000055 seconds.
  path: Assets/Topher Assets/Models & Prefabs/PSX Mega Pack 3.1.3/Textures/lamp_3_off.png
  importAddress: Guid(679b262e54e2bd14cb9822a5b20cd723) Importer(2089858483,b0f066a214c2f5e87bad3c948f4d605d)
Start importing Assets/Topher Assets/Models & Prefabs/PSX Mega Pack 3.1.3/Textures/lamp_3_off.png using Guid(679b262e54e2bd14cb9822a5b20cd723) Importer(2089858483,b0f066a214c2f5e87bad3c948f4d605d) (ScriptedImporter) -> (Import Result ID: 'c638367bfa612113470b3851f6f5abe6') in 0.0972985 seconds [static and dynamic dependencies]. Details - ImportResultOutputID=521421da0131ef882255e3401037d320 DependenciesID=1874d216c00bcfcf2f2726be724dcbb9 StaticDependenciesID=fff2671b6053d78d45255cff7b3d62dc 
Number of updated asset objects reloaded before import = 0Number of asset objects unloaded after import = 1

========================================================================
Received Import Request.
  Time since last request: 0.000018 seconds.
  path: Assets/Topher Assets/Models & Prefabs/PSX Mega Pack 3.1.3/Textures/crt_screen_mp_2.png
  importAddress: Guid(deb8cfa2a4eec6e4fad099d2ea22ea34) Importer(2089858483,b0f066a214c2f5e87bad3c948f4d605d)
Start importing Assets/Topher Assets/Models & Prefabs/PSX Mega Pack 3.1.3/Textures/crt_screen_mp_2.png using Guid(deb8cfa2a4eec6e4fad099d2ea22ea34) Importer(2089858483,b0f066a214c2f5e87bad3c948f4d605d) (ScriptedImporter) -> (Import Result ID: 'c5add1e321f9cdee7dacd3103e025ccd') in 0.1484904 seconds [static and dynamic dependencies]. Details - ImportResultOutputID=2724ac41809cf9929c6dc40449f03ee8 DependenciesID=fc5b863a6f5b6178a202fb596bb34715 StaticDependenciesID=9de20aa24209d010d23908b7d9104864 
Number of updated asset objects reloaded before import = 0Number of asset objects unloaded after import = 1

========================================================================
Received Import Request.
  Time since last request: 0.000019 seconds.
  path: Assets/Topher Assets/Models & Prefabs/PSX Mega Pack 3.1.3/Textures/concrete_2.jpg
  importAddress: Guid(e115aaa5da5cd154d958e6d6f16820d9) Importer(2089858483,b0f066a214c2f5e87bad3c948f4d605d)
Start importing Assets/Topher Assets/Models & Prefabs/PSX Mega Pack 3.1.3/Textures/concrete_2.jpg using Guid(e115aaa5da5cd154d958e6d6f16820d9) Importer(2089858483,b0f066a214c2f5e87bad3c948f4d605d) (ScriptedImporter) -> (Import Result ID: '0d873747eb8147a422e5cd40ad61f2aa') in 0.1857054 seconds [static and dynamic dependencies]. Details - ImportResultOutputID=79783d4df8d80dec0b49a31e41821199 DependenciesID=4c202e6c86bf03400b8ea7804153606c StaticDependenciesID=0fb9fdf8d95f79e8f9002e2a81e34ff9 
Number of updated asset objects reloaded before import = 0Number of asset objects unloaded after import = 1

========================================================================
Received Import Request.
  Time since last request: 0.000025 seconds.
  path: Assets/Topher Assets/Models & Prefabs/PSX Mega Pack 3.1.3/Textures/cigs_packet_1.png
  importAddress: Guid(3f48d1d115fe10e4caa1f5e2a728f7a1) Importer(2089858483,b0f066a214c2f5e87bad3c948f4d605d)
Start importing Assets/Topher Assets/Models & Prefabs/PSX Mega Pack 3.1.3/Textures/cigs_packet_1.png using Guid(3f48d1d115fe10e4caa1f5e2a728f7a1) Importer(2089858483,b0f066a214c2f5e87bad3c948f4d605d) (ScriptedImporter) -> (Import Result ID: 'd8ce4dff14aa014cca679ca55e140f46') in 0.1844049 seconds [static and dynamic dependencies]. Details - ImportResultOutputID=c5815d90b54f546bda18e94a9d11ce93 DependenciesID=1c08d7e126bafe6a8b467458a5c1b24e StaticDependenciesID=505e25b6f5d8e67f68f992a708f39e11 
Number of updated asset objects reloaded before import = 0Number of asset objects unloaded after import = 1

========================================================================
Received Import Request.
  Time since last request: 0.000018 seconds.
  path: Assets/Topher Assets/Models & Prefabs/PSX Mega Pack 3.1.3/Textures/wooden_crate_4.png
  importAddress: Guid(a1f8dfd8121dd0c45b01fba75273bc15) Importer(2089858483,b0f066a214c2f5e87bad3c948f4d605d)
Start importing Assets/Topher Assets/Models & Prefabs/PSX Mega Pack 3.1.3/Textures/wooden_crate_4.png using Guid(a1f8dfd8121dd0c45b01fba75273bc15) Importer(2089858483,b0f066a214c2f5e87bad3c948f4d605d) (ScriptedImporter) -> (Import Result ID: '21c469fe7f422585a816b7194f6af3b5') in 0.3450415 seconds [static and dynamic dependencies]. Details - ImportResultOutputID=6a0021fbf4b4f335011a3ce6e9b56108 DependenciesID=a2bf8a3fb591b5e8c7838e6cda83b599 StaticDependenciesID=9dc32000dace1cdf0c3f4153970a4603 
Number of updated asset objects reloaded before import = 0Number of asset objects unloaded after import = 1

========================================================================
Received Import Request.
  Time since last request: 0.000025 seconds.
  path: Assets/Topher Assets/Models & Prefabs/PSX Mega Pack 3.1.3/Textures/door_handle_1.png
  importAddress: Guid(e142ab541b03a6442bb2ea66b7ef6337) Importer(2089858483,b0f066a214c2f5e87bad3c948f4d605d)
Start importing Assets/Topher Assets/Models & Prefabs/PSX Mega Pack 3.1.3/Textures/door_handle_1.png using Guid(e142ab541b03a6442bb2ea66b7ef6337) Importer(2089858483,b0f066a214c2f5e87bad3c948f4d605d) (ScriptedImporter) -> (Import Result ID: 'ad461c6dd9bde30ac8ea9e2f4f66136a') in 0.1753347 seconds [static and dynamic dependencies]. Details - ImportResultOutputID=15a9aa02ad359f2345823dce8706a9bf DependenciesID=1cfaf6dc2d8cdc61cd57ea3a4781fd7b StaticDependenciesID=a618cd1c56a6693684420fc92778af05 
Number of updated asset objects reloaded before import = 0Number of asset objects unloaded after import = 1

========================================================================
Received Import Request.
  Time since last request: 0.000020 seconds.
  path: Assets/Topher Assets/Models & Prefabs/PSX Mega Pack 3.1.3/Models/Modular Structures/floor_ceiling_2.fbx
  importAddress: Guid(31431e5a9bd868a4d96cc22a590f69b5) Importer(2089858483,b0f066a214c2f5e87bad3c948f4d605d)
Start importing Assets/Topher Assets/Models & Prefabs/PSX Mega Pack 3.1.3/Models/Modular Structures/floor_ceiling_2.fbx using Guid(31431e5a9bd868a4d96cc22a590f69b5) Importer(2089858483,b0f066a214c2f5e87bad3c948f4d605d) (ScriptedImporter) -> (Import Result ID: '703f7f8fe33e4c1a39a7319cd57e09b3') in 0.1759636 seconds [static and dynamic dependencies]. Details - ImportResultOutputID=806c30797fb98d706d06a395b5e69480 DependenciesID=07b80592a8c29c6be5222c5ea097114e StaticDependenciesID=07d72674ae6333e686f1c58db5b72776 
Number of updated asset objects reloaded before import = 0Number of asset objects unloaded after import = 11

========================================================================
Received Import Request.
  Time since last request: 7.197251 seconds.
  path: Assets/Topher Assets/Models & Prefabs/PSX Mega Pack 3.1.3/Textures/elevator_door_1.png
  importAddress: Guid(095c6e319e15e1d46900df56a03d2ea2) Importer(2089858483,b0f066a214c2f5e87bad3c948f4d605d)
Start importing Assets/Topher Assets/Models & Prefabs/PSX Mega Pack 3.1.3/Textures/elevator_door_1.png using Guid(095c6e319e15e1d46900df56a03d2ea2) Importer(2089858483,b0f066a214c2f5e87bad3c948f4d605d) (ScriptedImporter) -> (Import Result ID: 'bb5be565dd9559074b578f4d00b18551') in 0.4781466 seconds [static and dynamic dependencies]. Details - ImportResultOutputID=3db21688a3b3ea9ccd1a5c51cdf73105 DependenciesID=db8bb10f6c58380ee91bb23f8a481806 StaticDependenciesID=7f5cc7d8dfd415ac4754387478a05ce0 
Number of updated asset objects reloaded before import = 0Number of asset objects unloaded after import = 1

========================================================================
Received Import Request.
  Time since last request: 0.000021 seconds.
  path: Assets/Topher Assets/Models & Prefabs/PSX Mega Pack 3.1.3/Textures/window_2_1.png
  importAddress: Guid(59654b2653f013b49ad579191607e689) Importer(2089858483,b0f066a214c2f5e87bad3c948f4d605d)
Start importing Assets/Topher Assets/Models & Prefabs/PSX Mega Pack 3.1.3/Textures/window_2_1.png using Guid(59654b2653f013b49ad579191607e689) Importer(2089858483,b0f066a214c2f5e87bad3c948f4d605d) (ScriptedImporter) -> (Import Result ID: '8db3cdf9dcdc32a1ed36aa13a25504d7') in 0.3890384 seconds [static and dynamic dependencies]. Details - ImportResultOutputID=ae755a57826022dc944324f4c01f160a DependenciesID=ace929251297e67cb11cb516fe165e01 StaticDependenciesID=847302f8c7ee44818b9398aac690d783 
Number of updated asset objects reloaded before import = 0Number of asset objects unloaded after import = 1

========================================================================
Received Import Request.
  Time since last request: 0.000027 seconds.
  path: Assets/Topher Assets/Models & Prefabs/PSX Mega Pack 3.1.3/Textures/pillow_mp_2.png
  importAddress: Guid(ea7c59affec184649977115649a52d18) Importer(2089858483,b0f066a214c2f5e87bad3c948f4d605d)
Start importing Assets/Topher Assets/Models & Prefabs/PSX Mega Pack 3.1.3/Textures/pillow_mp_2.png using Guid(ea7c59affec184649977115649a52d18) Importer(2089858483,b0f066a214c2f5e87bad3c948f4d605d) (ScriptedImporter) -> (Import Result ID: '73d2e88d372cc44792664eb1693eed18') in 0.4146663 seconds [static and dynamic dependencies]. Details - ImportResultOutputID=d5836fe8a0e4e415c14543af6789a8bc DependenciesID=6abe3145727515ea7dfdb688ce18a993 StaticDependenciesID=3fdb83dacfbf657e47f468b1e1221bf5 
Number of updated asset objects reloaded before import = 0Number of asset objects unloaded after import = 1

========================================================================
Received Import Request.
  Time since last request: 0.000021 seconds.
  path: Assets/Topher Assets/Assignment 3 provided materials/Third Person Controller/Animations/walking.fbx
  importAddress: Guid(c5be887af9f579d4b9f081ed3357aafc) Importer(2089858483,b0f066a214c2f5e87bad3c948f4d605d)
Start importing Assets/Topher Assets/Assignment 3 provided materials/Third Person Controller/Animations/walking.fbx using Guid(c5be887af9f579d4b9f081ed3357aafc) Importer(2089858483,b0f066a214c2f5e87bad3c948f4d605d) (ScriptedImporter)MaterialLocation.External is obsolete. External Material Location is no longer supported. (Assets/Topher Assets/Assignment 3 provided materials/Third Person Controller/Animations/walking.fbx)
 -> (Import Result ID: '3d93acaa66d3a6f5784e75423f3d4788') in 0.2897412 seconds [static and dynamic dependencies]. Details - ImportResultOutputID=6b44bf8b4a69e7d0b6664f1033ec963e DependenciesID=217f8093fe395a2ddd296b1849ed598c StaticDependenciesID=338f66ede627ee6ad5ae450e3b4f4e52 
Number of updated asset objects reloaded before import = 0Number of asset objects unloaded after import = 138

========================================================================
Received Import Request.
  Time since last request: 0.000036 seconds.
  path: Assets/Topher Assets/Assignment 3 provided materials/Third Person Controller/Animations/running.fbx
  importAddress: Guid(77d9df93482067942b5b9eb0ecc4d42e) Importer(2089858483,b0f066a214c2f5e87bad3c948f4d605d)
Start importing Assets/Topher Assets/Assignment 3 provided materials/Third Person Controller/Animations/running.fbx using Guid(77d9df93482067942b5b9eb0ecc4d42e) Importer(2089858483,b0f066a214c2f5e87bad3c948f4d605d) (ScriptedImporter) -> (Import Result ID: 'a5f23a494501209dac2327c3d6a8c033') in 0.5029804 seconds [static and dynamic dependencies]. Details - ImportResultOutputID=6994f5d0ba568a4f6bf7fd4ef56bba69 DependenciesID=6a7c170ec9f508cba2e0e866fb90cced StaticDependenciesID=7d4fd8652f86cbf4d704b38880325e3d 
Number of updated asset objects reloaded before import = 0Number of asset objects unloaded after import = 138

========================================================================
Received Import Request.
  Time since last request: 0.000021 seconds.
  path: Assets/Topher Assets/Models & Prefabs/PSX Mega Pack 3.1.3/Textures/door_3_double.png
  importAddress: Guid(4145123f16a534740a1e4b8075a9bc47) Importer(2089858483,b0f066a214c2f5e87bad3c948f4d605d)
Start importing Assets/Topher Assets/Models & Prefabs/PSX Mega Pack 3.1.3/Textures/door_3_double.png using Guid(4145123f16a534740a1e4b8075a9bc47) Importer(2089858483,b0f066a214c2f5e87bad3c948f4d605d) (ScriptedImporter) -> (Import Result ID: '432b80d5e372870b2e58a7282264c4c3') in 0.7062144 seconds [static and dynamic dependencies]. Details - ImportResultOutputID=a93471af290fd80fbf7301536b4cf2e5 DependenciesID=d63aad468aecf57ca9e49a76ea3c945e StaticDependenciesID=31472b4ab145d72b08b9d96aac1977c6 
Number of updated asset objects reloaded before import = 0Number of asset objects unloaded after import = 1

========================================================================
Received Import Request.
  Time since last request: 0.000027 seconds.
  path: Assets/Topher Assets/Assignment 3 provided materials/Third Person Controller/Animations/Materials/Beta_Joints_MAT.mat
  importAddress: Guid(c15d781ca59a2ca498adb8964d59a73d) Importer(2089858483,b0f066a214c2f5e87bad3c948f4d605d)
Start importing Assets/Topher Assets/Assignment 3 provided materials/Third Person Controller/Animations/Materials/Beta_Joints_MAT.mat using Guid(c15d781ca59a2ca498adb8964d59a73d) Importer(2089858483,b0f066a214c2f5e87bad3c948f4d605d) (ScriptedImporter) -> (Import Result ID: '746359cb90520c2bdc4c7cee3c30985a') in 0.3440434 seconds [static and dynamic dependencies]. Details - ImportResultOutputID=f7314ce349d547abc6636c68b181e078 DependenciesID=b1b4035ef199d2559d533f8be97f82f5 StaticDependenciesID=41e2ae0b0449742df275f50bf82cdfb9 
Number of updated asset objects reloaded before import = 0Number of asset objects unloaded after import = 1

========================================================================
Received Import Request.
  Time since last request: 0.000019 seconds.
  path: Assets/Topher Assets/Models & Prefabs/PSX Mega Pack 3.1.3/Textures/clock_1.png
  importAddress: Guid(83f0d973e4829694da575ad9fea3f54c) Importer(2089858483,b0f066a214c2f5e87bad3c948f4d605d)
Start importing Assets/Topher Assets/Models & Prefabs/PSX Mega Pack 3.1.3/Textures/clock_1.png using Guid(83f0d973e4829694da575ad9fea3f54c) Importer(2089858483,b0f066a214c2f5e87bad3c948f4d605d) (ScriptedImporter) -> (Import Result ID: 'f26f2cfe692ccfd9634e9ce8a389ff0c') in 0.329229 seconds [static and dynamic dependencies]. Details - ImportResultOutputID=d2a354de457064b0d4e3389bdbaa1312 DependenciesID=e5e8aae047db4fd6cd85336d74695211 StaticDependenciesID=2646e5e53999627ecf64a30f4863b503 
Number of updated asset objects reloaded before import = 0Number of asset objects unloaded after import = 1

========================================================================
Received Import Request.
  Time since last request: 0.000033 seconds.
  path: Assets/Topher Assets/Models & Prefabs/PSX Mega Pack 3.1.3/Textures/metal_mesh_1.png
  importAddress: Guid(3c436ece7ccfde14fb6bc9662d170b29) Importer(2089858483,b0f066a214c2f5e87bad3c948f4d605d)
Start importing Assets/Topher Assets/Models & Prefabs/PSX Mega Pack 3.1.3/Textures/metal_mesh_1.png using Guid(3c436ece7ccfde14fb6bc9662d170b29) Importer(2089858483,b0f066a214c2f5e87bad3c948f4d605d) (ScriptedImporter) -> (Import Result ID: '2c878b3fbca2d324f92c5bc509a52798') in 0.3701765 seconds [static and dynamic dependencies]. Details - ImportResultOutputID=b60c69ebef24b6296d66c36b5693dcd0 DependenciesID=a3caabc06eac4d389515f67e944baee1 StaticDependenciesID=c3927f7a57040cecad00eef9b2a78b10 
Number of updated asset objects reloaded before import = 0Number of asset objects unloaded after import = 1

========================================================================
Received Import Request.
  Time since last request: 0.000029 seconds.
  path: Assets/Topher Assets/Models & Prefabs/PSX Mega Pack 3.1.3/Textures/wooden_crate_7_4.png
  importAddress: Guid(497b09355cf7eb547a38baedfee11279) Importer(2089858483,b0f066a214c2f5e87bad3c948f4d605d)
Start importing Assets/Topher Assets/Models & Prefabs/PSX Mega Pack 3.1.3/Textures/wooden_crate_7_4.png using Guid(497b09355cf7eb547a38baedfee11279) Importer(2089858483,b0f066a214c2f5e87bad3c948f4d605d) (ScriptedImporter) -> (Import Result ID: '02eacf157ba544f77153a8f7bb47d58d') in 0.4483431 seconds [static and dynamic dependencies]. Details - ImportResultOutputID=1980bba6f48584e60e7c6995cceaa578 DependenciesID=10a8cb0fd07a30f711fb19582444a111 StaticDependenciesID=2b49cf40fc4993a381d2891e175393c3 
Number of updated asset objects reloaded before import = 0Number of asset objects unloaded after import = 1

========================================================================
Received Import Request.
  Time since last request: 0.000028 seconds.
  path: Assets/Topher Assets/Materials/Cube.prefab
  importAddress: Guid(d029c30fba87a764e9615429d4b44ce3) Importer(2089858483,b0f066a214c2f5e87bad3c948f4d605d)
Start importing Assets/Topher Assets/Materials/Cube.prefab using Guid(d029c30fba87a764e9615429d4b44ce3) Importer(2089858483,b0f066a214c2f5e87bad3c948f4d605d) (ScriptedImporter) -> (Import Result ID: '8086028d18e0ec636ccaff679142aad2') in 0.3460587 seconds [static and dynamic dependencies]. Details - ImportResultOutputID=38143167d5cbd291768092637d32d42a DependenciesID=19352c9f20518aeafc88415a96c153c0 StaticDependenciesID=061fbe1738796af1e86cd6d7c851ec6e 
Number of updated asset objects reloaded before import = 0Number of asset objects unloaded after import = 9

========================================================================
Received Import Request.
  Time since last request: 0.000039 seconds.
  path: Assets/Topher Assets/Models & Prefabs/PSX Mega Pack 3.1.3/Textures/door_1.png
  importAddress: Guid(2d04e8e383c7b82488a255b5bfe8ca2d) Importer(2089858483,b0f066a214c2f5e87bad3c948f4d605d)
Start importing Assets/Topher Assets/Models & Prefabs/PSX Mega Pack 3.1.3/Textures/door_1.png using Guid(2d04e8e383c7b82488a255b5bfe8ca2d) Importer(2089858483,b0f066a214c2f5e87bad3c948f4d605d) (ScriptedImporter) -> (Import Result ID: 'daa19b3f8bdbd9b5e2914aab18829c14') in 0.4963369 seconds [static and dynamic dependencies]. Details - ImportResultOutputID=6ef205b0e755cce97227c32c35af3bd4 DependenciesID=524530b2e4aac4f845379a2719a4d3ae StaticDependenciesID=f5a87ed812ede1d373783447e503f51e 
Number of updated asset objects reloaded before import = 0Number of asset objects unloaded after import = 1

========================================================================
Received Prepare
Begin MonoManager ReloadAssembly
[Licensing::Client] Successfully resolved entitlement details
Assembly Assembly-CSharp-Editor-firstpass.dll at Library/ScriptAssemblies/Assembly-CSharp-Editor-firstpass.dll not valid. Loading of assembly skipped.
Assembly Assembly-CSharp-Editor.dll at Library/ScriptAssemblies/Assembly-CSharp-Editor.dll not valid. Loading of assembly skipped.
Assembly Assembly-CSharp-firstpass.dll at Library/ScriptAssemblies/Assembly-CSharp-firstpass.dll not valid. Loading of assembly skipped.
Assembly DocCodeExamples.dll at Library/ScriptAssemblies/DocCodeExamples.dll not valid. Loading of assembly skipped.
Assembly TestNewCustomAssembly.dll at Library/ScriptAssemblies/TestNewCustomAssembly.dll not valid. Loading of assembly skipped.
Assembly Unity.2D.Sprite.Package.EditorTests.dll at Library/ScriptAssemblies/Unity.2D.Sprite.Package.EditorTests.dll not valid. Loading of assembly skipped.
Assembly Unity.Collections.BurstCompatibilityGen.dll at Library/ScriptAssemblies/Unity.Collections.BurstCompatibilityGen.dll not valid. Loading of assembly skipped.
Assembly Unity.Collections.DocCodeSamples.dll at Library/ScriptAssemblies/Unity.Collections.DocCodeSamples.dll not valid. Loading of assembly skipped.
Assembly Unity.Collections.PerformanceTests.dll at Library/ScriptAssemblies/Unity.Collections.PerformanceTests.dll not valid. Loading of assembly skipped.
Assembly Unity.Collections.Tests.dll at Library/ScriptAssemblies/Unity.Collections.Tests.dll not valid. Loading of assembly skipped.
Assembly Unity.Collections.Tests.Playmode.dll at Library/ScriptAssemblies/Unity.Collections.Tests.Playmode.dll not valid. Loading of assembly skipped.
Assembly Unity.InputSystem.IntegrationTests.dll at Library/ScriptAssemblies/Unity.InputSystem.IntegrationTests.dll not valid. Loading of assembly skipped.
Assembly Unity.Mathematics.Tests.dll at Library/ScriptAssemblies/Unity.Mathematics.Tests.dll not valid. Loading of assembly skipped.
Assembly Unity.Multiplayer.Center.Editor.Tests.dll at Library/ScriptAssemblies/Unity.Multiplayer.Center.Editor.Tests.dll not valid. Loading of assembly skipped.
Assembly Unity.Multiplayer.Center.Tests.dll at Library/ScriptAssemblies/Unity.Multiplayer.Center.Tests.dll not valid. Loading of assembly skipped.
Assembly Unity.Nuget.Mono-Cecil.dll at Library/ScriptAssemblies/Unity.Nuget.Mono-Cecil.dll not valid. Loading of assembly skipped.
Assembly Unity.PathTracing.Editor.Tests.dll at Library/ScriptAssemblies/Unity.PathTracing.Editor.Tests.dll not valid. Loading of assembly skipped.
Assembly Unity.PathTracing.Runtime.Tests.dll at Library/ScriptAssemblies/Unity.PathTracing.Runtime.Tests.dll not valid. Loading of assembly skipped.
Assembly Unity.RenderPipelines.Core.Editor.Tests.dll at Library/ScriptAssemblies/Unity.RenderPipelines.Core.Editor.Tests.dll not valid. Loading of assembly skipped.
Assembly Unity.RenderPipelines.Core.Runtime.Tests.dll at Library/ScriptAssemblies/Unity.RenderPipelines.Core.Runtime.Tests.dll not valid. Loading of assembly skipped.
Assembly Unity.RenderPipelines.Universal.Config.Editor.Tests.dll at Library/ScriptAssemblies/Unity.RenderPipelines.Universal.Config.Editor.Tests.dll not valid. Loading of assembly skipped.
Assembly Unity.RenderPipelines.Universal.Editor.Tests.dll at Library/ScriptAssemblies/Unity.RenderPipelines.Universal.Editor.Tests.dll not valid. Loading of assembly skipped.
Assembly Unity.RenderPipelines.Universal.Runtime.Tests.dll at Library/ScriptAssemblies/Unity.RenderPipelines.Universal.Runtime.Tests.dll not valid. Loading of assembly skipped.
Assembly Unity.Searcher.EditorTests.dll at Library/ScriptAssemblies/Unity.Searcher.EditorTests.dll not valid. Loading of assembly skipped.
Assembly Unity.Settings.Tests.dll at Library/ScriptAssemblies/Unity.Settings.Tests.dll not valid. Loading of assembly skipped.
Assembly Unity.ShaderGraph.Editor.Tests.dll at Library/ScriptAssemblies/Unity.ShaderGraph.Editor.Tests.dll not valid. Loading of assembly skipped.
Assembly Unity.TextMeshPro.Editor.Tests.dll at Library/ScriptAssemblies/Unity.TextMeshPro.Editor.Tests.dll not valid. Loading of assembly skipped.
Assembly Unity.TextMeshPro.Tests.dll at Library/ScriptAssemblies/Unity.TextMeshPro.Tests.dll not valid. Loading of assembly skipped.
Assembly Unity.UnifiedRayTracing.Editor.Tests.dll at Library/ScriptAssemblies/Unity.UnifiedRayTracing.Editor.Tests.dll not valid. Loading of assembly skipped.
Assembly UnityEditor.UI.Common.Tests.dll at Library/ScriptAssemblies/UnityEditor.UI.Common.Tests.dll not valid. Loading of assembly skipped.
Assembly UnityEditor.UI.EditorTests.dll at Library/ScriptAssemblies/UnityEditor.UI.EditorTests.dll not valid. Loading of assembly skipped.
Assembly UnityEngine.UI.Tests.dll at Library/ScriptAssemblies/UnityEngine.UI.Tests.dll not valid. Loading of assembly skipped.
Native extension for LinuxStandalone target not found
Native extension for UWP target not found
Native extension for WindowsStandalone target not found
Native extension for OSXStandalone target not found
Native extension for WebGL target not found
[Package Manager] Failed to launch server process. Reason: Unity was launched with the -noUpm command-line argument
[Package Manager] Unable to send message (not connected to server process).
[Package Manager] Cannot connect to Unity Package Manager local server
[Package Manager] Failed to launch server process. Reason: Unity was launched with the -noUpm command-line argument
[Package Manager] Unable to send message (not connected to server process).
[Package Manager] Cannot connect to Unity Package Manager local server
[MODES] ModeService[none].Initialize
[MODES] ModeService[none].LoadModes
ScheduleIndexationOnStartup MainProcess:False IndexOnStartup:True
Mono: successfully reloaded assembly
- Finished resetting the current domain, in  0.913 seconds
Domain Reload Profiling: 1831ms
	BeginReloadAssembly (265ms)
		DisableScriptedObjects (7ms)
		CreateAndSetChildDomain (67ms)
	RebuildCommonClasses (44ms)
	RebuildNativeTypeToScriptingClass (14ms)
	initialDomainReloadingComplete (66ms)
	LoadAllAssembliesAndSetupDomain (529ms)
		LoadAssemblies (410ms)
		AnalyzeDomain (241ms)
			TypeCache.Refresh (10ms)
			BuildScriptInfoCaches (215ms)
			ResolveRequiredComponents (13ms)
	FinalizeReload (914ms)
		SetupLoadedEditorAssemblies (0ms)
			InitializePlatformSupportModulesInManaged (4ms)
			BeforeProcessingInitializeOnLoad (172ms)
			ProcessInitializeOnLoadAttributes (389ms)
			ProcessInitializeOnLoadMethodAttributes (135ms)
			AfterProcessingInitializeOnLoad (7ms)
		AwakeInstancesAfterBackupRestoration (18ms)
Unloading 25 Unused Serialized files (Serialized files now loaded: 0)
Unloading 6714 unused Assets / (5.6 MB). Loaded Objects now: 7594.
Memory consumption went from 172.1 MB to 166.5 MB.
Total: 11.031500 ms (FindLiveObjects: 0.798700 ms CreateObjectMapping: 0.430800 ms MarkObjects: 6.860300 ms  DeleteObjects: 2.940300 ms)

Prepare: number of updated asset objects reloaded= 0
========================================================================
Received Prepare
Begin MonoManager ReloadAssembly
Assembly Assembly-CSharp-Editor-firstpass.dll at Library/ScriptAssemblies/Assembly-CSharp-Editor-firstpass.dll not valid. Loading of assembly skipped.
Assembly Assembly-CSharp-Editor.dll at Library/ScriptAssemblies/Assembly-CSharp-Editor.dll not valid. Loading of assembly skipped.
Assembly Assembly-CSharp-firstpass.dll at Library/ScriptAssemblies/Assembly-CSharp-firstpass.dll not valid. Loading of assembly skipped.
Assembly DocCodeExamples.dll at Library/ScriptAssemblies/DocCodeExamples.dll not valid. Loading of assembly skipped.
Assembly TestNewCustomAssembly.dll at Library/ScriptAssemblies/TestNewCustomAssembly.dll not valid. Loading of assembly skipped.
Assembly Unity.2D.Sprite.Package.EditorTests.dll at Library/ScriptAssemblies/Unity.2D.Sprite.Package.EditorTests.dll not valid. Loading of assembly skipped.
Assembly Unity.Collections.BurstCompatibilityGen.dll at Library/ScriptAssemblies/Unity.Collections.BurstCompatibilityGen.dll not valid. Loading of assembly skipped.
Assembly Unity.Collections.DocCodeSamples.dll at Library/ScriptAssemblies/Unity.Collections.DocCodeSamples.dll not valid. Loading of assembly skipped.
Assembly Unity.Collections.PerformanceTests.dll at Library/ScriptAssemblies/Unity.Collections.PerformanceTests.dll not valid. Loading of assembly skipped.
Assembly Unity.Collections.Tests.dll at Library/ScriptAssemblies/Unity.Collections.Tests.dll not valid. Loading of assembly skipped.
Assembly Unity.Collections.Tests.Playmode.dll at Library/ScriptAssemblies/Unity.Collections.Tests.Playmode.dll not valid. Loading of assembly skipped.
Assembly Unity.InputSystem.IntegrationTests.dll at Library/ScriptAssemblies/Unity.InputSystem.IntegrationTests.dll not valid. Loading of assembly skipped.
Assembly Unity.Mathematics.Tests.dll at Library/ScriptAssemblies/Unity.Mathematics.Tests.dll not valid. Loading of assembly skipped.
Assembly Unity.Multiplayer.Center.Editor.Tests.dll at Library/ScriptAssemblies/Unity.Multiplayer.Center.Editor.Tests.dll not valid. Loading of assembly skipped.
Assembly Unity.Multiplayer.Center.Tests.dll at Library/ScriptAssemblies/Unity.Multiplayer.Center.Tests.dll not valid. Loading of assembly skipped.
Assembly Unity.Nuget.Mono-Cecil.dll at Library/ScriptAssemblies/Unity.Nuget.Mono-Cecil.dll not valid. Loading of assembly skipped.
Assembly Unity.PathTracing.Editor.Tests.dll at Library/ScriptAssemblies/Unity.PathTracing.Editor.Tests.dll not valid. Loading of assembly skipped.
Assembly Unity.PathTracing.Runtime.Tests.dll at Library/ScriptAssemblies/Unity.PathTracing.Runtime.Tests.dll not valid. Loading of assembly skipped.
Assembly Unity.RenderPipelines.Core.Editor.Tests.dll at Library/ScriptAssemblies/Unity.RenderPipelines.Core.Editor.Tests.dll not valid. Loading of assembly skipped.
Assembly Unity.RenderPipelines.Core.Runtime.Tests.dll at Library/ScriptAssemblies/Unity.RenderPipelines.Core.Runtime.Tests.dll not valid. Loading of assembly skipped.
Assembly Unity.RenderPipelines.Universal.Config.Editor.Tests.dll at Library/ScriptAssemblies/Unity.RenderPipelines.Universal.Config.Editor.Tests.dll not valid. Loading of assembly skipped.
Assembly Unity.RenderPipelines.Universal.Editor.Tests.dll at Library/ScriptAssemblies/Unity.RenderPipelines.Universal.Editor.Tests.dll not valid. Loading of assembly skipped.
Assembly Unity.RenderPipelines.Universal.Runtime.Tests.dll at Library/ScriptAssemblies/Unity.RenderPipelines.Universal.Runtime.Tests.dll not valid. Loading of assembly skipped.
Assembly Unity.Searcher.EditorTests.dll at Library/ScriptAssemblies/Unity.Searcher.EditorTests.dll not valid. Loading of assembly skipped.
Assembly Unity.Settings.Tests.dll at Library/ScriptAssemblies/Unity.Settings.Tests.dll not valid. Loading of assembly skipped.
Assembly Unity.ShaderGraph.Editor.Tests.dll at Library/ScriptAssemblies/Unity.ShaderGraph.Editor.Tests.dll not valid. Loading of assembly skipped.
Assembly Unity.TextMeshPro.Editor.Tests.dll at Library/ScriptAssemblies/Unity.TextMeshPro.Editor.Tests.dll not valid. Loading of assembly skipped.
Assembly Unity.TextMeshPro.Tests.dll at Library/ScriptAssemblies/Unity.TextMeshPro.Tests.dll not valid. Loading of assembly skipped.
Assembly Unity.UnifiedRayTracing.Editor.Tests.dll at Library/ScriptAssemblies/Unity.UnifiedRayTracing.Editor.Tests.dll not valid. Loading of assembly skipped.
Assembly UnityEditor.UI.Common.Tests.dll at Library/ScriptAssemblies/UnityEditor.UI.Common.Tests.dll not valid. Loading of assembly skipped.
Assembly UnityEditor.UI.EditorTests.dll at Library/ScriptAssemblies/UnityEditor.UI.EditorTests.dll not valid. Loading of assembly skipped.
Assembly UnityEngine.UI.Tests.dll at Library/ScriptAssemblies/UnityEngine.UI.Tests.dll not valid. Loading of assembly skipped.
Native extension for LinuxStandalone target not found
Native extension for UWP target not found
Native extension for WindowsStandalone target not found
Native extension for OSXStandalone target not found
Native extension for WebGL target not found
[Package Manager] Failed to launch server process. Reason: Unity was launched with the -noUpm command-line argument
[Package Manager] Unable to send message (not connected to server process).
[Package Manager] Cannot connect to Unity Package Manager local server
[Package Manager] Failed to launch server process. Reason: Unity was launched with the -noUpm command-line argument
[Package Manager] Unable to send message (not connected to server process).
[Package Manager] Cannot connect to Unity Package Manager local server
[MODES] ModeService[none].Initialize
[MODES] ModeService[none].LoadModes
ScheduleIndexationOnStartup MainProcess:False IndexOnStartup:True
Mono: successfully reloaded assembly
- Finished resetting the current domain, in  0.881 seconds
Domain Reload Profiling: 1790ms
	BeginReloadAssembly (244ms)
		DisableScriptedObjects (7ms)
		CreateAndSetChildDomain (57ms)
	RebuildCommonClasses (41ms)
	RebuildNativeTypeToScriptingClass (14ms)
	initialDomainReloadingComplete (78ms)
	LoadAllAssembliesAndSetupDomain (530ms)
		LoadAssemblies (404ms)
		AnalyzeDomain (235ms)
			TypeCache.Refresh (8ms)
			BuildScriptInfoCaches (207ms)
			ResolveRequiredComponents (18ms)
	FinalizeReload (882ms)
		SetupLoadedEditorAssemblies (0ms)
			InitializePlatformSupportModulesInManaged (4ms)
			BeforeProcessingInitializeOnLoad (175ms)
			ProcessInitializeOnLoadAttributes (342ms)
			ProcessInitializeOnLoadMethodAttributes (138ms)
			AfterProcessingInitializeOnLoad (9ms)
		AwakeInstancesAfterBackupRestoration (20ms)
Unloading 25 Unused Serialized files (Serialized files now loaded: 0)
Unloading 6713 unused Assets / (5.9 MB). Loaded Objects now: 7597.
Memory consumption went from 175.5 MB to 169.6 MB.
Total: 14.036600 ms (FindLiveObjects: 0.859500 ms CreateObjectMapping: 0.490600 ms MarkObjects: 9.175700 ms  DeleteObjects: 3.509600 ms)

Prepare: number of updated asset objects reloaded= 0
Editor requested this worker to shutdown with reason: Scaling down because of idle timeout
AssetImportWorker is now disconnected from the server
Process exiting
Exiting without the bug reporter. Application will terminate with return code 0