[Licensing::Module] Trying to connect to existing licensing client channel...
Built from '6000.4/staging' branch; Version is '6000.4.1f1 (8535861f39e1) revision 8729990'; Using compiler version '194234433'; Build Type 'Release'
[Licensing::IpcConnector] Successfully connected to: "LicenseClient-Topher" at "2026-05-30T21:46:23.0865649Z"
OS: 'Windows 11  (10.0.26200) Professional' Language: 'en' Physical Memory: 32695 MB
BatchMode: 1, IsHumanControllingUs: 0, StartBugReporterOnCrash: 0, Is64bit: 1
System  architecture: x64
Process architecture: x64
Date: 2026-05-30T21:46:23Z

COMMAND LINE ARGUMENTS:
C:\Program Files\Unity\Hub\Editor\6000.4.1f1\Editor\Unity.exe
-adb2
-batchMode
-noUpm
-name
AssetImportWorker4
-projectPath
E:/IGB101/Assignment 3/IGB101 Assignment 3/Unity Project
-logFile
Logs/AssetImportWorker4.log
-srvPort
52200
-licensingIpc
LicenseClient-Topher
-force-d3d12
-job-worker-count
11
-background-job-worker-count
8
-gc-helper-count
1
-name
AssetImport
Successfully changed project path to: E:/IGB101/Assignment 3/IGB101 Assignment 3/Unity Project
E:/IGB101/Assignment 3/IGB101 Assignment 3/Unity Project
[UnityMemory] Configuration Parameters - Can be set up in boot.config
    "memorysetup-temp-allocator-size-gi-baking-worker=262144"
    "memorysetup-temp-allocator-size-gi-baking-worker=262144"
    "memorysetup-temp-allocator-size-gi-baking-worker=262144"
    "memorysetup-temp-allocator-size-gi-baking-worker=262144"
    "memorysetup-temp-allocator-size-gi-baking-worker=262144"
    "memorysetup-temp-allocator-size-nav-mesh-worker=65536"
    "memorysetup-temp-allocator-size-audio-worker=65536"
    "memorysetup-temp-allocator-size-cloud-worker=32768"
    "memorysetup-temp-allocator-size-gfx=262144"
    "memorysetup-temp-allocator-size-preload-manager=33554432"
    "memorysetup-temp-allocator-size-job-worker=262144"
    "memorysetup-temp-allocator-size-background-worker=32768"
    "memorysetup-allocator-temp-initial-block-size-main=262144"
    "memorysetup-allocator-temp-initial-block-size-worker=262144"
    "memorysetup-bucket-allocator-granularity=16"
    "memorysetup-bucket-allocator-bucket-count=8"
    "memorysetup-bucket-allocator-block-size=33554432"
    "memorysetup-bucket-allocator-block-count=8"
    "memorysetup-main-allocator-block-size=16777216"
    "memorysetup-thread-allocator-block-size=16777216"
    "memorysetup-gfx-main-allocator-block-size=16777216"
    "memorysetup-gfx-thread-allocator-block-size=16777216"
    "memorysetup-cache-allocator-block-size=4194304"
    "memorysetup-typetree-allocator-block-size=2097152"
    "memorysetup-profiler-bucket-allocator-granularity=16"
    "memorysetup-profiler-bucket-allocator-bucket-count=8"
    "memorysetup-profiler-bucket-allocator-block-size=33554432"
    "memorysetup-profiler-bucket-allocator-block-count=8"
    "memorysetup-profiler-allocator-block-size=16777216"
    "memorysetup-profiler-editor-allocator-block-size=1048576"
    "memorysetup-temp-allocator-size-main=16777216"
    "memorysetup-job-temp-allocator-block-size=2097152"
    "memorysetup-job-temp-allocator-block-size-background=1048576"
    "memorysetup-job-temp-allocator-reduction-small-platforms=262144"
Player connection [28304]  Target information:

Player connection [28304]  * "[IP] 10.0.0.34 [Port] 0 [Flags] 2 [Guid] 3445270092 [EditorId] 3445270092 [Version] 1048832 [Id] WindowsEditor(7,Basestation) [Debug] 1 [PackageName] WindowsEditor [ProjectName] Editor" 

Player connection [28304] Host joined multi-casting on [225.0.0.222:54997]...
Player connection [28304] Host joined alternative multi-casting on [225.0.0.222:34997]...
JobSystem: Creating JobQueue using job-worker-count value 11
Input System module state changed to: Initialized.
[Physics::Module] Initialized fallback backend.
[Physics::Module] Id: 0xdecafbad
Library Redirect Path: Library/
[Physics::Module] Selected backend.
[Physics::Module] Name: PhysX
[Physics::Module] Id: 0xf2b8ea05
[Physics::Module] SDK Version: 4.1.2
[Physics::Module] Integration Version: 1.0.0
[Physics::Module] Threading Mode: Multi-Threaded
Refreshing native plugins compatible for Editor in 3.16 ms, found 3 plugins.
Initialize engine version: 6000.4.1f1 (8535861f39e1)
[Subsystems] Discovering subsystems at path C:/Program Files/Unity/Hub/Editor/6000.4.1f1/Editor/Data/Resources/UnitySubsystems
[Subsystems] Discovering subsystems at path E:/IGB101/Assignment 3/IGB101 Assignment 3/Unity Project/Assets
Forcing GfxDevice: Direct3D 12
GfxDevice: creating device client; kGfxThreadingModeNonThreaded
d3d12: failed to query info queue interface (0x80004002).
Direct3D:
    Version:         Direct3D 12 [level 12.2]
    Renderer:        NVIDIA GeForce RTX 3060 Ti (ID=0x2489)
    Vendor:          NVIDIA
    VRAM:            8024 MB
    App VRAM Budget: 7256 MB
    Driver:          32.0.15.9649
Initialize mono
Mono path[0] = 'C:/Program Files/Unity/Hub/Editor/6000.4.1f1/Editor/Data/Managed'
Mono path[1] = 'C:/Program Files/Unity/Hub/Editor/6000.4.1f1/Editor/Data/MonoBleedingEdge/lib/mono/unityjit-win32'
Mono config path = 'C:/Program Files/Unity/Hub/Editor/6000.4.1f1/Editor/Data/MonoBleedingEdge/etc'
Using monoOptions --debugger-agent=transport=dt_socket,embedding=1,server=y,suspend=n,address=127.0.0.1:56480
CodeReloadManager initialized
Begin MonoManager ReloadAssembly
[Licensing::Client] Error: HandshakeResponse reported an error:
	ResponseCode: 505
	ResponseStatus: Unsupported protocol version '1.18.1'.
[Licensing::Module] Error: Failed to handshake to channel: "LicenseClient-Topher"
[Licensing::IpcConnector] LicenseClient-Topher channel disconnected successfully.
[Licensing::IpcConnector] Successfully connected to: "LicenseClient-Topher-6000.4.1" at "2026-05-30T21:46:24.2166182Z"
Registering precompiled unity dll's ...
Register platform support module: C:/Program Files/Unity/Hub/Editor/6000.4.1f1/Editor/Data/PlaybackEngines/WebGLSupport/UnityEditor.WebGL.Extensions.dll
Register platform support module: C:/Program Files/Unity/Hub/Editor/6000.4.1f1/Editor/Data/PlaybackEngines/MacStandaloneSupport/UnityEditor.OSXStandalone.Extensions.dll
Register platform support module: C:/Program Files/Unity/Hub/Editor/6000.4.1f1/Editor/Data/PlaybackEngines/WindowsStandaloneSupport/UnityEditor.WindowsStandalone.Extensions.dll
[Licensing::Module] Licensing is not yet initialized.
[Licensing::Client] Handshaking with LicensingClient:
  Version:                 1.18.1+9fbee8e
  Session Id:              8442119f14c84a0ca368e6dca5bc5aac
  Correlation Id:          1b4523989e0634530684a14472fe3b42
  External correlation Id: 1659734625693828886
  Machine Id:              iUDX2bORcETEJuoiLUZ8i8pfw80=
[Licensing::Module] Successfully connected to LicensingClient on channel: "LicenseClient-Topher-6000.4.1" (connect: 0.00s, validation: 0.00s, handshake: 0.94s)
[Licensing::IpcConnector] Successfully connected to: "LicenseClient-Topher-6000.4.1-notifications" at "2026-05-30T21:46:25.160659Z"
[Licensing::Module] Licensing Background thread has ended after 2.07s
[Licensing::Module] Licensing is initialized (took 0.76s).
[Licensing::Client] Successfully resolved entitlement details
[Licensing::Module] License group:
  Id: 16768250851423-UnityPersXXXX
  Product: Unity Personal
  Type: Assigned
  Expiration: Unlimited
Register platform support module: C:/Program Files/Unity/Hub/Editor/6000.4.1f1/Editor/Data/PlaybackEngines/MetroSupport/UnityEditor.UWP.Extensions.dll
Register platform support module: C:/Program Files/Unity/Hub/Editor/6000.4.1f1/Editor/Data/PlaybackEngines/LinuxStandaloneSupport/UnityEditor.LinuxStandalone.Extensions.dll
Registered in 0.769323 seconds.
Native extension for LinuxStandalone target not found
Native extension for UWP target not found
Native extension for WindowsStandalone target not found
Native extension for OSXStandalone target not found
Native extension for WebGL target not found
Package Manager log level set to [2]
[Package Manager] Failed to launch server process. Reason: Unity was launched with the -noUpm command-line argument
[Package Manager] Unable to send message (not connected to server process).
[Package Manager] Cannot connect to Unity Package Manager local server
[Package Manager] Failed to launch server process. Reason: Unity was launched with the -noUpm command-line argument
[Package Manager] Unable to send message (not connected to server process).
[Package Manager] Cannot connect to Unity Package Manager local server
ScheduleIndexationOnStartup MainProcess:False IndexOnStartup:True
Mono: successfully reloaded assembly
- Finished resetting the current domain, in  0.491 seconds
Domain Reload Profiling: 1780ms
	BeginReloadAssembly (148ms)
	RebuildCommonClasses (45ms)
	RebuildNativeTypeToScriptingClass (14ms)
	initialDomainReloadingComplete (841ms)
	LoadAllAssembliesAndSetupDomain (238ms)
		LoadAssemblies (145ms)
		AnalyzeDomain (226ms)
			TypeCache.Refresh (225ms)
				TypeCache.ScanAssembly (211ms)
	FinalizeReload (493ms)
		SetupLoadedEditorAssemblies (0ms)
			InitializePlatformSupportModulesInManaged (62ms)
			BeforeProcessingInitializeOnLoad (107ms)
			ProcessInitializeOnLoadAttributes (137ms)
			ProcessInitializeOnLoadMethodAttributes (99ms)
========================================================================
Worker process is ready to serve import requests
Import Worker Mode flag is 0x00
Begin MonoManager ReloadAssembly
[Licensing::Client] Successfully resolved entitlement details
Assembly Assembly-CSharp-Editor-firstpass.dll at Library/ScriptAssemblies/Assembly-CSharp-Editor-firstpass.dll not valid. Loading of assembly skipped.
Assembly Assembly-CSharp-Editor.dll at Library/ScriptAssemblies/Assembly-CSharp-Editor.dll not valid. Loading of assembly skipped.
Assembly Assembly-CSharp-firstpass.dll at Library/ScriptAssemblies/Assembly-CSharp-firstpass.dll not valid. Loading of assembly skipped.
Assembly DocCodeExamples.dll at Library/ScriptAssemblies/DocCodeExamples.dll not valid. Loading of assembly skipped.
Assembly TestNewCustomAssembly.dll at Library/ScriptAssemblies/TestNewCustomAssembly.dll not valid. Loading of assembly skipped.
Assembly Unity.2D.Sprite.Package.EditorTests.dll at Library/ScriptAssemblies/Unity.2D.Sprite.Package.EditorTests.dll not valid. Loading of assembly skipped.
Assembly Unity.Collections.BurstCompatibilityGen.dll at Library/ScriptAssemblies/Unity.Collections.BurstCompatibilityGen.dll not valid. Loading of assembly skipped.
Assembly Unity.Collections.DocCodeSamples.dll at Library/ScriptAssemblies/Unity.Collections.DocCodeSamples.dll not valid. Loading of assembly skipped.
Assembly Unity.Collections.PerformanceTests.dll at Library/ScriptAssemblies/Unity.Collections.PerformanceTests.dll not valid. Loading of assembly skipped.
Assembly Unity.Collections.Tests.dll at Library/ScriptAssemblies/Unity.Collections.Tests.dll not valid. Loading of assembly skipped.
Assembly Unity.Collections.Tests.Playmode.dll at Library/ScriptAssemblies/Unity.Collections.Tests.Playmode.dll not valid. Loading of assembly skipped.
Assembly Unity.InputSystem.IntegrationTests.dll at Library/ScriptAssemblies/Unity.InputSystem.IntegrationTests.dll not valid. Loading of assembly skipped.
Assembly Unity.Mathematics.Tests.dll at Library/ScriptAssemblies/Unity.Mathematics.Tests.dll not valid. Loading of assembly skipped.
Assembly Unity.Multiplayer.Center.Editor.Tests.dll at Library/ScriptAssemblies/Unity.Multiplayer.Center.Editor.Tests.dll not valid. Loading of assembly skipped.
Assembly Unity.Multiplayer.Center.Tests.dll at Library/ScriptAssemblies/Unity.Multiplayer.Center.Tests.dll not valid. Loading of assembly skipped.
Assembly Unity.Nuget.Mono-Cecil.dll at Library/ScriptAssemblies/Unity.Nuget.Mono-Cecil.dll not valid. Loading of assembly skipped.
Assembly Unity.PathTracing.Editor.Tests.dll at Library/ScriptAssemblies/Unity.PathTracing.Editor.Tests.dll not valid. Loading of assembly skipped.
Assembly Unity.PathTracing.Runtime.Tests.dll at Library/ScriptAssemblies/Unity.PathTracing.Runtime.Tests.dll not valid. Loading of assembly skipped.
Assembly Unity.RenderPipelines.Core.Editor.Tests.dll at Library/ScriptAssemblies/Unity.RenderPipelines.Core.Editor.Tests.dll not valid. Loading of assembly skipped.
Assembly Unity.RenderPipelines.Core.Runtime.Tests.dll at Library/ScriptAssemblies/Unity.RenderPipelines.Core.Runtime.Tests.dll not valid. Loading of assembly skipped.
Assembly Unity.RenderPipelines.Universal.Config.Editor.Tests.dll at Library/ScriptAssemblies/Unity.RenderPipelines.Universal.Config.Editor.Tests.dll not valid. Loading of assembly skipped.
Assembly Unity.RenderPipelines.Universal.Editor.Tests.dll at Library/ScriptAssemblies/Unity.RenderPipelines.Universal.Editor.Tests.dll not valid. Loading of assembly skipped.
Assembly Unity.RenderPipelines.Universal.Runtime.Tests.dll at Library/ScriptAssemblies/Unity.RenderPipelines.Universal.Runtime.Tests.dll not valid. Loading of assembly skipped.
Assembly Unity.Searcher.EditorTests.dll at Library/ScriptAssemblies/Unity.Searcher.EditorTests.dll not valid. Loading of assembly skipped.
Assembly Unity.Settings.Tests.dll at Library/ScriptAssemblies/Unity.Settings.Tests.dll not valid. Loading of assembly skipped.
Assembly Unity.ShaderGraph.Editor.Tests.dll at Library/ScriptAssemblies/Unity.ShaderGraph.Editor.Tests.dll not valid. Loading of assembly skipped.
Assembly Unity.TextMeshPro.Editor.Tests.dll at Library/ScriptAssemblies/Unity.TextMeshPro.Editor.Tests.dll not valid. Loading of assembly skipped.
Assembly Unity.TextMeshPro.Tests.dll at Library/ScriptAssemblies/Unity.TextMeshPro.Tests.dll not valid. Loading of assembly skipped.
Assembly Unity.UnifiedRayTracing.Editor.Tests.dll at Library/ScriptAssemblies/Unity.UnifiedRayTracing.Editor.Tests.dll not valid. Loading of assembly skipped.
Assembly UnityEditor.UI.Common.Tests.dll at Library/ScriptAssemblies/UnityEditor.UI.Common.Tests.dll not valid. Loading of assembly skipped.
Assembly UnityEditor.UI.EditorTests.dll at Library/ScriptAssemblies/UnityEditor.UI.EditorTests.dll not valid. Loading of assembly skipped.
Assembly UnityEngine.UI.Tests.dll at Library/ScriptAssemblies/UnityEngine.UI.Tests.dll not valid. Loading of assembly skipped.
Asset path could not be found for script compilation file '/Assets/Scripts/AutomaticCameraMovement.cs'
Asset path could not be found for script compilation file '/Assets/Scripts/CameraMovement.cs'
Asset path could not be found for script compilation file '/Assets/Scripts/CubeEffects.cs'
Asset path could not be found for script compilation file '/Assets/Scripts/GameManager.cs'
Asset path could not be found for script compilation file '/Assets/Scripts/LevelSwitch.cs'
Asset path could not be found for script compilation file '/Assets/Scripts/Pickup.cs'
Asset path could not be found for script compilation file '/Assets/Scripts/TestScript.cs'
Native extension for LinuxStandalone target not found
Native extension for UWP target not found
Native extension for WindowsStandalone target not found
Native extension for OSXStandalone target not found
Native extension for WebGL target not found
[Package Manager] Failed to launch server process. Reason: Unity was launched with the -noUpm command-line argument
[Package Manager] Unable to send message (not connected to server process).
[Package Manager] Cannot connect to Unity Package Manager local server
[Package Manager] Failed to launch server process. Reason: Unity was launched with the -noUpm command-line argument
[Package Manager] Unable to send message (not connected to server process).
[Package Manager] Cannot connect to Unity Package Manager local server
[MODES] ModeService[none].Initialize
[MODES] ModeService[none].LoadModes
[MODES] Loading mode Default (0) for mode-current-id-Assignment 2
ScheduleIndexationOnStartup MainProcess:False IndexOnStartup:True
Mono: successfully reloaded assembly
- Finished resetting the current domain, in  0.986 seconds
Domain Reload Profiling: 1930ms
	BeginReloadAssembly (200ms)
		DisableScriptedObjects (6ms)
		CreateAndSetChildDomain (33ms)
	RebuildCommonClasses (44ms)
	RebuildNativeTypeToScriptingClass (15ms)
	initialDomainReloadingComplete (85ms)
	LoadAllAssembliesAndSetupDomain (601ms)
		LoadAssemblies (389ms)
		AnalyzeDomain (320ms)
			TypeCache.Refresh (216ms)
				TypeCache.ScanAssembly (198ms)
			BuildScriptInfoCaches (89ms)
			ResolveRequiredComponents (12ms)
	FinalizeReload (986ms)
		SetupLoadedEditorAssemblies (0ms)
			InitializePlatformSupportModulesInManaged (5ms)
			BeforeProcessingInitializeOnLoad (188ms)
			ProcessInitializeOnLoadAttributes (395ms)
			ProcessInitializeOnLoadMethodAttributes (129ms)
			AfterProcessingInitializeOnLoad (7ms)
		AwakeInstancesAfterBackupRestoration (7ms)
Launched and connected shader compiler UnityShaderCompiler.exe after 0.01 seconds
Unloading 25 Unused Serialized files (Serialized files now loaded: 0)
Unloading 6714 unused Assets / (5.4 MB). Loaded Objects now: 7553.
Memory consumption went from 158.9 MB to 153.5 MB.
Total: 11.314900 ms (FindLiveObjects: 0.933700 ms CreateObjectMapping: 0.458300 ms MarkObjects: 7.375400 ms  DeleteObjects: 2.544400 ms)

========================================================================
Received Prepare
Begin MonoManager ReloadAssembly
Assembly Assembly-CSharp-Editor-firstpass.dll at Library/ScriptAssemblies/Assembly-CSharp-Editor-firstpass.dll not valid. Loading of assembly skipped.
Assembly Assembly-CSharp-Editor.dll at Library/ScriptAssemblies/Assembly-CSharp-Editor.dll not valid. Loading of assembly skipped.
Assembly Assembly-CSharp-firstpass.dll at Library/ScriptAssemblies/Assembly-CSharp-firstpass.dll not valid. Loading of assembly skipped.
Assembly DocCodeExamples.dll at Library/ScriptAssemblies/DocCodeExamples.dll not valid. Loading of assembly skipped.
Assembly TestNewCustomAssembly.dll at Library/ScriptAssemblies/TestNewCustomAssembly.dll not valid. Loading of assembly skipped.
Assembly Unity.2D.Sprite.Package.EditorTests.dll at Library/ScriptAssemblies/Unity.2D.Sprite.Package.EditorTests.dll not valid. Loading of assembly skipped.
Assembly Unity.Collections.BurstCompatibilityGen.dll at Library/ScriptAssemblies/Unity.Collections.BurstCompatibilityGen.dll not valid. Loading of assembly skipped.
Assembly Unity.Collections.DocCodeSamples.dll at Library/ScriptAssemblies/Unity.Collections.DocCodeSamples.dll not valid. Loading of assembly skipped.
Assembly Unity.Collections.PerformanceTests.dll at Library/ScriptAssemblies/Unity.Collections.PerformanceTests.dll not valid. Loading of assembly skipped.
Assembly Unity.Collections.Tests.dll at Library/ScriptAssemblies/Unity.Collections.Tests.dll not valid. Loading of assembly skipped.
Assembly Unity.Collections.Tests.Playmode.dll at Library/ScriptAssemblies/Unity.Collections.Tests.Playmode.dll not valid. Loading of assembly skipped.
Assembly Unity.InputSystem.IntegrationTests.dll at Library/ScriptAssemblies/Unity.InputSystem.IntegrationTests.dll not valid. Loading of assembly skipped.
Assembly Unity.Mathematics.Tests.dll at Library/ScriptAssemblies/Unity.Mathematics.Tests.dll not valid. Loading of assembly skipped.
Assembly Unity.Multiplayer.Center.Editor.Tests.dll at Library/ScriptAssemblies/Unity.Multiplayer.Center.Editor.Tests.dll not valid. Loading of assembly skipped.
Assembly Unity.Multiplayer.Center.Tests.dll at Library/ScriptAssemblies/Unity.Multiplayer.Center.Tests.dll not valid. Loading of assembly skipped.
Assembly Unity.Nuget.Mono-Cecil.dll at Library/ScriptAssemblies/Unity.Nuget.Mono-Cecil.dll not valid. Loading of assembly skipped.
Assembly Unity.PathTracing.Editor.Tests.dll at Library/ScriptAssemblies/Unity.PathTracing.Editor.Tests.dll not valid. Loading of assembly skipped.
Assembly Unity.PathTracing.Runtime.Tests.dll at Library/ScriptAssemblies/Unity.PathTracing.Runtime.Tests.dll not valid. Loading of assembly skipped.
Assembly Unity.RenderPipelines.Core.Editor.Tests.dll at Library/ScriptAssemblies/Unity.RenderPipelines.Core.Editor.Tests.dll not valid. Loading of assembly skipped.
Assembly Unity.RenderPipelines.Core.Runtime.Tests.dll at Library/ScriptAssemblies/Unity.RenderPipelines.Core.Runtime.Tests.dll not valid. Loading of assembly skipped.
Assembly Unity.RenderPipelines.Universal.Config.Editor.Tests.dll at Library/ScriptAssemblies/Unity.RenderPipelines.Universal.Config.Editor.Tests.dll not valid. Loading of assembly skipped.
Assembly Unity.RenderPipelines.Universal.Editor.Tests.dll at Library/ScriptAssemblies/Unity.RenderPipelines.Universal.Editor.Tests.dll not valid. Loading of assembly skipped.
Assembly Unity.RenderPipelines.Universal.Runtime.Tests.dll at Library/ScriptAssemblies/Unity.RenderPipelines.Universal.Runtime.Tests.dll not valid. Loading of assembly skipped.
Assembly Unity.Searcher.EditorTests.dll at Library/ScriptAssemblies/Unity.Searcher.EditorTests.dll not valid. Loading of assembly skipped.
Assembly Unity.Settings.Tests.dll at Library/ScriptAssemblies/Unity.Settings.Tests.dll not valid. Loading of assembly skipped.
Assembly Unity.ShaderGraph.Editor.Tests.dll at Library/ScriptAssemblies/Unity.ShaderGraph.Editor.Tests.dll not valid. Loading of assembly skipped.
Assembly Unity.TextMeshPro.Editor.Tests.dll at Library/ScriptAssemblies/Unity.TextMeshPro.Editor.Tests.dll not valid. Loading of assembly skipped.
Assembly Unity.TextMeshPro.Tests.dll at Library/ScriptAssemblies/Unity.TextMeshPro.Tests.dll not valid. Loading of assembly skipped.
Assembly Unity.UnifiedRayTracing.Editor.Tests.dll at Library/ScriptAssemblies/Unity.UnifiedRayTracing.Editor.Tests.dll not valid. Loading of assembly skipped.
Assembly UnityEditor.UI.Common.Tests.dll at Library/ScriptAssemblies/UnityEditor.UI.Common.Tests.dll not valid. Loading of assembly skipped.
Assembly UnityEditor.UI.EditorTests.dll at Library/ScriptAssemblies/UnityEditor.UI.EditorTests.dll not valid. Loading of assembly skipped.
Assembly UnityEngine.UI.Tests.dll at Library/ScriptAssemblies/UnityEngine.UI.Tests.dll not valid. Loading of assembly skipped.
Native extension for LinuxStandalone target not found
Native extension for UWP target not found
Native extension for WindowsStandalone target not found
Native extension for OSXStandalone target not found
Native extension for WebGL target not found
[Package Manager] Failed to launch server process. Reason: Unity was launched with the -noUpm command-line argument
[Package Manager] Unable to send message (not connected to server process).
[Package Manager] Cannot connect to Unity Package Manager local server
[Package Manager] Failed to launch server process. Reason: Unity was launched with the -noUpm command-line argument
[Package Manager] Unable to send message (not connected to server process).
[Package Manager] Cannot connect to Unity Package Manager local server
[MODES] ModeService[none].Initialize
[MODES] ModeService[none].LoadModes
ScheduleIndexationOnStartup MainProcess:False IndexOnStartup:True
Mono: successfully reloaded assembly
- Finished resetting the current domain, in  0.946 seconds
Domain Reload Profiling: 1823ms
	BeginReloadAssembly (233ms)
		DisableScriptedObjects (7ms)
		CreateAndSetChildDomain (55ms)
	RebuildCommonClasses (42ms)
	RebuildNativeTypeToScriptingClass (14ms)
	initialDomainReloadingComplete (64ms)
	LoadAllAssembliesAndSetupDomain (523ms)
		LoadAssemblies (376ms)
		AnalyzeDomain (250ms)
			TypeCache.Refresh (11ms)
			BuildScriptInfoCaches (225ms)
			ResolveRequiredComponents (12ms)
	FinalizeReload (946ms)
		SetupLoadedEditorAssemblies (0ms)
			InitializePlatformSupportModulesInManaged (5ms)
			BeforeProcessingInitializeOnLoad (204ms)
			ProcessInitializeOnLoadAttributes (362ms)
			ProcessInitializeOnLoadMethodAttributes (136ms)
			AfterProcessingInitializeOnLoad (9ms)
		AwakeInstancesAfterBackupRestoration (20ms)
Unloading 25 Unused Serialized files (Serialized files now loaded: 0)
Unloading 6712 unused Assets / (5.3 MB). Loaded Objects now: 7569.
Memory consumption went from 168.0 MB to 162.7 MB.
Total: 9.826800 ms (FindLiveObjects: 0.796600 ms CreateObjectMapping: 0.485700 ms MarkObjects: 5.886600 ms  DeleteObjects: 2.656700 ms)

Prepare: number of updated asset objects reloaded= 0
========================================================================
Received Import Request.
  Time since last request: 10084.567809 seconds.
  path: Assets/Settings
  importAddress: Guid(709f11a7f3c4041caa4ef136ea32d874) Importer(815301076,1909f56bfc062723c751e8b465ee728b)
Start importing Assets/Settings using Guid(709f11a7f3c4041caa4ef136ea32d874) Importer(815301076,1909f56bfc062723c751e8b465ee728b) (PreviewImporter) -> (Import Result ID: 'abc8b6498ec2f3a61f19244a6bdba2ea') in 0.0064727 seconds [static and dynamic dependencies]. Details - ImportResultOutputID=2ac426a5c34a15e4dcbd7798cf13dc58 DependenciesID=243aea46cf61efa6e6312f052cecc450 StaticDependenciesID=11595db56d4f593f9f97f80d2317de3d 
Number of updated asset objects reloaded before import = 0Number of asset objects unloaded after import = 0

========================================================================
Received Prepare
Unloading 25 Unused Serialized files (Serialized files now loaded: 0)
Unloading 6706 unused Assets / (6.1 MB). Loaded Objects now: 7571.
Memory consumption went from 170.0 MB to 163.9 MB.
Total: 13.167200 ms (FindLiveObjects: 0.925100 ms CreateObjectMapping: 0.476500 ms MarkObjects: 7.840800 ms  DeleteObjects: 3.923300 ms)

Prepare: number of updated asset objects reloaded= 0
========================================================================
Received Prepare
Begin MonoManager ReloadAssembly
Assembly Assembly-CSharp-Editor-firstpass.dll at Library/ScriptAssemblies/Assembly-CSharp-Editor-firstpass.dll not valid. Loading of assembly skipped.
Assembly Assembly-CSharp-Editor.dll at Library/ScriptAssemblies/Assembly-CSharp-Editor.dll not valid. Loading of assembly skipped.
Assembly Assembly-CSharp-firstpass.dll at Library/ScriptAssemblies/Assembly-CSharp-firstpass.dll not valid. Loading of assembly skipped.
Assembly DocCodeExamples.dll at Library/ScriptAssemblies/DocCodeExamples.dll not valid. Loading of assembly skipped.
Assembly TestNewCustomAssembly.dll at Library/ScriptAssemblies/TestNewCustomAssembly.dll not valid. Loading of assembly skipped.
Assembly Unity.2D.Sprite.Package.EditorTests.dll at Library/ScriptAssemblies/Unity.2D.Sprite.Package.EditorTests.dll not valid. Loading of assembly skipped.
Assembly Unity.Collections.BurstCompatibilityGen.dll at Library/ScriptAssemblies/Unity.Collections.BurstCompatibilityGen.dll not valid. Loading of assembly skipped.
Assembly Unity.Collections.DocCodeSamples.dll at Library/ScriptAssemblies/Unity.Collections.DocCodeSamples.dll not valid. Loading of assembly skipped.
Assembly Unity.Collections.PerformanceTests.dll at Library/ScriptAssemblies/Unity.Collections.PerformanceTests.dll not valid. Loading of assembly skipped.
Assembly Unity.Collections.Tests.dll at Library/ScriptAssemblies/Unity.Collections.Tests.dll not valid. Loading of assembly skipped.
Assembly Unity.Collections.Tests.Playmode.dll at Library/ScriptAssemblies/Unity.Collections.Tests.Playmode.dll not valid. Loading of assembly skipped.
Assembly Unity.InputSystem.IntegrationTests.dll at Library/ScriptAssemblies/Unity.InputSystem.IntegrationTests.dll not valid. Loading of assembly skipped.
Assembly Unity.Mathematics.Tests.dll at Library/ScriptAssemblies/Unity.Mathematics.Tests.dll not valid. Loading of assembly skipped.
Assembly Unity.Multiplayer.Center.Editor.Tests.dll at Library/ScriptAssemblies/Unity.Multiplayer.Center.Editor.Tests.dll not valid. Loading of assembly skipped.
Assembly Unity.Multiplayer.Center.Tests.dll at Library/ScriptAssemblies/Unity.Multiplayer.Center.Tests.dll not valid. Loading of assembly skipped.
Assembly Unity.Nuget.Mono-Cecil.dll at Library/ScriptAssemblies/Unity.Nuget.Mono-Cecil.dll not valid. Loading of assembly skipped.
Assembly Unity.PathTracing.Editor.Tests.dll at Library/ScriptAssemblies/Unity.PathTracing.Editor.Tests.dll not valid. Loading of assembly skipped.
Assembly Unity.PathTracing.Runtime.Tests.dll at Library/ScriptAssemblies/Unity.PathTracing.Runtime.Tests.dll not valid. Loading of assembly skipped.
Assembly Unity.RenderPipelines.Core.Editor.Tests.dll at Library/ScriptAssemblies/Unity.RenderPipelines.Core.Editor.Tests.dll not valid. Loading of assembly skipped.
Assembly Unity.RenderPipelines.Core.Runtime.Tests.dll at Library/ScriptAssemblies/Unity.RenderPipelines.Core.Runtime.Tests.dll not valid. Loading of assembly skipped.
Assembly Unity.RenderPipelines.Universal.Config.Editor.Tests.dll at Library/ScriptAssemblies/Unity.RenderPipelines.Universal.Config.Editor.Tests.dll not valid. Loading of assembly skipped.
Assembly Unity.RenderPipelines.Universal.Editor.Tests.dll at Library/ScriptAssemblies/Unity.RenderPipelines.Universal.Editor.Tests.dll not valid. Loading of assembly skipped.
Assembly Unity.RenderPipelines.Universal.Runtime.Tests.dll at Library/ScriptAssemblies/Unity.RenderPipelines.Universal.Runtime.Tests.dll not valid. Loading of assembly skipped.
Assembly Unity.Searcher.EditorTests.dll at Library/ScriptAssemblies/Unity.Searcher.EditorTests.dll not valid. Loading of assembly skipped.
Assembly Unity.Settings.Tests.dll at Library/ScriptAssemblies/Unity.Settings.Tests.dll not valid. Loading of assembly skipped.
Assembly Unity.ShaderGraph.Editor.Tests.dll at Library/ScriptAssemblies/Unity.ShaderGraph.Editor.Tests.dll not valid. Loading of assembly skipped.
Assembly Unity.TextMeshPro.Editor.Tests.dll at Library/ScriptAssemblies/Unity.TextMeshPro.Editor.Tests.dll not valid. Loading of assembly skipped.
Assembly Unity.TextMeshPro.Tests.dll at Library/ScriptAssemblies/Unity.TextMeshPro.Tests.dll not valid. Loading of assembly skipped.
Assembly Unity.UnifiedRayTracing.Editor.Tests.dll at Library/ScriptAssemblies/Unity.UnifiedRayTracing.Editor.Tests.dll not valid. Loading of assembly skipped.
Assembly UnityEditor.UI.Common.Tests.dll at Library/ScriptAssemblies/UnityEditor.UI.Common.Tests.dll not valid. Loading of assembly skipped.
Assembly UnityEditor.UI.EditorTests.dll at Library/ScriptAssemblies/UnityEditor.UI.EditorTests.dll not valid. Loading of assembly skipped.
Assembly UnityEngine.UI.Tests.dll at Library/ScriptAssemblies/UnityEngine.UI.Tests.dll not valid. Loading of assembly skipped.
Native extension for LinuxStandalone target not found
Native extension for UWP target not found
Native extension for WindowsStandalone target not found
Native extension for OSXStandalone target not found
Native extension for WebGL target not found
[Package Manager] Failed to launch server process. Reason: Unity was launched with the -noUpm command-line argument
[Package Manager] Unable to send message (not connected to server process).
[Package Manager] Cannot connect to Unity Package Manager local server
[Package Manager] Failed to launch server process. Reason: Unity was launched with the -noUpm command-line argument
[Package Manager] Unable to send message (not connected to server process).
[Package Manager] Cannot connect to Unity Package Manager local server
[MODES] ModeService[none].Initialize
[MODES] ModeService[none].LoadModes
ScheduleIndexationOnStartup MainProcess:False IndexOnStartup:True
Mono: successfully reloaded assembly
- Finished resetting the current domain, in  0.908 seconds
Domain Reload Profiling: 1808ms
	BeginReloadAssembly (232ms)
		DisableScriptedObjects (7ms)
		CreateAndSetChildDomain (50ms)
	RebuildCommonClasses (44ms)
	RebuildNativeTypeToScriptingClass (17ms)
	initialDomainReloadingComplete (71ms)
	LoadAllAssembliesAndSetupDomain (536ms)
		LoadAssemblies (408ms)
		AnalyzeDomain (237ms)
			TypeCache.Refresh (13ms)
			BuildScriptInfoCaches (208ms)
			ResolveRequiredComponents (14ms)
	FinalizeReload (909ms)
		SetupLoadedEditorAssemblies (0ms)
			InitializePlatformSupportModulesInManaged (4ms)
			BeforeProcessingInitializeOnLoad (208ms)
			ProcessInitializeOnLoadAttributes (348ms)
			ProcessInitializeOnLoadMethodAttributes (128ms)
			AfterProcessingInitializeOnLoad (7ms)
		AwakeInstancesAfterBackupRestoration (19ms)
Unloading 25 Unused Serialized files (Serialized files now loaded: 0)
Unloading 6712 unused Assets / (5.1 MB). Loaded Objects now: 7574.
Memory consumption went from 173.2 MB to 168.1 MB.
Total: 9.757700 ms (FindLiveObjects: 0.820900 ms CreateObjectMapping: 0.422100 ms MarkObjects: 5.978600 ms  DeleteObjects: 2.535000 ms)

Prepare: number of updated asset objects reloaded= 0
========================================================================
Received Import Request.
  Time since last request: 44.876282 seconds.
  path: Assets/Models & Prefabs/Demo Scenes
  importAddress: Guid(b1713ebdc75b45a4ba10a58b31351e97) Importer(815301076,1909f56bfc062723c751e8b465ee728b)
Start importing Assets/Models & Prefabs/Demo Scenes using Guid(b1713ebdc75b45a4ba10a58b31351e97) Importer(815301076,1909f56bfc062723c751e8b465ee728b) (PreviewImporter) -> (Import Result ID: '4ab82bb2a217e57a33b26d2493983459') in 0.0026559 seconds [static and dynamic dependencies]. Details - ImportResultOutputID=39508246d0d48ca994ebffbea9cc8277 DependenciesID=6bf9de5cdcafbc32423b030d598acb6c StaticDependenciesID=1b9a704e327d3ca61b954d577d420e92 
Number of updated asset objects reloaded before import = 0Number of asset objects unloaded after import = 0

========================================================================
Received Import Request.
  Time since last request: 13.130888 seconds.
  path: Assets/Topher Assets/Models & Prefabs/PSX Mega Pack 3.1.3
  importAddress: Guid(e7f14c0e91b9e6341af657184eff4098) Importer(815301076,1909f56bfc062723c751e8b465ee728b)
Start importing Assets/Topher Assets/Models & Prefabs/PSX Mega Pack 3.1.3 using Guid(e7f14c0e91b9e6341af657184eff4098) Importer(815301076,1909f56bfc062723c751e8b465ee728b) (PreviewImporter) -> (Import Result ID: 'dafe9eced67d80cbdc7240c403c7cbf8') in 0.000604 seconds [static and dynamic dependencies]. Details - ImportResultOutputID=16ba3df838a838b0d4b80638c94152c4 DependenciesID=d51af8bb3e2d94f73eefdb8d904563d6 StaticDependenciesID=ef757f1540215b7f56c9023a564b60a1 
Number of updated asset objects reloaded before import = 0Number of asset objects unloaded after import = 0

========================================================================
Received Prepare
Begin MonoManager ReloadAssembly
[Licensing::Client] Successfully resolved entitlement details
Assembly Assembly-CSharp-Editor-firstpass.dll at Library/ScriptAssemblies/Assembly-CSharp-Editor-firstpass.dll not valid. Loading of assembly skipped.
Assembly Assembly-CSharp-Editor.dll at Library/ScriptAssemblies/Assembly-CSharp-Editor.dll not valid. Loading of assembly skipped.
Assembly Assembly-CSharp-firstpass.dll at Library/ScriptAssemblies/Assembly-CSharp-firstpass.dll not valid. Loading of assembly skipped.
Assembly DocCodeExamples.dll at Library/ScriptAssemblies/DocCodeExamples.dll not valid. Loading of assembly skipped.
Assembly TestNewCustomAssembly.dll at Library/ScriptAssemblies/TestNewCustomAssembly.dll not valid. Loading of assembly skipped.
Assembly Unity.2D.Sprite.Package.EditorTests.dll at Library/ScriptAssemblies/Unity.2D.Sprite.Package.EditorTests.dll not valid. Loading of assembly skipped.
Assembly Unity.Collections.BurstCompatibilityGen.dll at Library/ScriptAssemblies/Unity.Collections.BurstCompatibilityGen.dll not valid. Loading of assembly skipped.
Assembly Unity.Collections.DocCodeSamples.dll at Library/ScriptAssemblies/Unity.Collections.DocCodeSamples.dll not valid. Loading of assembly skipped.
Assembly Unity.Collections.PerformanceTests.dll at Library/ScriptAssemblies/Unity.Collections.PerformanceTests.dll not valid. Loading of assembly skipped.
Assembly Unity.Collections.Tests.dll at Library/ScriptAssemblies/Unity.Collections.Tests.dll not valid. Loading of assembly skipped.
Assembly Unity.Collections.Tests.Playmode.dll at Library/ScriptAssemblies/Unity.Collections.Tests.Playmode.dll not valid. Loading of assembly skipped.
Assembly Unity.InputSystem.IntegrationTests.dll at Library/ScriptAssemblies/Unity.InputSystem.IntegrationTests.dll not valid. Loading of assembly skipped.
Assembly Unity.Mathematics.Tests.dll at Library/ScriptAssemblies/Unity.Mathematics.Tests.dll not valid. Loading of assembly skipped.
Assembly Unity.Multiplayer.Center.Editor.Tests.dll at Library/ScriptAssemblies/Unity.Multiplayer.Center.Editor.Tests.dll not valid. Loading of assembly skipped.
Assembly Unity.Multiplayer.Center.Tests.dll at Library/ScriptAssemblies/Unity.Multiplayer.Center.Tests.dll not valid. Loading of assembly skipped.
Assembly Unity.Nuget.Mono-Cecil.dll at Library/ScriptAssemblies/Unity.Nuget.Mono-Cecil.dll not valid. Loading of assembly skipped.
Assembly Unity.PathTracing.Editor.Tests.dll at Library/ScriptAssemblies/Unity.PathTracing.Editor.Tests.dll not valid. Loading of assembly skipped.
Assembly Unity.PathTracing.Runtime.Tests.dll at Library/ScriptAssemblies/Unity.PathTracing.Runtime.Tests.dll not valid. Loading of assembly skipped.
Assembly Unity.RenderPipelines.Core.Editor.Tests.dll at Library/ScriptAssemblies/Unity.RenderPipelines.Core.Editor.Tests.dll not valid. Loading of assembly skipped.
Assembly Unity.RenderPipelines.Core.Runtime.Tests.dll at Library/ScriptAssemblies/Unity.RenderPipelines.Core.Runtime.Tests.dll not valid. Loading of assembly skipped.
Assembly Unity.RenderPipelines.Universal.Config.Editor.Tests.dll at Library/ScriptAssemblies/Unity.RenderPipelines.Universal.Config.Editor.Tests.dll not valid. Loading of assembly skipped.
Assembly Unity.RenderPipelines.Universal.Editor.Tests.dll at Library/ScriptAssemblies/Unity.RenderPipelines.Universal.Editor.Tests.dll not valid. Loading of assembly skipped.
Assembly Unity.RenderPipelines.Universal.Runtime.Tests.dll at Library/ScriptAssemblies/Unity.RenderPipelines.Universal.Runtime.Tests.dll not valid. Loading of assembly skipped.
Assembly Unity.Searcher.EditorTests.dll at Library/ScriptAssemblies/Unity.Searcher.EditorTests.dll not valid. Loading of assembly skipped.
Assembly Unity.Settings.Tests.dll at Library/ScriptAssemblies/Unity.Settings.Tests.dll not valid. Loading of assembly skipped.
Assembly Unity.ShaderGraph.Editor.Tests.dll at Library/ScriptAssemblies/Unity.ShaderGraph.Editor.Tests.dll not valid. Loading of assembly skipped.
Assembly Unity.TextMeshPro.Editor.Tests.dll at Library/ScriptAssemblies/Unity.TextMeshPro.Editor.Tests.dll not valid. Loading of assembly skipped.
Assembly Unity.TextMeshPro.Tests.dll at Library/ScriptAssemblies/Unity.TextMeshPro.Tests.dll not valid. Loading of assembly skipped.
Assembly Unity.UnifiedRayTracing.Editor.Tests.dll at Library/ScriptAssemblies/Unity.UnifiedRayTracing.Editor.Tests.dll not valid. Loading of assembly skipped.
Assembly UnityEditor.UI.Common.Tests.dll at Library/ScriptAssemblies/UnityEditor.UI.Common.Tests.dll not valid. Loading of assembly skipped.
Assembly UnityEditor.UI.EditorTests.dll at Library/ScriptAssemblies/UnityEditor.UI.EditorTests.dll not valid. Loading of assembly skipped.
Assembly UnityEngine.UI.Tests.dll at Library/ScriptAssemblies/UnityEngine.UI.Tests.dll not valid. Loading of assembly skipped.
Native extension for LinuxStandalone target not found
Native extension for UWP target not found
Native extension for WindowsStandalone target not found
Native extension for OSXStandalone target not found
Native extension for WebGL target not found
[Package Manager] Failed to launch server process. Reason: Unity was launched with the -noUpm command-line argument
[Package Manager] Unable to send message (not connected to server process).
[Package Manager] Cannot connect to Unity Package Manager local server
[Package Manager] Failed to launch server process. Reason: Unity was launched with the -noUpm command-line argument
[Package Manager] Unable to send message (not connected to server process).
[Package Manager] Cannot connect to Unity Package Manager local server
[MODES] ModeService[none].Initialize
[MODES] ModeService[none].LoadModes
ScheduleIndexationOnStartup MainProcess:False IndexOnStartup:True
Mono: successfully reloaded assembly
- Finished resetting the current domain, in  0.853 seconds
Domain Reload Profiling: 1666ms
	BeginReloadAssembly (222ms)
		DisableScriptedObjects (6ms)
		CreateAndSetChildDomain (47ms)
	RebuildCommonClasses (40ms)
	RebuildNativeTypeToScriptingClass (14ms)
	initialDomainReloadingComplete (60ms)
	LoadAllAssembliesAndSetupDomain (477ms)
		LoadAssemblies (343ms)
		AnalyzeDomain (234ms)
			TypeCache.Refresh (7ms)
			BuildScriptInfoCaches (213ms)
			ResolveRequiredComponents (12ms)
	FinalizeReload (853ms)
		SetupLoadedEditorAssemblies (0ms)
			InitializePlatformSupportModulesInManaged (4ms)
			BeforeProcessingInitializeOnLoad (172ms)
			ProcessInitializeOnLoadAttributes (332ms)
			ProcessInitializeOnLoadMethodAttributes (127ms)
			AfterProcessingInitializeOnLoad (7ms)
		AwakeInstancesAfterBackupRestoration (17ms)
Unloading 25 Unused Serialized files (Serialized files now loaded: 0)
Unloading 6712 unused Assets / (5.4 MB). Loaded Objects now: 7577.
Memory consumption went from 169.4 MB to 163.9 MB.
Total: 9.117700 ms (FindLiveObjects: 0.700000 ms CreateObjectMapping: 0.389300 ms MarkObjects: 5.703000 ms  DeleteObjects: 2.324200 ms)

Prepare: number of updated asset objects reloaded= 0
========================================================================
Received Prepare
Begin MonoManager ReloadAssembly
[Licensing::Client] Successfully resolved entitlement details
Assembly Assembly-CSharp-Editor-firstpass.dll at Library/ScriptAssemblies/Assembly-CSharp-Editor-firstpass.dll not valid. Loading of assembly skipped.
Assembly Assembly-CSharp-Editor.dll at Library/ScriptAssemblies/Assembly-CSharp-Editor.dll not valid. Loading of assembly skipped.
Assembly Assembly-CSharp-firstpass.dll at Library/ScriptAssemblies/Assembly-CSharp-firstpass.dll not valid. Loading of assembly skipped.
Assembly DocCodeExamples.dll at Library/ScriptAssemblies/DocCodeExamples.dll not valid. Loading of assembly skipped.
Assembly TestNewCustomAssembly.dll at Library/ScriptAssemblies/TestNewCustomAssembly.dll not valid. Loading of assembly skipped.
Assembly Unity.2D.Sprite.Package.EditorTests.dll at Library/ScriptAssemblies/Unity.2D.Sprite.Package.EditorTests.dll not valid. Loading of assembly skipped.
Assembly Unity.Collections.BurstCompatibilityGen.dll at Library/ScriptAssemblies/Unity.Collections.BurstCompatibilityGen.dll not valid. Loading of assembly skipped.
Assembly Unity.Collections.DocCodeSamples.dll at Library/ScriptAssemblies/Unity.Collections.DocCodeSamples.dll not valid. Loading of assembly skipped.
Assembly Unity.Collections.PerformanceTests.dll at Library/ScriptAssemblies/Unity.Collections.PerformanceTests.dll not valid. Loading of assembly skipped.
Assembly Unity.Collections.Tests.dll at Library/ScriptAssemblies/Unity.Collections.Tests.dll not valid. Loading of assembly skipped.
Assembly Unity.Collections.Tests.Playmode.dll at Library/ScriptAssemblies/Unity.Collections.Tests.Playmode.dll not valid. Loading of assembly skipped.
Assembly Unity.InputSystem.IntegrationTests.dll at Library/ScriptAssemblies/Unity.InputSystem.IntegrationTests.dll not valid. Loading of assembly skipped.
Assembly Unity.Mathematics.Tests.dll at Library/ScriptAssemblies/Unity.Mathematics.Tests.dll not valid. Loading of assembly skipped.
Assembly Unity.Multiplayer.Center.Editor.Tests.dll at Library/ScriptAssemblies/Unity.Multiplayer.Center.Editor.Tests.dll not valid. Loading of assembly skipped.
Assembly Unity.Multiplayer.Center.Tests.dll at Library/ScriptAssemblies/Unity.Multiplayer.Center.Tests.dll not valid. Loading of assembly skipped.
Assembly Unity.Nuget.Mono-Cecil.dll at Library/ScriptAssemblies/Unity.Nuget.Mono-Cecil.dll not valid. Loading of assembly skipped.
Assembly Unity.PathTracing.Editor.Tests.dll at Library/ScriptAssemblies/Unity.PathTracing.Editor.Tests.dll not valid. Loading of assembly skipped.
Assembly Unity.PathTracing.Runtime.Tests.dll at Library/ScriptAssemblies/Unity.PathTracing.Runtime.Tests.dll not valid. Loading of assembly skipped.
Assembly Unity.RenderPipelines.Core.Editor.Tests.dll at Library/ScriptAssemblies/Unity.RenderPipelines.Core.Editor.Tests.dll not valid. Loading of assembly skipped.
Assembly Unity.RenderPipelines.Core.Runtime.Tests.dll at Library/ScriptAssemblies/Unity.RenderPipelines.Core.Runtime.Tests.dll not valid. Loading of assembly skipped.
Assembly Unity.RenderPipelines.Universal.Config.Editor.Tests.dll at Library/ScriptAssemblies/Unity.RenderPipelines.Universal.Config.Editor.Tests.dll not valid. Loading of assembly skipped.
Assembly Unity.RenderPipelines.Universal.Editor.Tests.dll at Library/ScriptAssemblies/Unity.RenderPipelines.Universal.Editor.Tests.dll not valid. Loading of assembly skipped.
Assembly Unity.RenderPipelines.Universal.Runtime.Tests.dll at Library/ScriptAssemblies/Unity.RenderPipelines.Universal.Runtime.Tests.dll not valid. Loading of assembly skipped.
Assembly Unity.Searcher.EditorTests.dll at Library/ScriptAssemblies/Unity.Searcher.EditorTests.dll not valid. Loading of assembly skipped.
Assembly Unity.Settings.Tests.dll at Library/ScriptAssemblies/Unity.Settings.Tests.dll not valid. Loading of assembly skipped.
Assembly Unity.ShaderGraph.Editor.Tests.dll at Library/ScriptAssemblies/Unity.ShaderGraph.Editor.Tests.dll not valid. Loading of assembly skipped.
Assembly Unity.TextMeshPro.Editor.Tests.dll at Library/ScriptAssemblies/Unity.TextMeshPro.Editor.Tests.dll not valid. Loading of assembly skipped.
Assembly Unity.TextMeshPro.Tests.dll at Library/ScriptAssemblies/Unity.TextMeshPro.Tests.dll not valid. Loading of assembly skipped.
Assembly Unity.UnifiedRayTracing.Editor.Tests.dll at Library/ScriptAssemblies/Unity.UnifiedRayTracing.Editor.Tests.dll not valid. Loading of assembly skipped.
Assembly UnityEditor.UI.Common.Tests.dll at Library/ScriptAssemblies/UnityEditor.UI.Common.Tests.dll not valid. Loading of assembly skipped.
Assembly UnityEditor.UI.EditorTests.dll at Library/ScriptAssemblies/UnityEditor.UI.EditorTests.dll not valid. Loading of assembly skipped.
Assembly UnityEngine.UI.Tests.dll at Library/ScriptAssemblies/UnityEngine.UI.Tests.dll not valid. Loading of assembly skipped.
Native extension for LinuxStandalone target not found
Native extension for UWP target not found
Native extension for WindowsStandalone target not found
Native extension for OSXStandalone target not found
Native extension for WebGL target not found
[Package Manager] Failed to launch server process. Reason: Unity was launched with the -noUpm command-line argument
[Package Manager] Unable to send message (not connected to server process).
[Package Manager] Cannot connect to Unity Package Manager local server
[Package Manager] Failed to launch server process. Reason: Unity was launched with the -noUpm command-line argument
[Package Manager] Unable to send message (not connected to server process).
[Package Manager] Cannot connect to Unity Package Manager local server
[MODES] ModeService[none].Initialize
[MODES] ModeService[none].LoadModes
ScheduleIndexationOnStartup MainProcess:False IndexOnStartup:True
Mono: successfully reloaded assembly
- Finished resetting the current domain, in  0.842 seconds
Domain Reload Profiling: 1679ms
	BeginReloadAssembly (223ms)
		DisableScriptedObjects (6ms)
		CreateAndSetChildDomain (47ms)
	RebuildCommonClasses (43ms)
	RebuildNativeTypeToScriptingClass (15ms)
	initialDomainReloadingComplete (65ms)
	LoadAllAssembliesAndSetupDomain (490ms)
		LoadAssemblies (358ms)
		AnalyzeDomain (232ms)
			TypeCache.Refresh (7ms)
			BuildScriptInfoCaches (211ms)
			ResolveRequiredComponents (12ms)
	FinalizeReload (842ms)
		SetupLoadedEditorAssemblies (0ms)
			InitializePlatformSupportModulesInManaged (4ms)
			BeforeProcessingInitializeOnLoad (168ms)
			ProcessInitializeOnLoadAttributes (336ms)
			ProcessInitializeOnLoadMethodAttributes (124ms)
			AfterProcessingInitializeOnLoad (7ms)
		AwakeInstancesAfterBackupRestoration (18ms)
Unloading 25 Unused Serialized files (Serialized files now loaded: 0)
Unloading 6712 unused Assets / (6.2 MB). Loaded Objects now: 7580.
Memory consumption went from 172.7 MB to 166.5 MB.
Total: 11.577200 ms (FindLiveObjects: 0.859900 ms CreateObjectMapping: 0.937400 ms MarkObjects: 6.287900 ms  DeleteObjects: 3.490900 ms)

Prepare: number of updated asset objects reloaded= 0
========================================================================
Received Prepare
Begin MonoManager ReloadAssembly
Assembly Assembly-CSharp-Editor-firstpass.dll at Library/ScriptAssemblies/Assembly-CSharp-Editor-firstpass.dll not valid. Loading of assembly skipped.
Assembly Assembly-CSharp-Editor.dll at Library/ScriptAssemblies/Assembly-CSharp-Editor.dll not valid. Loading of assembly skipped.
Assembly Assembly-CSharp-firstpass.dll at Library/ScriptAssemblies/Assembly-CSharp-firstpass.dll not valid. Loading of assembly skipped.
Assembly DocCodeExamples.dll at Library/ScriptAssemblies/DocCodeExamples.dll not valid. Loading of assembly skipped.
Assembly TestNewCustomAssembly.dll at Library/ScriptAssemblies/TestNewCustomAssembly.dll not valid. Loading of assembly skipped.
Assembly Unity.2D.Sprite.Package.EditorTests.dll at Library/ScriptAssemblies/Unity.2D.Sprite.Package.EditorTests.dll not valid. Loading of assembly skipped.
Assembly Unity.Collections.BurstCompatibilityGen.dll at Library/ScriptAssemblies/Unity.Collections.BurstCompatibilityGen.dll not valid. Loading of assembly skipped.
Assembly Unity.Collections.DocCodeSamples.dll at Library/ScriptAssemblies/Unity.Collections.DocCodeSamples.dll not valid. Loading of assembly skipped.
Assembly Unity.Collections.PerformanceTests.dll at Library/ScriptAssemblies/Unity.Collections.PerformanceTests.dll not valid. Loading of assembly skipped.
Assembly Unity.Collections.Tests.dll at Library/ScriptAssemblies/Unity.Collections.Tests.dll not valid. Loading of assembly skipped.
Assembly Unity.Collections.Tests.Playmode.dll at Library/ScriptAssemblies/Unity.Collections.Tests.Playmode.dll not valid. Loading of assembly skipped.
Assembly Unity.InputSystem.IntegrationTests.dll at Library/ScriptAssemblies/Unity.InputSystem.IntegrationTests.dll not valid. Loading of assembly skipped.
Assembly Unity.Mathematics.Tests.dll at Library/ScriptAssemblies/Unity.Mathematics.Tests.dll not valid. Loading of assembly skipped.
Assembly Unity.Multiplayer.Center.Editor.Tests.dll at Library/ScriptAssemblies/Unity.Multiplayer.Center.Editor.Tests.dll not valid. Loading of assembly skipped.
Assembly Unity.Multiplayer.Center.Tests.dll at Library/ScriptAssemblies/Unity.Multiplayer.Center.Tests.dll not valid. Loading of assembly skipped.
Assembly Unity.Nuget.Mono-Cecil.dll at Library/ScriptAssemblies/Unity.Nuget.Mono-Cecil.dll not valid. Loading of assembly skipped.
Assembly Unity.PathTracing.Editor.Tests.dll at Library/ScriptAssemblies/Unity.PathTracing.Editor.Tests.dll not valid. Loading of assembly skipped.
Assembly Unity.PathTracing.Runtime.Tests.dll at Library/ScriptAssemblies/Unity.PathTracing.Runtime.Tests.dll not valid. Loading of assembly skipped.
Assembly Unity.RenderPipelines.Core.Editor.Tests.dll at Library/ScriptAssemblies/Unity.RenderPipelines.Core.Editor.Tests.dll not valid. Loading of assembly skipped.
Assembly Unity.RenderPipelines.Core.Runtime.Tests.dll at Library/ScriptAssemblies/Unity.RenderPipelines.Core.Runtime.Tests.dll not valid. Loading of assembly skipped.
Assembly Unity.RenderPipelines.Universal.Config.Editor.Tests.dll at Library/ScriptAssemblies/Unity.RenderPipelines.Universal.Config.Editor.Tests.dll not valid. Loading of assembly skipped.
Assembly Unity.RenderPipelines.Universal.Editor.Tests.dll at Library/ScriptAssemblies/Unity.RenderPipelines.Universal.Editor.Tests.dll not valid. Loading of assembly skipped.
Assembly Unity.RenderPipelines.Universal.Runtime.Tests.dll at Library/ScriptAssemblies/Unity.RenderPipelines.Universal.Runtime.Tests.dll not valid. Loading of assembly skipped.
Assembly Unity.Searcher.EditorTests.dll at Library/ScriptAssemblies/Unity.Searcher.EditorTests.dll not valid. Loading of assembly skipped.
Assembly Unity.Settings.Tests.dll at Library/ScriptAssemblies/Unity.Settings.Tests.dll not valid. Loading of assembly skipped.
Assembly Unity.ShaderGraph.Editor.Tests.dll at Library/ScriptAssemblies/Unity.ShaderGraph.Editor.Tests.dll not valid. Loading of assembly skipped.
Assembly Unity.TextMeshPro.Editor.Tests.dll at Library/ScriptAssemblies/Unity.TextMeshPro.Editor.Tests.dll not valid. Loading of assembly skipped.
Assembly Unity.TextMeshPro.Tests.dll at Library/ScriptAssemblies/Unity.TextMeshPro.Tests.dll not valid. Loading of assembly skipped.
Assembly Unity.UnifiedRayTracing.Editor.Tests.dll at Library/ScriptAssemblies/Unity.UnifiedRayTracing.Editor.Tests.dll not valid. Loading of assembly skipped.
Assembly UnityEditor.UI.Common.Tests.dll at Library/ScriptAssemblies/UnityEditor.UI.Common.Tests.dll not valid. Loading of assembly skipped.
Assembly UnityEditor.UI.EditorTests.dll at Library/ScriptAssemblies/UnityEditor.UI.EditorTests.dll not valid. Loading of assembly skipped.
Assembly UnityEngine.UI.Tests.dll at Library/ScriptAssemblies/UnityEngine.UI.Tests.dll not valid. Loading of assembly skipped.
Native extension for LinuxStandalone target not found
Native extension for UWP target not found
Native extension for WindowsStandalone target not found
Native extension for OSXStandalone target not found
Native extension for WebGL target not found
[Package Manager] Failed to launch server process. Reason: Unity was launched with the -noUpm command-line argument
[Package Manager] Unable to send message (not connected to server process).
[Package Manager] Cannot connect to Unity Package Manager local server
[Package Manager] Failed to launch server process. Reason: Unity was launched with the -noUpm command-line argument
[Package Manager] Unable to send message (not connected to server process).
[Package Manager] Cannot connect to Unity Package Manager local server
[MODES] ModeService[none].Initialize
[MODES] ModeService[none].LoadModes
ScheduleIndexationOnStartup MainProcess:False IndexOnStartup:True
Mono: successfully reloaded assembly
- Finished resetting the current domain, in  0.910 seconds
Domain Reload Profiling: 1744ms
	BeginReloadAssembly (226ms)
		DisableScriptedObjects (7ms)
		CreateAndSetChildDomain (48ms)
	RebuildCommonClasses (43ms)
	RebuildNativeTypeToScriptingClass (16ms)
	initialDomainReloadingComplete (65ms)
	LoadAllAssembliesAndSetupDomain (485ms)
		LoadAssemblies (360ms)
		AnalyzeDomain (229ms)
			TypeCache.Refresh (7ms)
			BuildScriptInfoCaches (207ms)
			ResolveRequiredComponents (13ms)
	FinalizeReload (910ms)
		SetupLoadedEditorAssemblies (0ms)
			InitializePlatformSupportModulesInManaged (4ms)
			BeforeProcessingInitializeOnLoad (187ms)
			ProcessInitializeOnLoadAttributes (376ms)
			ProcessInitializeOnLoadMethodAttributes (128ms)
			AfterProcessingInitializeOnLoad (7ms)
		AwakeInstancesAfterBackupRestoration (18ms)
Unloading 25 Unused Serialized files (Serialized files now loaded: 0)
Unloading 6712 unused Assets / (5.4 MB). Loaded Objects now: 7583.
Memory consumption went from 176.0 MB to 170.6 MB.
Total: 11.357800 ms (FindLiveObjects: 0.671600 ms CreateObjectMapping: 0.764400 ms MarkObjects: 6.621300 ms  DeleteObjects: 3.299300 ms)

Prepare: number of updated asset objects reloaded= 0
========================================================================
Received Prepare
Begin MonoManager ReloadAssembly
[Licensing::Client] Successfully resolved entitlement details
Assembly Assembly-CSharp-Editor-firstpass.dll at Library/ScriptAssemblies/Assembly-CSharp-Editor-firstpass.dll not valid. Loading of assembly skipped.
Assembly Assembly-CSharp-Editor.dll at Library/ScriptAssemblies/Assembly-CSharp-Editor.dll not valid. Loading of assembly skipped.
Assembly Assembly-CSharp-firstpass.dll at Library/ScriptAssemblies/Assembly-CSharp-firstpass.dll not valid. Loading of assembly skipped.
Assembly DocCodeExamples.dll at Library/ScriptAssemblies/DocCodeExamples.dll not valid. Loading of assembly skipped.
Assembly TestNewCustomAssembly.dll at Library/ScriptAssemblies/TestNewCustomAssembly.dll not valid. Loading of assembly skipped.
Assembly Unity.2D.Sprite.Package.EditorTests.dll at Library/ScriptAssemblies/Unity.2D.Sprite.Package.EditorTests.dll not valid. Loading of assembly skipped.
Assembly Unity.Collections.BurstCompatibilityGen.dll at Library/ScriptAssemblies/Unity.Collections.BurstCompatibilityGen.dll not valid. Loading of assembly skipped.
Assembly Unity.Collections.DocCodeSamples.dll at Library/ScriptAssemblies/Unity.Collections.DocCodeSamples.dll not valid. Loading of assembly skipped.
Assembly Unity.Collections.PerformanceTests.dll at Library/ScriptAssemblies/Unity.Collections.PerformanceTests.dll not valid. Loading of assembly skipped.
Assembly Unity.Collections.Tests.dll at Library/ScriptAssemblies/Unity.Collections.Tests.dll not valid. Loading of assembly skipped.
Assembly Unity.Collections.Tests.Playmode.dll at Library/ScriptAssemblies/Unity.Collections.Tests.Playmode.dll not valid. Loading of assembly skipped.
Assembly Unity.InputSystem.IntegrationTests.dll at Library/ScriptAssemblies/Unity.InputSystem.IntegrationTests.dll not valid. Loading of assembly skipped.
Assembly Unity.Mathematics.Tests.dll at Library/ScriptAssemblies/Unity.Mathematics.Tests.dll not valid. Loading of assembly skipped.
Assembly Unity.Multiplayer.Center.Editor.Tests.dll at Library/ScriptAssemblies/Unity.Multiplayer.Center.Editor.Tests.dll not valid. Loading of assembly skipped.
Assembly Unity.Multiplayer.Center.Tests.dll at Library/ScriptAssemblies/Unity.Multiplayer.Center.Tests.dll not valid. Loading of assembly skipped.
Assembly Unity.Nuget.Mono-Cecil.dll at Library/ScriptAssemblies/Unity.Nuget.Mono-Cecil.dll not valid. Loading of assembly skipped.
Assembly Unity.PathTracing.Editor.Tests.dll at Library/ScriptAssemblies/Unity.PathTracing.Editor.Tests.dll not valid. Loading of assembly skipped.
Assembly Unity.PathTracing.Runtime.Tests.dll at Library/ScriptAssemblies/Unity.PathTracing.Runtime.Tests.dll not valid. Loading of assembly skipped.
Assembly Unity.RenderPipelines.Core.Editor.Tests.dll at Library/ScriptAssemblies/Unity.RenderPipelines.Core.Editor.Tests.dll not valid. Loading of assembly skipped.
Assembly Unity.RenderPipelines.Core.Runtime.Tests.dll at Library/ScriptAssemblies/Unity.RenderPipelines.Core.Runtime.Tests.dll not valid. Loading of assembly skipped.
Assembly Unity.RenderPipelines.Universal.Config.Editor.Tests.dll at Library/ScriptAssemblies/Unity.RenderPipelines.Universal.Config.Editor.Tests.dll not valid. Loading of assembly skipped.
Assembly Unity.RenderPipelines.Universal.Editor.Tests.dll at Library/ScriptAssemblies/Unity.RenderPipelines.Universal.Editor.Tests.dll not valid. Loading of assembly skipped.
Assembly Unity.RenderPipelines.Universal.Runtime.Tests.dll at Library/ScriptAssemblies/Unity.RenderPipelines.Universal.Runtime.Tests.dll not valid. Loading of assembly skipped.
Assembly Unity.Searcher.EditorTests.dll at Library/ScriptAssemblies/Unity.Searcher.EditorTests.dll not valid. Loading of assembly skipped.
Assembly Unity.Settings.Tests.dll at Library/ScriptAssemblies/Unity.Settings.Tests.dll not valid. Loading of assembly skipped.
Assembly Unity.ShaderGraph.Editor.Tests.dll at Library/ScriptAssemblies/Unity.ShaderGraph.Editor.Tests.dll not valid. Loading of assembly skipped.
Assembly Unity.TextMeshPro.Editor.Tests.dll at Library/ScriptAssemblies/Unity.TextMeshPro.Editor.Tests.dll not valid. Loading of assembly skipped.
Assembly Unity.TextMeshPro.Tests.dll at Library/ScriptAssemblies/Unity.TextMeshPro.Tests.dll not valid. Loading of assembly skipped.
Assembly Unity.UnifiedRayTracing.Editor.Tests.dll at Library/ScriptAssemblies/Unity.UnifiedRayTracing.Editor.Tests.dll not valid. Loading of assembly skipped.
Assembly UnityEditor.UI.Common.Tests.dll at Library/ScriptAssemblies/UnityEditor.UI.Common.Tests.dll not valid. Loading of assembly skipped.
Assembly UnityEditor.UI.EditorTests.dll at Library/ScriptAssemblies/UnityEditor.UI.EditorTests.dll not valid. Loading of assembly skipped.
Assembly UnityEngine.UI.Tests.dll at Library/ScriptAssemblies/UnityEngine.UI.Tests.dll not valid. Loading of assembly skipped.
Native extension for LinuxStandalone target not found
Native extension for UWP target not found
Native extension for WindowsStandalone target not found
Native extension for OSXStandalone target not found
Native extension for WebGL target not found
[Package Manager] Failed to launch server process. Reason: Unity was launched with the -noUpm command-line argument
[Package Manager] Unable to send message (not connected to server process).
[Package Manager] Cannot connect to Unity Package Manager local server
[Package Manager] Failed to launch server process. Reason: Unity was launched with the -noUpm command-line argument
[Package Manager] Unable to send message (not connected to server process).
[Package Manager] Cannot connect to Unity Package Manager local server
[MODES] ModeService[none].Initialize
[MODES] ModeService[none].LoadModes
ScheduleIndexationOnStartup MainProcess:False IndexOnStartup:True
Mono: successfully reloaded assembly
- Finished resetting the current domain, in  0.847 seconds
Domain Reload Profiling: 1666ms
	BeginReloadAssembly (219ms)
		DisableScriptedObjects (7ms)
		CreateAndSetChildDomain (45ms)
	RebuildCommonClasses (41ms)
	RebuildNativeTypeToScriptingClass (14ms)
	initialDomainReloadingComplete (60ms)
	LoadAllAssembliesAndSetupDomain (483ms)
		LoadAssemblies (347ms)
		AnalyzeDomain (233ms)
			TypeCache.Refresh (7ms)
			BuildScriptInfoCaches (211ms)
			ResolveRequiredComponents (13ms)
	FinalizeReload (848ms)
		SetupLoadedEditorAssemblies (0ms)
			InitializePlatformSupportModulesInManaged (4ms)
			BeforeProcessingInitializeOnLoad (174ms)
			ProcessInitializeOnLoadAttributes (335ms)
			ProcessInitializeOnLoadMethodAttributes (123ms)
			AfterProcessingInitializeOnLoad (7ms)
		AwakeInstancesAfterBackupRestoration (18ms)
Unloading 25 Unused Serialized files (Serialized files now loaded: 0)
Unloading 6712 unused Assets / (5.2 MB). Loaded Objects now: 7586.
Memory consumption went from 179.5 MB to 174.3 MB.
Total: 9.595900 ms (FindLiveObjects: 0.734500 ms CreateObjectMapping: 0.417700 ms MarkObjects: 5.924800 ms  DeleteObjects: 2.517600 ms)

Prepare: number of updated asset objects reloaded= 0
========================================================================
Received Prepare
Begin MonoManager ReloadAssembly
[Licensing::Client] Successfully resolved entitlement details
Assembly Assembly-CSharp-Editor-firstpass.dll at Library/ScriptAssemblies/Assembly-CSharp-Editor-firstpass.dll not valid. Loading of assembly skipped.
Assembly Assembly-CSharp-Editor.dll at Library/ScriptAssemblies/Assembly-CSharp-Editor.dll not valid. Loading of assembly skipped.
Assembly Assembly-CSharp-firstpass.dll at Library/ScriptAssemblies/Assembly-CSharp-firstpass.dll not valid. Loading of assembly skipped.
Assembly DocCodeExamples.dll at Library/ScriptAssemblies/DocCodeExamples.dll not valid. Loading of assembly skipped.
Assembly TestNewCustomAssembly.dll at Library/ScriptAssemblies/TestNewCustomAssembly.dll not valid. Loading of assembly skipped.
Assembly Unity.2D.Sprite.Package.EditorTests.dll at Library/ScriptAssemblies/Unity.2D.Sprite.Package.EditorTests.dll not valid. Loading of assembly skipped.
Assembly Unity.Collections.BurstCompatibilityGen.dll at Library/ScriptAssemblies/Unity.Collections.BurstCompatibilityGen.dll not valid. Loading of assembly skipped.
Assembly Unity.Collections.DocCodeSamples.dll at Library/ScriptAssemblies/Unity.Collections.DocCodeSamples.dll not valid. Loading of assembly skipped.
Assembly Unity.Collections.PerformanceTests.dll at Library/ScriptAssemblies/Unity.Collections.PerformanceTests.dll not valid. Loading of assembly skipped.
Assembly Unity.Collections.Tests.dll at Library/ScriptAssemblies/Unity.Collections.Tests.dll not valid. Loading of assembly skipped.
Assembly Unity.Collections.Tests.Playmode.dll at Library/ScriptAssemblies/Unity.Collections.Tests.Playmode.dll not valid. Loading of assembly skipped.
Assembly Unity.InputSystem.IntegrationTests.dll at Library/ScriptAssemblies/Unity.InputSystem.IntegrationTests.dll not valid. Loading of assembly skipped.
Assembly Unity.Mathematics.Tests.dll at Library/ScriptAssemblies/Unity.Mathematics.Tests.dll not valid. Loading of assembly skipped.
Assembly Unity.Multiplayer.Center.Editor.Tests.dll at Library/ScriptAssemblies/Unity.Multiplayer.Center.Editor.Tests.dll not valid. Loading of assembly skipped.
Assembly Unity.Multiplayer.Center.Tests.dll at Library/ScriptAssemblies/Unity.Multiplayer.Center.Tests.dll not valid. Loading of assembly skipped.
Assembly Unity.Nuget.Mono-Cecil.dll at Library/ScriptAssemblies/Unity.Nuget.Mono-Cecil.dll not valid. Loading of assembly skipped.
Assembly Unity.PathTracing.Editor.Tests.dll at Library/ScriptAssemblies/Unity.PathTracing.Editor.Tests.dll not valid. Loading of assembly skipped.
Assembly Unity.PathTracing.Runtime.Tests.dll at Library/ScriptAssemblies/Unity.PathTracing.Runtime.Tests.dll not valid. Loading of assembly skipped.
Assembly Unity.RenderPipelines.Core.Editor.Tests.dll at Library/ScriptAssemblies/Unity.RenderPipelines.Core.Editor.Tests.dll not valid. Loading of assembly skipped.
Assembly Unity.RenderPipelines.Core.Runtime.Tests.dll at Library/ScriptAssemblies/Unity.RenderPipelines.Core.Runtime.Tests.dll not valid. Loading of assembly skipped.
Assembly Unity.RenderPipelines.Universal.Config.Editor.Tests.dll at Library/ScriptAssemblies/Unity.RenderPipelines.Universal.Config.Editor.Tests.dll not valid. Loading of assembly skipped.
Assembly Unity.RenderPipelines.Universal.Editor.Tests.dll at Library/ScriptAssemblies/Unity.RenderPipelines.Universal.Editor.Tests.dll not valid. Loading of assembly skipped.
Assembly Unity.RenderPipelines.Universal.Runtime.Tests.dll at Library/ScriptAssemblies/Unity.RenderPipelines.Universal.Runtime.Tests.dll not valid. Loading of assembly skipped.
Assembly Unity.Searcher.EditorTests.dll at Library/ScriptAssemblies/Unity.Searcher.EditorTests.dll not valid. Loading of assembly skipped.
Assembly Unity.Settings.Tests.dll at Library/ScriptAssemblies/Unity.Settings.Tests.dll not valid. Loading of assembly skipped.
Assembly Unity.ShaderGraph.Editor.Tests.dll at Library/ScriptAssemblies/Unity.ShaderGraph.Editor.Tests.dll not valid. Loading of assembly skipped.
Assembly Unity.TextMeshPro.Editor.Tests.dll at Library/ScriptAssemblies/Unity.TextMeshPro.Editor.Tests.dll not valid. Loading of assembly skipped.
Assembly Unity.TextMeshPro.Tests.dll at Library/ScriptAssemblies/Unity.TextMeshPro.Tests.dll not valid. Loading of assembly skipped.
Assembly Unity.UnifiedRayTracing.Editor.Tests.dll at Library/ScriptAssemblies/Unity.UnifiedRayTracing.Editor.Tests.dll not valid. Loading of assembly skipped.
Assembly UnityEditor.UI.Common.Tests.dll at Library/ScriptAssemblies/UnityEditor.UI.Common.Tests.dll not valid. Loading of assembly skipped.
Assembly UnityEditor.UI.EditorTests.dll at Library/ScriptAssemblies/UnityEditor.UI.EditorTests.dll not valid. Loading of assembly skipped.
Assembly UnityEngine.UI.Tests.dll at Library/ScriptAssemblies/UnityEngine.UI.Tests.dll not valid. Loading of assembly skipped.
Native extension for LinuxStandalone target not found
Native extension for UWP target not found
Native extension for WindowsStandalone target not found
Native extension for OSXStandalone target not found
Native extension for WebGL target not found
[Package Manager] Failed to launch server process. Reason: Unity was launched with the -noUpm command-line argument
[Package Manager] Unable to send message (not connected to server process).
[Package Manager] Cannot connect to Unity Package Manager local server
[Package Manager] Failed to launch server process. Reason: Unity was launched with the -noUpm command-line argument
[Package Manager] Unable to send message (not connected to server process).
[Package Manager] Cannot connect to Unity Package Manager local server
[MODES] ModeService[none].Initialize
[MODES] ModeService[none].LoadModes
ScheduleIndexationOnStartup MainProcess:False IndexOnStartup:True
Mono: successfully reloaded assembly
- Finished resetting the current domain, in  0.879 seconds
Domain Reload Profiling: 1700ms
	BeginReloadAssembly (224ms)
		DisableScriptedObjects (7ms)
		CreateAndSetChildDomain (45ms)
	RebuildCommonClasses (42ms)
	RebuildNativeTypeToScriptingClass (15ms)
	initialDomainReloadingComplete (63ms)
	LoadAllAssembliesAndSetupDomain (477ms)
		LoadAssemblies (353ms)
		AnalyzeDomain (227ms)
			TypeCache.Refresh (7ms)
			BuildScriptInfoCaches (206ms)
			ResolveRequiredComponents (12ms)
	FinalizeReload (880ms)
		SetupLoadedEditorAssemblies (0ms)
			InitializePlatformSupportModulesInManaged (4ms)
			BeforeProcessingInitializeOnLoad (176ms)
			ProcessInitializeOnLoadAttributes (340ms)
			ProcessInitializeOnLoadMethodAttributes (145ms)
			AfterProcessingInitializeOnLoad (8ms)
		AwakeInstancesAfterBackupRestoration (20ms)
Unloading 25 Unused Serialized files (Serialized files now loaded: 0)
Unloading 6712 unused Assets / (6.4 MB). Loaded Objects now: 7589.
Memory consumption went from 182.9 MB to 176.5 MB.
Total: 11.454600 ms (FindLiveObjects: 0.748600 ms CreateObjectMapping: 0.721800 ms MarkObjects: 6.501300 ms  DeleteObjects: 3.481600 ms)

Prepare: number of updated asset objects reloaded= 0
========================================================================
Received Prepare
Begin MonoManager ReloadAssembly
[Licensing::Client] Successfully resolved entitlement details
Assembly Assembly-CSharp-Editor-firstpass.dll at Library/ScriptAssemblies/Assembly-CSharp-Editor-firstpass.dll not valid. Loading of assembly skipped.
Assembly Assembly-CSharp-Editor.dll at Library/ScriptAssemblies/Assembly-CSharp-Editor.dll not valid. Loading of assembly skipped.
Assembly Assembly-CSharp-firstpass.dll at Library/ScriptAssemblies/Assembly-CSharp-firstpass.dll not valid. Loading of assembly skipped.
Assembly DocCodeExamples.dll at Library/ScriptAssemblies/DocCodeExamples.dll not valid. Loading of assembly skipped.
Assembly TestNewCustomAssembly.dll at Library/ScriptAssemblies/TestNewCustomAssembly.dll not valid. Loading of assembly skipped.
Assembly Unity.2D.Sprite.Package.EditorTests.dll at Library/ScriptAssemblies/Unity.2D.Sprite.Package.EditorTests.dll not valid. Loading of assembly skipped.
Assembly Unity.Collections.BurstCompatibilityGen.dll at Library/ScriptAssemblies/Unity.Collections.BurstCompatibilityGen.dll not valid. Loading of assembly skipped.
Assembly Unity.Collections.DocCodeSamples.dll at Library/ScriptAssemblies/Unity.Collections.DocCodeSamples.dll not valid. Loading of assembly skipped.
Assembly Unity.Collections.PerformanceTests.dll at Library/ScriptAssemblies/Unity.Collections.PerformanceTests.dll not valid. Loading of assembly skipped.
Assembly Unity.Collections.Tests.dll at Library/ScriptAssemblies/Unity.Collections.Tests.dll not valid. Loading of assembly skipped.
Assembly Unity.Collections.Tests.Playmode.dll at Library/ScriptAssemblies/Unity.Collections.Tests.Playmode.dll not valid. Loading of assembly skipped.
Assembly Unity.InputSystem.IntegrationTests.dll at Library/ScriptAssemblies/Unity.InputSystem.IntegrationTests.dll not valid. Loading of assembly skipped.
Assembly Unity.Mathematics.Tests.dll at Library/ScriptAssemblies/Unity.Mathematics.Tests.dll not valid. Loading of assembly skipped.
Assembly Unity.Multiplayer.Center.Editor.Tests.dll at Library/ScriptAssemblies/Unity.Multiplayer.Center.Editor.Tests.dll not valid. Loading of assembly skipped.
Assembly Unity.Multiplayer.Center.Tests.dll at Library/ScriptAssemblies/Unity.Multiplayer.Center.Tests.dll not valid. Loading of assembly skipped.
Assembly Unity.Nuget.Mono-Cecil.dll at Library/ScriptAssemblies/Unity.Nuget.Mono-Cecil.dll not valid. Loading of assembly skipped.
Assembly Unity.PathTracing.Editor.Tests.dll at Library/ScriptAssemblies/Unity.PathTracing.Editor.Tests.dll not valid. Loading of assembly skipped.
Assembly Unity.PathTracing.Runtime.Tests.dll at Library/ScriptAssemblies/Unity.PathTracing.Runtime.Tests.dll not valid. Loading of assembly skipped.
Assembly Unity.RenderPipelines.Core.Editor.Tests.dll at Library/ScriptAssemblies/Unity.RenderPipelines.Core.Editor.Tests.dll not valid. Loading of assembly skipped.
Assembly Unity.RenderPipelines.Core.Runtime.Tests.dll at Library/ScriptAssemblies/Unity.RenderPipelines.Core.Runtime.Tests.dll not valid. Loading of assembly skipped.
Assembly Unity.RenderPipelines.Universal.Config.Editor.Tests.dll at Library/ScriptAssemblies/Unity.RenderPipelines.Universal.Config.Editor.Tests.dll not valid. Loading of assembly skipped.
Assembly Unity.RenderPipelines.Universal.Editor.Tests.dll at Library/ScriptAssemblies/Unity.RenderPipelines.Universal.Editor.Tests.dll not valid. Loading of assembly skipped.
Assembly Unity.RenderPipelines.Universal.Runtime.Tests.dll at Library/ScriptAssemblies/Unity.RenderPipelines.Universal.Runtime.Tests.dll not valid. Loading of assembly skipped.
Assembly Unity.Searcher.EditorTests.dll at Library/ScriptAssemblies/Unity.Searcher.EditorTests.dll not valid. Loading of assembly skipped.
Assembly Unity.Settings.Tests.dll at Library/ScriptAssemblies/Unity.Settings.Tests.dll not valid. Loading of assembly skipped.
Assembly Unity.ShaderGraph.Editor.Tests.dll at Library/ScriptAssemblies/Unity.ShaderGraph.Editor.Tests.dll not valid. Loading of assembly skipped.
Assembly Unity.TextMeshPro.Editor.Tests.dll at Library/ScriptAssemblies/Unity.TextMeshPro.Editor.Tests.dll not valid. Loading of assembly skipped.
Assembly Unity.TextMeshPro.Tests.dll at Library/ScriptAssemblies/Unity.TextMeshPro.Tests.dll not valid. Loading of assembly skipped.
Assembly Unity.UnifiedRayTracing.Editor.Tests.dll at Library/ScriptAssemblies/Unity.UnifiedRayTracing.Editor.Tests.dll not valid. Loading of assembly skipped.
Assembly UnityEditor.UI.Common.Tests.dll at Library/ScriptAssemblies/UnityEditor.UI.Common.Tests.dll not valid. Loading of assembly skipped.
Assembly UnityEditor.UI.EditorTests.dll at Library/ScriptAssemblies/UnityEditor.UI.EditorTests.dll not valid. Loading of assembly skipped.
Assembly UnityEngine.UI.Tests.dll at Library/ScriptAssemblies/UnityEngine.UI.Tests.dll not valid. Loading of assembly skipped.
Native extension for LinuxStandalone target not found
Native extension for UWP target not found
Native extension for WindowsStandalone target not found
Native extension for OSXStandalone target not found
Native extension for WebGL target not found
[Package Manager] Failed to launch server process. Reason: Unity was launched with the -noUpm command-line argument
[Package Manager] Unable to send message (not connected to server process).
[Package Manager] Cannot connect to Unity Package Manager local server
[Package Manager] Failed to launch server process. Reason: Unity was launched with the -noUpm command-line argument
[Package Manager] Unable to send message (not connected to server process).
[Package Manager] Cannot connect to Unity Package Manager local server
[MODES] ModeService[none].Initialize
[MODES] ModeService[none].LoadModes
ScheduleIndexationOnStartup MainProcess:False IndexOnStartup:True
Mono: successfully reloaded assembly
- Finished resetting the current domain, in  0.861 seconds
Domain Reload Profiling: 1670ms
	BeginReloadAssembly (222ms)
		DisableScriptedObjects (6ms)
		CreateAndSetChildDomain (48ms)
	RebuildCommonClasses (41ms)
	RebuildNativeTypeToScriptingClass (14ms)
	initialDomainReloadingComplete (60ms)
	LoadAllAssembliesAndSetupDomain (471ms)
		LoadAssemblies (342ms)
		AnalyzeDomain (227ms)
			TypeCache.Refresh (7ms)
			BuildScriptInfoCaches (205ms)
			ResolveRequiredComponents (12ms)
	FinalizeReload (861ms)
		SetupLoadedEditorAssemblies (0ms)
			InitializePlatformSupportModulesInManaged (4ms)
			BeforeProcessingInitializeOnLoad (171ms)
			ProcessInitializeOnLoadAttributes (337ms)
			ProcessInitializeOnLoadMethodAttributes (133ms)
			AfterProcessingInitializeOnLoad (8ms)
		AwakeInstancesAfterBackupRestoration (21ms)
Unloading 25 Unused Serialized files (Serialized files now loaded: 0)
Unloading 6712 unused Assets / (5.4 MB). Loaded Objects now: 7592.
Memory consumption went from 186.3 MB to 180.9 MB.
Total: 10.161900 ms (FindLiveObjects: 0.699500 ms CreateObjectMapping: 0.498800 ms MarkObjects: 6.077900 ms  DeleteObjects: 2.884400 ms)

Prepare: number of updated asset objects reloaded= 0
========================================================================
Received Prepare
Begin MonoManager ReloadAssembly
Assembly Assembly-CSharp-Editor-firstpass.dll at Library/ScriptAssemblies/Assembly-CSharp-Editor-firstpass.dll not valid. Loading of assembly skipped.
Assembly Assembly-CSharp-Editor.dll at Library/ScriptAssemblies/Assembly-CSharp-Editor.dll not valid. Loading of assembly skipped.
Assembly Assembly-CSharp-firstpass.dll at Library/ScriptAssemblies/Assembly-CSharp-firstpass.dll not valid. Loading of assembly skipped.
Assembly DocCodeExamples.dll at Library/ScriptAssemblies/DocCodeExamples.dll not valid. Loading of assembly skipped.
Assembly TestNewCustomAssembly.dll at Library/ScriptAssemblies/TestNewCustomAssembly.dll not valid. Loading of assembly skipped.
Assembly Unity.2D.Sprite.Package.EditorTests.dll at Library/ScriptAssemblies/Unity.2D.Sprite.Package.EditorTests.dll not valid. Loading of assembly skipped.
Assembly Unity.Collections.BurstCompatibilityGen.dll at Library/ScriptAssemblies/Unity.Collections.BurstCompatibilityGen.dll not valid. Loading of assembly skipped.
Assembly Unity.Collections.DocCodeSamples.dll at Library/ScriptAssemblies/Unity.Collections.DocCodeSamples.dll not valid. Loading of assembly skipped.
Assembly Unity.Collections.PerformanceTests.dll at Library/ScriptAssemblies/Unity.Collections.PerformanceTests.dll not valid. Loading of assembly skipped.
Assembly Unity.Collections.Tests.dll at Library/ScriptAssemblies/Unity.Collections.Tests.dll not valid. Loading of assembly skipped.
Assembly Unity.Collections.Tests.Playmode.dll at Library/ScriptAssemblies/Unity.Collections.Tests.Playmode.dll not valid. Loading of assembly skipped.
Assembly Unity.InputSystem.IntegrationTests.dll at Library/ScriptAssemblies/Unity.InputSystem.IntegrationTests.dll not valid. Loading of assembly skipped.
Assembly Unity.Mathematics.Tests.dll at Library/ScriptAssemblies/Unity.Mathematics.Tests.dll not valid. Loading of assembly skipped.
Assembly Unity.Multiplayer.Center.Editor.Tests.dll at Library/ScriptAssemblies/Unity.Multiplayer.Center.Editor.Tests.dll not valid. Loading of assembly skipped.
Assembly Unity.Multiplayer.Center.Tests.dll at Library/ScriptAssemblies/Unity.Multiplayer.Center.Tests.dll not valid. Loading of assembly skipped.
Assembly Unity.Nuget.Mono-Cecil.dll at Library/ScriptAssemblies/Unity.Nuget.Mono-Cecil.dll not valid. Loading of assembly skipped.
Assembly Unity.PathTracing.Editor.Tests.dll at Library/ScriptAssemblies/Unity.PathTracing.Editor.Tests.dll not valid. Loading of assembly skipped.
Assembly Unity.PathTracing.Runtime.Tests.dll at Library/ScriptAssemblies/Unity.PathTracing.Runtime.Tests.dll not valid. Loading of assembly skipped.
Assembly Unity.RenderPipelines.Core.Editor.Tests.dll at Library/ScriptAssemblies/Unity.RenderPipelines.Core.Editor.Tests.dll not valid. Loading of assembly skipped.
Assembly Unity.RenderPipelines.Core.Runtime.Tests.dll at Library/ScriptAssemblies/Unity.RenderPipelines.Core.Runtime.Tests.dll not valid. Loading of assembly skipped.
Assembly Unity.RenderPipelines.Universal.Config.Editor.Tests.dll at Library/ScriptAssemblies/Unity.RenderPipelines.Universal.Config.Editor.Tests.dll not valid. Loading of assembly skipped.
Assembly Unity.RenderPipelines.Universal.Editor.Tests.dll at Library/ScriptAssemblies/Unity.RenderPipelines.Universal.Editor.Tests.dll not valid. Loading of assembly skipped.
Assembly Unity.RenderPipelines.Universal.Runtime.Tests.dll at Library/ScriptAssemblies/Unity.RenderPipelines.Universal.Runtime.Tests.dll not valid. Loading of assembly skipped.
Assembly Unity.Searcher.EditorTests.dll at Library/ScriptAssemblies/Unity.Searcher.EditorTests.dll not valid. Loading of assembly skipped.
Assembly Unity.Settings.Tests.dll at Library/ScriptAssemblies/Unity.Settings.Tests.dll not valid. Loading of assembly skipped.
Assembly Unity.ShaderGraph.Editor.Tests.dll at Library/ScriptAssemblies/Unity.ShaderGraph.Editor.Tests.dll not valid. Loading of assembly skipped.
Assembly Unity.TextMeshPro.Editor.Tests.dll at Library/ScriptAssemblies/Unity.TextMeshPro.Editor.Tests.dll not valid. Loading of assembly skipped.
Assembly Unity.TextMeshPro.Tests.dll at Library/ScriptAssemblies/Unity.TextMeshPro.Tests.dll not valid. Loading of assembly skipped.
Assembly Unity.UnifiedRayTracing.Editor.Tests.dll at Library/ScriptAssemblies/Unity.UnifiedRayTracing.Editor.Tests.dll not valid. Loading of assembly skipped.
Assembly UnityEditor.UI.Common.Tests.dll at Library/ScriptAssemblies/UnityEditor.UI.Common.Tests.dll not valid. Loading of assembly skipped.
Assembly UnityEditor.UI.EditorTests.dll at Library/ScriptAssemblies/UnityEditor.UI.EditorTests.dll not valid. Loading of assembly skipped.
Assembly UnityEngine.UI.Tests.dll at Library/ScriptAssemblies/UnityEngine.UI.Tests.dll not valid. Loading of assembly skipped.
Native extension for LinuxStandalone target not found
Native extension for UWP target not found
Native extension for WindowsStandalone target not found
Native extension for OSXStandalone target not found
Native extension for WebGL target not found
[Package Manager] Failed to launch server process. Reason: Unity was launched with the -noUpm command-line argument
[Package Manager] Unable to send message (not connected to server process).
[Package Manager] Cannot connect to Unity Package Manager local server
[Package Manager] Failed to launch server process. Reason: Unity was launched with the -noUpm command-line argument
[Package Manager] Unable to send message (not connected to server process).
[Package Manager] Cannot connect to Unity Package Manager local server
[MODES] ModeService[none].Initialize
[MODES] ModeService[none].LoadModes
ScheduleIndexationOnStartup MainProcess:False IndexOnStartup:True
Mono: successfully reloaded assembly
- Finished resetting the current domain, in  0.905 seconds
Domain Reload Profiling: 1737ms
	BeginReloadAssembly (213ms)
		DisableScriptedObjects (7ms)
		CreateAndSetChildDomain (45ms)
	RebuildCommonClasses (44ms)
	RebuildNativeTypeToScriptingClass (16ms)
	initialDomainReloadingComplete (62ms)
	LoadAllAssembliesAndSetupDomain (497ms)
		LoadAssemblies (346ms)
		AnalyzeDomain (244ms)
			TypeCache.Refresh (7ms)
			BuildScriptInfoCaches (222ms)
			ResolveRequiredComponents (13ms)
	FinalizeReload (905ms)
		SetupLoadedEditorAssemblies (0ms)
			InitializePlatformSupportModulesInManaged (4ms)
			BeforeProcessingInitializeOnLoad (179ms)
			ProcessInitializeOnLoadAttributes (371ms)
			ProcessInitializeOnLoadMethodAttributes (133ms)
			AfterProcessingInitializeOnLoad (8ms)
		AwakeInstancesAfterBackupRestoration (20ms)
Unloading 25 Unused Serialized files (Serialized files now loaded: 0)
Unloading 6712 unused Assets / (5.7 MB). Loaded Objects now: 7595.
Memory consumption went from 189.8 MB to 184.1 MB.
Total: 12.016800 ms (FindLiveObjects: 0.724300 ms CreateObjectMapping: 0.985400 ms MarkObjects: 6.826900 ms  DeleteObjects: 3.479100 ms)

Prepare: number of updated asset objects reloaded= 0
========================================================================
Received Prepare
Begin MonoManager ReloadAssembly
[Licensing::Client] Successfully resolved entitlement details
Assembly Assembly-CSharp-Editor-firstpass.dll at Library/ScriptAssemblies/Assembly-CSharp-Editor-firstpass.dll not valid. Loading of assembly skipped.
Assembly Assembly-CSharp-Editor.dll at Library/ScriptAssemblies/Assembly-CSharp-Editor.dll not valid. Loading of assembly skipped.
Assembly Assembly-CSharp-firstpass.dll at Library/ScriptAssemblies/Assembly-CSharp-firstpass.dll not valid. Loading of assembly skipped.
Assembly DocCodeExamples.dll at Library/ScriptAssemblies/DocCodeExamples.dll not valid. Loading of assembly skipped.
Assembly TestNewCustomAssembly.dll at Library/ScriptAssemblies/TestNewCustomAssembly.dll not valid. Loading of assembly skipped.
Assembly Unity.2D.Sprite.Package.EditorTests.dll at Library/ScriptAssemblies/Unity.2D.Sprite.Package.EditorTests.dll not valid. Loading of assembly skipped.
Assembly Unity.Collections.BurstCompatibilityGen.dll at Library/ScriptAssemblies/Unity.Collections.BurstCompatibilityGen.dll not valid. Loading of assembly skipped.
Assembly Unity.Collections.DocCodeSamples.dll at Library/ScriptAssemblies/Unity.Collections.DocCodeSamples.dll not valid. Loading of assembly skipped.
Assembly Unity.Collections.PerformanceTests.dll at Library/ScriptAssemblies/Unity.Collections.PerformanceTests.dll not valid. Loading of assembly skipped.
Assembly Unity.Collections.Tests.dll at Library/ScriptAssemblies/Unity.Collections.Tests.dll not valid. Loading of assembly skipped.
Assembly Unity.Collections.Tests.Playmode.dll at Library/ScriptAssemblies/Unity.Collections.Tests.Playmode.dll not valid. Loading of assembly skipped.
Assembly Unity.InputSystem.IntegrationTests.dll at Library/ScriptAssemblies/Unity.InputSystem.IntegrationTests.dll not valid. Loading of assembly skipped.
Assembly Unity.Mathematics.Tests.dll at Library/ScriptAssemblies/Unity.Mathematics.Tests.dll not valid. Loading of assembly skipped.
Assembly Unity.Multiplayer.Center.Editor.Tests.dll at Library/ScriptAssemblies/Unity.Multiplayer.Center.Editor.Tests.dll not valid. Loading of assembly skipped.
Assembly Unity.Multiplayer.Center.Tests.dll at Library/ScriptAssemblies/Unity.Multiplayer.Center.Tests.dll not valid. Loading of assembly skipped.
Assembly Unity.Nuget.Mono-Cecil.dll at Library/ScriptAssemblies/Unity.Nuget.Mono-Cecil.dll not valid. Loading of assembly skipped.
Assembly Unity.PathTracing.Editor.Tests.dll at Library/ScriptAssemblies/Unity.PathTracing.Editor.Tests.dll not valid. Loading of assembly skipped.
Assembly Unity.PathTracing.Runtime.Tests.dll at Library/ScriptAssemblies/Unity.PathTracing.Runtime.Tests.dll not valid. Loading of assembly skipped.
Assembly Unity.RenderPipelines.Core.Editor.Tests.dll at Library/ScriptAssemblies/Unity.RenderPipelines.Core.Editor.Tests.dll not valid. Loading of assembly skipped.
Assembly Unity.RenderPipelines.Core.Runtime.Tests.dll at Library/ScriptAssemblies/Unity.RenderPipelines.Core.Runtime.Tests.dll not valid. Loading of assembly skipped.
Assembly Unity.RenderPipelines.Universal.Config.Editor.Tests.dll at Library/ScriptAssemblies/Unity.RenderPipelines.Universal.Config.Editor.Tests.dll not valid. Loading of assembly skipped.
Assembly Unity.RenderPipelines.Universal.Editor.Tests.dll at Library/ScriptAssemblies/Unity.RenderPipelines.Universal.Editor.Tests.dll not valid. Loading of assembly skipped.
Assembly Unity.RenderPipelines.Universal.Runtime.Tests.dll at Library/ScriptAssemblies/Unity.RenderPipelines.Universal.Runtime.Tests.dll not valid. Loading of assembly skipped.
Assembly Unity.Searcher.EditorTests.dll at Library/ScriptAssemblies/Unity.Searcher.EditorTests.dll not valid. Loading of assembly skipped.
Assembly Unity.Settings.Tests.dll at Library/ScriptAssemblies/Unity.Settings.Tests.dll not valid. Loading of assembly skipped.
Assembly Unity.ShaderGraph.Editor.Tests.dll at Library/ScriptAssemblies/Unity.ShaderGraph.Editor.Tests.dll not valid. Loading of assembly skipped.
Assembly Unity.TextMeshPro.Editor.Tests.dll at Library/ScriptAssemblies/Unity.TextMeshPro.Editor.Tests.dll not valid. Loading of assembly skipped.
Assembly Unity.TextMeshPro.Tests.dll at Library/ScriptAssemblies/Unity.TextMeshPro.Tests.dll not valid. Loading of assembly skipped.
Assembly Unity.UnifiedRayTracing.Editor.Tests.dll at Library/ScriptAssemblies/Unity.UnifiedRayTracing.Editor.Tests.dll not valid. Loading of assembly skipped.
Assembly UnityEditor.UI.Common.Tests.dll at Library/ScriptAssemblies/UnityEditor.UI.Common.Tests.dll not valid. Loading of assembly skipped.
Assembly UnityEditor.UI.EditorTests.dll at Library/ScriptAssemblies/UnityEditor.UI.EditorTests.dll not valid. Loading of assembly skipped.
Assembly UnityEngine.UI.Tests.dll at Library/ScriptAssemblies/UnityEngine.UI.Tests.dll not valid. Loading of assembly skipped.
Native extension for LinuxStandalone target not found
Native extension for UWP target not found
Native extension for WindowsStandalone target not found
Native extension for OSXStandalone target not found
Native extension for WebGL target not found
[Package Manager] Failed to launch server process. Reason: Unity was launched with the -noUpm command-line argument
[Package Manager] Unable to send message (not connected to server process).
[Package Manager] Cannot connect to Unity Package Manager local server
[Package Manager] Failed to launch server process. Reason: Unity was launched with the -noUpm command-line argument
[Package Manager] Unable to send message (not connected to server process).
[Package Manager] Cannot connect to Unity Package Manager local server
[MODES] ModeService[none].Initialize
[MODES] ModeService[none].LoadModes
ScheduleIndexationOnStartup MainProcess:False IndexOnStartup:True
Mono: successfully reloaded assembly
- Finished resetting the current domain, in  0.850 seconds
Domain Reload Profiling: 1681ms
	BeginReloadAssembly (226ms)
		DisableScriptedObjects (7ms)
		CreateAndSetChildDomain (45ms)
	RebuildCommonClasses (45ms)
	RebuildNativeTypeToScriptingClass (15ms)
	initialDomainReloadingComplete (65ms)
	LoadAllAssembliesAndSetupDomain (479ms)
		LoadAssemblies (356ms)
		AnalyzeDomain (229ms)
			TypeCache.Refresh (7ms)
			BuildScriptInfoCaches (208ms)
			ResolveRequiredComponents (12ms)
	FinalizeReload (851ms)
		SetupLoadedEditorAssemblies (0ms)
			InitializePlatformSupportModulesInManaged (4ms)
			BeforeProcessingInitializeOnLoad (170ms)
			ProcessInitializeOnLoadAttributes (334ms)
			ProcessInitializeOnLoadMethodAttributes (132ms)
			AfterProcessingInitializeOnLoad (7ms)
		AwakeInstancesAfterBackupRestoration (20ms)
Unloading 25 Unused Serialized files (Serialized files now loaded: 0)
Unloading 6712 unused Assets / (5.4 MB). Loaded Objects now: 7598.
Memory consumption went from 193.1 MB to 187.7 MB.
Total: 9.256000 ms (FindLiveObjects: 0.696300 ms CreateObjectMapping: 0.433400 ms MarkObjects: 5.901300 ms  DeleteObjects: 2.224000 ms)

Prepare: number of updated asset objects reloaded= 0
========================================================================
Received Import Request.
  Time since last request: 3183.635033 seconds.
  path: Assets/Topher Assets/Animations/Jumping.fbx
  importAddress: Guid(56e5f2f251368124f86eff329f510996) Importer(815301076,1909f56bfc062723c751e8b465ee728b)
Start importing Assets/Topher Assets/Animations/Jumping.fbx using Guid(56e5f2f251368124f86eff329f510996) Importer(815301076,1909f56bfc062723c751e8b465ee728b) (PreviewImporter) -> (Import Result ID: 'a480b3dd3e75e01718ceefc6107fda8d') in 0.0603878 seconds [static and dynamic dependencies]. Details - ImportResultOutputID=367ff0bc976c29e761330965581e110f DependenciesID=d10ebba845f043ed0fda2e0e7f0d469e StaticDependenciesID=831f6b57b18c41684687f8dbc95c39c0 
Number of updated asset objects reloaded before import = 0Number of asset objects unloaded after import = 105

========================================================================
Received Import Request.
  Time since last request: 0.000023 seconds.
  path: Assets/Topher Assets/Animations/Running Jump.fbx
  importAddress: Guid(87e415fa0ce730247988955d00b2ab0c) Importer(815301076,1909f56bfc062723c751e8b465ee728b)
Start importing Assets/Topher Assets/Animations/Running Jump.fbx using Guid(87e415fa0ce730247988955d00b2ab0c) Importer(815301076,1909f56bfc062723c751e8b465ee728b) (PreviewImporter) -> (Import Result ID: '48432052e57f3d6401ba61253840b436') in 0.9256858 seconds [static and dynamic dependencies]. Details - ImportResultOutputID=98cd779bff9a632456b507543c00ef20 DependenciesID=16ec092d4c4c3315c204f64641a24718 StaticDependenciesID=fef59cec3cca82134e1c4fa998bbbd76 
Number of updated asset objects reloaded before import = 0Number of asset objects unloaded after import = 112

========================================================================
Received Import Request.
  Time since last request: 102.362745 seconds.
  path: Assets/Topher Assets/Models & Prefabs/PSX Mega Pack 3.1.3/Models/Modular Structures/side_doorway_3.fbx
  importAddress: Guid(6ca1049725dd12d47a18c51ed07103ae) Importer(2089858483,b0f066a214c2f5e87bad3c948f4d605d)
Start importing Assets/Topher Assets/Models & Prefabs/PSX Mega Pack 3.1.3/Models/Modular Structures/side_doorway_3.fbx using Guid(6ca1049725dd12d47a18c51ed07103ae) Importer(2089858483,b0f066a214c2f5e87bad3c948f4d605d) (ScriptedImporter) -> (Import Result ID: 'cd068ffc4cf0ae21c0651700820243e0') in 0.1509454 seconds [static and dynamic dependencies]. Details - ImportResultOutputID=4094d8c74e8604f2cd3d2817075b2175 DependenciesID=4d679f6d3abe24ce00cd8b3faee6c096 StaticDependenciesID=c470a2767ac71aa9a158b8e57a5278af 
Number of updated asset objects reloaded before import = 0Number of asset objects unloaded after import = 11

========================================================================
Received Import Request.
  Time since last request: 0.000066 seconds.
  path: Assets/Topher Assets/Models & Prefabs/PSX Mega Pack 3.1.3/Models/Modular Structures/elevator_1.fbx
  importAddress: Guid(038acb4d42e47f04aa178f3e53790fcd) Importer(2089858483,b0f066a214c2f5e87bad3c948f4d605d)
Start importing Assets/Topher Assets/Models & Prefabs/PSX Mega Pack 3.1.3/Models/Modular Structures/elevator_1.fbx using Guid(038acb4d42e47f04aa178f3e53790fcd) Importer(2089858483,b0f066a214c2f5e87bad3c948f4d605d) (ScriptedImporter) -> (Import Result ID: '2e37ca93bb2be5032e75d15e546805e7') in 0.0492558 seconds [static and dynamic dependencies]. Details - ImportResultOutputID=bee248d444769a2d9340166cc25daf95 DependenciesID=12e0668a4c3246f309de67f99876ee7b StaticDependenciesID=c84477fcbd1890e4a00dd57336a027ed 
Number of updated asset objects reloaded before import = 0Number of asset objects unloaded after import = 43

========================================================================
Received Import Request.
  Time since last request: 0.000053 seconds.
  path: Assets/Topher Assets/Models & Prefabs/PSX Mega Pack 3.1.3/Models/Large Props/wooden_crate_3.fbx
  importAddress: Guid(0c93e49bc1a8f7349a5b7a77e9025aaa) Importer(2089858483,b0f066a214c2f5e87bad3c948f4d605d)
Start importing Assets/Topher Assets/Models & Prefabs/PSX Mega Pack 3.1.3/Models/Large Props/wooden_crate_3.fbx using Guid(0c93e49bc1a8f7349a5b7a77e9025aaa) Importer(2089858483,b0f066a214c2f5e87bad3c948f4d605d) (ScriptedImporter) -> (Import Result ID: '6443437aecd100a024fae9ca1df2c10e') in 0.0197562 seconds [static and dynamic dependencies]. Details - ImportResultOutputID=0d2a38a320dae6f56b874ba8f8a76266 DependenciesID=9d69e05aef151e653e7f8ee38bbe4269 StaticDependenciesID=6f3690beead1b6be32b2f886f79713b3 
Number of updated asset objects reloaded before import = 0Number of asset objects unloaded after import = 9

========================================================================
Received Import Request.
  Time since last request: 0.000026 seconds.
  path: Assets/Topher Assets/Models & Prefabs/PSX Mega Pack 3.1.3/Models/Modular Structures/wall_2_2.fbx
  importAddress: Guid(d52a744a4768ffe4c9dce86ee68f94c7) Importer(2089858483,b0f066a214c2f5e87bad3c948f4d605d)
Start importing Assets/Topher Assets/Models & Prefabs/PSX Mega Pack 3.1.3/Models/Modular Structures/wall_2_2.fbx using Guid(d52a744a4768ffe4c9dce86ee68f94c7) Importer(2089858483,b0f066a214c2f5e87bad3c948f4d605d) (ScriptedImporter) -> (Import Result ID: '8cc1a912dbca26a9d1496a15488b1cb5') in 0.0233126 seconds [static and dynamic dependencies]. Details - ImportResultOutputID=17b8f865fc280fe5ac916421facb75e0 DependenciesID=ed73d5e57b25dd3aa901f601251f8324 StaticDependenciesID=6090d7d19ddfb5bb10ba52c32b6b93f6 
Number of updated asset objects reloaded before import = 0Number of asset objects unloaded after import = 11

========================================================================
Received Import Request.
  Time since last request: 0.000031 seconds.
  path: Assets/Topher Assets/Models & Prefabs/PSX Mega Pack 3.1.3/Models/Modular Structures/stairs_mp_1.fbx
  importAddress: Guid(c9f7796563a197244889cd6635b2d06a) Importer(2089858483,b0f066a214c2f5e87bad3c948f4d605d)
Start importing Assets/Topher Assets/Models & Prefabs/PSX Mega Pack 3.1.3/Models/Modular Structures/stairs_mp_1.fbx using Guid(c9f7796563a197244889cd6635b2d06a) Importer(2089858483,b0f066a214c2f5e87bad3c948f4d605d) (ScriptedImporter) -> (Import Result ID: '45a08fb9cb0a02c578f6c45213caefdc') in 0.0222509 seconds [static and dynamic dependencies]. Details - ImportResultOutputID=163661e164fe1449060fe7c2843f7c20 DependenciesID=00d4720ddb724f8018a72b50d06337e7 StaticDependenciesID=836ebdf645de3b3aae0470dd4b5d3eb6 
Number of updated asset objects reloaded before import = 0Number of asset objects unloaded after import = 9

========================================================================
Received Import Request.
  Time since last request: 0.000031 seconds.
  path: Assets/Topher Assets/Materials/obsidian
  importAddress: Guid(5b1ada00cb54bbb4ea75141d90bc032b) Importer(2089858483,b0f066a214c2f5e87bad3c948f4d605d)
Start importing Assets/Topher Assets/Materials/obsidian using Guid(5b1ada00cb54bbb4ea75141d90bc032b) Importer(2089858483,b0f066a214c2f5e87bad3c948f4d605d) (ScriptedImporter) -> (Import Result ID: '9f05d6b554a0efc791682df7ea2a255b') in 0.0142851 seconds [static and dynamic dependencies]. Details - ImportResultOutputID=99d80167d8abbe388be6585dae98423f DependenciesID=a79621ac0b3a4fcdf1a7c547be6ba64d StaticDependenciesID=78dc6e6188aea480216900dd66d1fb59 
Number of updated asset objects reloaded before import = 0Number of asset objects unloaded after import = 1

========================================================================
Received Import Request.
  Time since last request: 0.000052 seconds.
  path: Assets/Topher Assets/Models & Prefabs/PSX Mega Pack 3.1.3/Textures/floor_2_tiles.jpg
  importAddress: Guid(83c6d46294e262c46ada1a74bc316320) Importer(2089858483,b0f066a214c2f5e87bad3c948f4d605d)
Start importing Assets/Topher Assets/Models & Prefabs/PSX Mega Pack 3.1.3/Textures/floor_2_tiles.jpg using Guid(83c6d46294e262c46ada1a74bc316320) Importer(2089858483,b0f066a214c2f5e87bad3c948f4d605d) (ScriptedImporter)[Licensing::Client] Successfully resolved entitlement details
 -> (Import Result ID: '7402c2533f1ad7fd9bab601ca33bca7f') in 0.094146 seconds [static and dynamic dependencies]. Details - ImportResultOutputID=916bd0a73fdcb04ed6609a509effb2e8 DependenciesID=41d330270325197ccef0de6f59052fe0 StaticDependenciesID=705dd07cdf8346aba6c89db3efc422eb 
Number of updated asset objects reloaded before import = 0Number of asset objects unloaded after import = 1

========================================================================
Received Import Request.
  Time since last request: 0.000022 seconds.
  path: Assets/Topher Assets/Models & Prefabs/PSX Mega Pack 3.1.3/Models/Modular Structures/doorway_2_1.fbx
  importAddress: Guid(cadeab19165ca6f44b2448dbfb5792a6) Importer(2089858483,b0f066a214c2f5e87bad3c948f4d605d)
Start importing Assets/Topher Assets/Models & Prefabs/PSX Mega Pack 3.1.3/Models/Modular Structures/doorway_2_1.fbx using Guid(cadeab19165ca6f44b2448dbfb5792a6) Importer(2089858483,b0f066a214c2f5e87bad3c948f4d605d) (ScriptedImporter) -> (Import Result ID: '3bf990307edb29392fa32e97c9bdb7e7') in 0.0348772 seconds [static and dynamic dependencies]. Details - ImportResultOutputID=2acd4e97012e1dcce1f2545e74eac9dc DependenciesID=8301fdb38867be6b62f2016cd9d65abb StaticDependenciesID=21f1713d7fe1bc630bd1ff2281535c33 
Number of updated asset objects reloaded before import = 0Number of asset objects unloaded after import = 25

========================================================================
Received Import Request.
  Time since last request: 0.000036 seconds.
  path: Assets/Topher Assets/Models & Prefabs/PSX Mega Pack 3.1.3
  importAddress: Guid(e7f14c0e91b9e6341af657184eff4098) Importer(2089858483,b0f066a214c2f5e87bad3c948f4d605d)
Start importing Assets/Topher Assets/Models & Prefabs/PSX Mega Pack 3.1.3 using Guid(e7f14c0e91b9e6341af657184eff4098) Importer(2089858483,b0f066a214c2f5e87bad3c948f4d605d) (ScriptedImporter) -> (Import Result ID: '87cfd206dbe0bfb1ff03568498eea562') in 0.0139224 seconds [static and dynamic dependencies]. Details - ImportResultOutputID=7c512c91455a50faf2a146e222af2778 DependenciesID=0fe71dd0b6ffd1116d6ca35064e1b775 StaticDependenciesID=10f3f3e35eee475df7db7162d45cb0b5 
Number of updated asset objects reloaded before import = 0Number of asset objects unloaded after import = 1

========================================================================
Received Import Request.
  Time since last request: 0.000045 seconds.
  path: Assets/Topher Assets/Animations
  importAddress: Guid(8f0adcb444418dc43aa1d9c83c45834e) Importer(2089858483,b0f066a214c2f5e87bad3c948f4d605d)
Start importing Assets/Topher Assets/Animations using Guid(8f0adcb444418dc43aa1d9c83c45834e) Importer(2089858483,b0f066a214c2f5e87bad3c948f4d605d) (ScriptedImporter) -> (Import Result ID: 'cf2e1bf6de06d2c06e64e70576e93cec') in 0.0159282 seconds [static and dynamic dependencies]. Details - ImportResultOutputID=e45d730057f49e20dbaaae83ffea18ae DependenciesID=abc76b053df21265246ddca67a123d62 StaticDependenciesID=37f1dfe32744c09d7b8b9f2e41db433d 
Number of updated asset objects reloaded before import = 0Number of asset objects unloaded after import = 1

========================================================================
Received Import Request.
  Time since last request: 0.000029 seconds.
  path: Assets/Topher Assets/Models & Prefabs/PSX Mega Pack 3.1.3/Models/Modular Structures/beam_2.fbx
  importAddress: Guid(48d3077c403ff0a46932ea1a774c177a) Importer(2089858483,b0f066a214c2f5e87bad3c948f4d605d)
Start importing Assets/Topher Assets/Models & Prefabs/PSX Mega Pack 3.1.3/Models/Modular Structures/beam_2.fbx using Guid(48d3077c403ff0a46932ea1a774c177a) Importer(2089858483,b0f066a214c2f5e87bad3c948f4d605d) (ScriptedImporter) -> (Import Result ID: '53a2a4668ed68608c887f4d59d37e6fe') in 0.0541604 seconds [static and dynamic dependencies]. Details - ImportResultOutputID=b0ad9a0eb6ee298675ee04ea8433af67 DependenciesID=5c9a6cdfd796b252acf70ad6db99243c StaticDependenciesID=91d467e3a377eff33eec1b0e4ee4c30c 
Number of updated asset objects reloaded before import = 0Number of asset objects unloaded after import = 9

========================================================================
Received Import Request.
  Time since last request: 0.000028 seconds.
  path: Assets/Topher Assets/Models & Prefabs/PSX Mega Pack 3.1.3/Textures/cell_phone_1.png
  importAddress: Guid(fc9a99b303f3ebb479ef3cbfa4a2f04a) Importer(2089858483,b0f066a214c2f5e87bad3c948f4d605d)
Start importing Assets/Topher Assets/Models & Prefabs/PSX Mega Pack 3.1.3/Textures/cell_phone_1.png using Guid(fc9a99b303f3ebb479ef3cbfa4a2f04a) Importer(2089858483,b0f066a214c2f5e87bad3c948f4d605d) (ScriptedImporter) -> (Import Result ID: '18c18d891361aa7b31c1f5171597b9ec') in 0.0632439 seconds [static and dynamic dependencies]. Details - ImportResultOutputID=b3bb88e1627cc0111c7d25635df87136 DependenciesID=109bc75a2c75b74cec76a690f9f71980 StaticDependenciesID=01db28d88353057d1240771e8b3b58ff 
Number of updated asset objects reloaded before import = 0Number of asset objects unloaded after import = 1

========================================================================
Received Import Request.
  Time since last request: 0.000028 seconds.
  path: Assets/Topher Assets/Animations/Running Jump.fbx
  importAddress: Guid(87e415fa0ce730247988955d00b2ab0c) Importer(2089858483,b0f066a214c2f5e87bad3c948f4d605d)
Start importing Assets/Topher Assets/Animations/Running Jump.fbx using Guid(87e415fa0ce730247988955d00b2ab0c) Importer(2089858483,b0f066a214c2f5e87bad3c948f4d605d) (ScriptedImporter) -> (Import Result ID: '0f6d3ce319203888346f1e81e732e4f3') in 0.0553046 seconds [static and dynamic dependencies]. Details - ImportResultOutputID=395d088a032d2010266259b84f3dd480 DependenciesID=cf1e5ee41a08a4d150746bf23ab1fde4 StaticDependenciesID=1c3d0efbc6ab6b56755e75f180fd1a77 
Number of updated asset objects reloaded before import = 0Number of asset objects unloaded after import = 112

========================================================================
Received Import Request.
  Time since last request: 0.000052 seconds.
  path: Assets/Topher Assets/Models & Prefabs/PSX Mega Pack 3.1.3/Textures/wood_4.png
  importAddress: Guid(5215276321311e14c80d4167aa72fb80) Importer(2089858483,b0f066a214c2f5e87bad3c948f4d605d)
Start importing Assets/Topher Assets/Models & Prefabs/PSX Mega Pack 3.1.3/Textures/wood_4.png using Guid(5215276321311e14c80d4167aa72fb80) Importer(2089858483,b0f066a214c2f5e87bad3c948f4d605d) (ScriptedImporter) -> (Import Result ID: '84edddad3a4b9a145f171eb4b80d242e') in 0.0237725 seconds [static and dynamic dependencies]. Details - ImportResultOutputID=f6b1d22a4ccdedfc8c0ea638100671d2 DependenciesID=f06c047c0ca78d589a20b15f3b42b2bb StaticDependenciesID=51a5d168fc0fd8015b1e18d94d5f1fd3 
Number of updated asset objects reloaded before import = 0Number of asset objects unloaded after import = 1

========================================================================
Received Import Request.
  Time since last request: 0.000030 seconds.
  path: Assets/Topher Assets/Models & Prefabs/PSX Mega Pack 3.1.3/Models/Furniture/chair_mp_3.fbx
  importAddress: Guid(7d31d5c4b540e92469129aa3463ec187) Importer(2089858483,b0f066a214c2f5e87bad3c948f4d605d)
Start importing Assets/Topher Assets/Models & Prefabs/PSX Mega Pack 3.1.3/Models/Furniture/chair_mp_3.fbx using Guid(7d31d5c4b540e92469129aa3463ec187) Importer(2089858483,b0f066a214c2f5e87bad3c948f4d605d) (ScriptedImporter) -> (Import Result ID: 'b91aa22ff7c67963b1b720ca9668f998') in 0.0254822 seconds [static and dynamic dependencies]. Details - ImportResultOutputID=df4d52d49e3905f89de42b391f8f03c2 DependenciesID=d6c695a69939591407da9a6a45770cf9 StaticDependenciesID=8ce4c8ee843abd1bb299a832b735f185 
Number of updated asset objects reloaded before import = 0Number of asset objects unloaded after import = 9

========================================================================
Received Import Request.
  Time since last request: 0.000033 seconds.
  path: Assets/Topher Assets/Models & Prefabs/PSX Mega Pack 3.1.3/Models/Modular Structures/stairs_5_concrete.fbx
  importAddress: Guid(4b109d3dcf7e12b44bf57a49f743241f) Importer(2089858483,b0f066a214c2f5e87bad3c948f4d605d)
Start importing Assets/Topher Assets/Models & Prefabs/PSX Mega Pack 3.1.3/Models/Modular Structures/stairs_5_concrete.fbx using Guid(4b109d3dcf7e12b44bf57a49f743241f) Importer(2089858483,b0f066a214c2f5e87bad3c948f4d605d) (ScriptedImporter) -> (Import Result ID: '629b775ce45e9055dd4eb626ea32d29f') in 0.0219125 seconds [static and dynamic dependencies]. Details - ImportResultOutputID=932ae86348250501e7e556985199ca11 DependenciesID=ce44f3606ef2f8c2ba68855cd075173f StaticDependenciesID=23a2ea609922cecde68e193f6c07d6aa 
Number of updated asset objects reloaded before import = 0Number of asset objects unloaded after import = 9

========================================================================
Received Import Request.
  Time since last request: 0.000034 seconds.
  path: Assets/Topher Assets/Models & Prefabs/PSX Mega Pack 3.1.3/Textures/floor_2.png
  importAddress: Guid(e2a9d644cb1e6fd40b2c3c235d611cf9) Importer(2089858483,b0f066a214c2f5e87bad3c948f4d605d)
Start importing Assets/Topher Assets/Models & Prefabs/PSX Mega Pack 3.1.3/Textures/floor_2.png using Guid(e2a9d644cb1e6fd40b2c3c235d611cf9) Importer(2089858483,b0f066a214c2f5e87bad3c948f4d605d) (ScriptedImporter) -> (Import Result ID: '2be763672d93e9babc494c2c51a946ed') in 0.0165195 seconds [static and dynamic dependencies]. Details - ImportResultOutputID=ea063fbd002f4b50f2851e19079e6512 DependenciesID=5b586210930018688390c672b19f5ca8 StaticDependenciesID=d14f61d9544994611e8916ea0787fbfc 
Number of updated asset objects reloaded before import = 0Number of asset objects unloaded after import = 1

========================================================================
Received Import Request.
  Time since last request: 0.000049 seconds.
  path: Assets/Topher Assets/Models & Prefabs/PSX Mega Pack 3.1.3/Textures/concrete_1.jpg
  importAddress: Guid(7f1e4f24200afdc4ebb72e6fa81f3aa4) Importer(2089858483,b0f066a214c2f5e87bad3c948f4d605d)
Start importing Assets/Topher Assets/Models & Prefabs/PSX Mega Pack 3.1.3/Textures/concrete_1.jpg using Guid(7f1e4f24200afdc4ebb72e6fa81f3aa4) Importer(2089858483,b0f066a214c2f5e87bad3c948f4d605d) (ScriptedImporter) -> (Import Result ID: 'e1bc34e16c943b9db5b67e11e60b2155') in 0.0172606 seconds [static and dynamic dependencies]. Details - ImportResultOutputID=1c11aba4663a3d5d2cd1f67280df6e08 DependenciesID=777f797984705575549836e5eddb9d50 StaticDependenciesID=c7b4dca27a082003acd27fa67a96b849 
Number of updated asset objects reloaded before import = 0Number of asset objects unloaded after import = 1

========================================================================
Received Import Request.
  Time since last request: 0.000023 seconds.
  path: Assets/Topher Assets/Models & Prefabs/PSX Mega Pack 3.1.3/Textures/metal_8.png
  importAddress: Guid(ae643673270ce2f4f966a8aa16e335c4) Importer(2089858483,b0f066a214c2f5e87bad3c948f4d605d)
Start importing Assets/Topher Assets/Models & Prefabs/PSX Mega Pack 3.1.3/Textures/metal_8.png using Guid(ae643673270ce2f4f966a8aa16e335c4) Importer(2089858483,b0f066a214c2f5e87bad3c948f4d605d) (ScriptedImporter) -> (Import Result ID: 'd1835fbc961bc48663151574692fe777') in 0.0443219 seconds [static and dynamic dependencies]. Details - ImportResultOutputID=4abd170d4f2aed500274d902cf075e6b DependenciesID=2aee153f51898cf85c96d92c5f7c3ec0 StaticDependenciesID=3edd10e32abe944132ec8498721fb7de 
Number of updated asset objects reloaded before import = 0Number of asset objects unloaded after import = 1

========================================================================
Received Import Request.
  Time since last request: 0.000030 seconds.
  path: Assets/Topher Assets/Models & Prefabs/PSX Mega Pack 3.1.3/Textures/wooden_crate_7_3.png
  importAddress: Guid(66b89244ed2835f428724b468f85af37) Importer(2089858483,b0f066a214c2f5e87bad3c948f4d605d)
Start importing Assets/Topher Assets/Models & Prefabs/PSX Mega Pack 3.1.3/Textures/wooden_crate_7_3.png using Guid(66b89244ed2835f428724b468f85af37) Importer(2089858483,b0f066a214c2f5e87bad3c948f4d605d) (ScriptedImporter) -> (Import Result ID: '1cd4bf293cf4fa0c6c9529fccfe8e3b8') in 0.0489806 seconds [static and dynamic dependencies]. Details - ImportResultOutputID=e7c97362fb5ab86aad882f8bc6be22b6 DependenciesID=260a1c796736a720fa35cb179f121215 StaticDependenciesID=3341549b2140e363a962f58fb81d33cf 
Number of updated asset objects reloaded before import = 0Number of asset objects unloaded after import = 1

========================================================================
Received Import Request.
  Time since last request: 0.000031 seconds.
  path: Assets/Topher Assets/Models & Prefabs/PSX Mega Pack 3.1.3/Textures/wood_6.png
  importAddress: Guid(7afa24122bd60384e940678c7525b60f) Importer(2089858483,b0f066a214c2f5e87bad3c948f4d605d)
Start importing Assets/Topher Assets/Models & Prefabs/PSX Mega Pack 3.1.3/Textures/wood_6.png using Guid(7afa24122bd60384e940678c7525b60f) Importer(2089858483,b0f066a214c2f5e87bad3c948f4d605d) (ScriptedImporter) -> (Import Result ID: '22c4c50242623ba8983f8a4eb6c1ea4a') in 0.0633593 seconds [static and dynamic dependencies]. Details - ImportResultOutputID=020078c3d4327003a5e8d86051079dda DependenciesID=66be942e59e21982a2f74d7f88f57619 StaticDependenciesID=2dd9a743a29b627977c582fe2dd7b297 
Number of updated asset objects reloaded before import = 0Number of asset objects unloaded after import = 1

========================================================================
Received Import Request.
  Time since last request: 0.000035 seconds.
  path: Assets/Topher Assets/Models & Prefabs/PSX Mega Pack 3.1.3/Textures/matchbox_1.png
  importAddress: Guid(7c98a7d028ca49e48b33e2e667f46ca5) Importer(2089858483,b0f066a214c2f5e87bad3c948f4d605d)
Start importing Assets/Topher Assets/Models & Prefabs/PSX Mega Pack 3.1.3/Textures/matchbox_1.png using Guid(7c98a7d028ca49e48b33e2e667f46ca5) Importer(2089858483,b0f066a214c2f5e87bad3c948f4d605d) (ScriptedImporter) -> (Import Result ID: 'a2411918959163840054ac187f0fe066') in 0.0318171 seconds [static and dynamic dependencies]. Details - ImportResultOutputID=a7c7f0a86905702a03e06b64374bb08e DependenciesID=1308094bca4b17cd0683058562f1bae0 StaticDependenciesID=21fbcffbe2000904b35bd873eff02ffc 
Number of updated asset objects reloaded before import = 0Number of asset objects unloaded after import = 1

========================================================================
Received Import Request.
  Time since last request: 0.000025 seconds.
  path: Assets/Topher Assets/Models & Prefabs/PSX Mega Pack 3.1.3/Textures/keypad_1_emission.png
  importAddress: Guid(eef2e4b436742cf49925b2916b61e1ca) Importer(2089858483,b0f066a214c2f5e87bad3c948f4d605d)
Start importing Assets/Topher Assets/Models & Prefabs/PSX Mega Pack 3.1.3/Textures/keypad_1_emission.png using Guid(eef2e4b436742cf49925b2916b61e1ca) Importer(2089858483,b0f066a214c2f5e87bad3c948f4d605d) (ScriptedImporter) -> (Import Result ID: '1fda4d1d2b14a7a8c749023880b98602') in 0.0353288 seconds [static and dynamic dependencies]. Details - ImportResultOutputID=16c314a044f126169c4b6b78206f8306 DependenciesID=84352dc1f56f39cebfc23e0c933769b3 StaticDependenciesID=ea9d9f15aa57d28395c467cfb99d6784 
Number of updated asset objects reloaded before import = 0Number of asset objects unloaded after import = 1

========================================================================
Received Import Request.
  Time since last request: 0.000024 seconds.
  path: Assets/Topher Assets/Models & Prefabs/PSX Mega Pack 3.1.3/Textures/vent_3.png
  importAddress: Guid(bd76f58447c679c43a8ed9b13a72656e) Importer(2089858483,b0f066a214c2f5e87bad3c948f4d605d)
Start importing Assets/Topher Assets/Models & Prefabs/PSX Mega Pack 3.1.3/Textures/vent_3.png using Guid(bd76f58447c679c43a8ed9b13a72656e) Importer(2089858483,b0f066a214c2f5e87bad3c948f4d605d) (ScriptedImporter) -> (Import Result ID: '8274d27b9b8e6863254e300845807d0c') in 0.0572402 seconds [static and dynamic dependencies]. Details - ImportResultOutputID=7cd47e1c7da551d10012cfe3a4bb9257 DependenciesID=13dbb5008cd2f49aafcd9fe463db878d StaticDependenciesID=f2c04ceea54f855011afd0ecf9d64b22 
Number of updated asset objects reloaded before import = 0Number of asset objects unloaded after import = 1

========================================================================
Received Import Request.
  Time since last request: 0.000031 seconds.
  path: Assets/Topher Assets/Models & Prefabs/PSX Mega Pack 3.1.3/Models/Electronics & Misc/tv_mp_1_1.fbx
  importAddress: Guid(e818be6afa895474ba3a6268a0ed6de8) Importer(2089858483,b0f066a214c2f5e87bad3c948f4d605d)
Start importing Assets/Topher Assets/Models & Prefabs/PSX Mega Pack 3.1.3/Models/Electronics & Misc/tv_mp_1_1.fbx using Guid(e818be6afa895474ba3a6268a0ed6de8) Importer(2089858483,b0f066a214c2f5e87bad3c948f4d605d) (ScriptedImporter) -> (Import Result ID: '667006f990aa1504fbe800641e2e06d1') in 0.1290608 seconds [static and dynamic dependencies]. Details - ImportResultOutputID=33f8b093a5b98ec1b9423fe14d6aebe2 DependenciesID=a44bb97541d0290b33005232471e4abb StaticDependenciesID=8049073753c265f027a5af6097fb4c50 
Number of updated asset objects reloaded before import = 0Number of asset objects unloaded after import = 11

========================================================================
Received Import Request.
  Time since last request: 0.000046 seconds.
  path: Assets/Topher Assets/Models & Prefabs/PSX Mega Pack 3.1.3/Models/Modular Structures/stairs_3.fbx
  importAddress: Guid(fc7c033dbbfe55b45a2ea3b5da0f2c92) Importer(2089858483,b0f066a214c2f5e87bad3c948f4d605d)
Start importing Assets/Topher Assets/Models & Prefabs/PSX Mega Pack 3.1.3/Models/Modular Structures/stairs_3.fbx using Guid(fc7c033dbbfe55b45a2ea3b5da0f2c92) Importer(2089858483,b0f066a214c2f5e87bad3c948f4d605d) (ScriptedImporter) -> (Import Result ID: '84bed7838c26559643ddeb776829c520') in 0.1642207 seconds [static and dynamic dependencies]. Details - ImportResultOutputID=e5f855a60d97b2613c86043b6b68a73c DependenciesID=dd0c2ab0666315002d298e70afd42f3e StaticDependenciesID=a9c0eb7f15f1a8494c53d69ab137adf6 
Number of updated asset objects reloaded before import = 0Number of asset objects unloaded after import = 9

========================================================================
Received Import Request.
  Time since last request: 0.000038 seconds.
  path: Assets/Topher Assets/Models & Prefabs/PSX Mega Pack 3.1.3/Textures/metal_barrel_mp_3.png
  importAddress: Guid(569eaa45996384048919ab0917b95f83) Importer(2089858483,b0f066a214c2f5e87bad3c948f4d605d)
Start importing Assets/Topher Assets/Models & Prefabs/PSX Mega Pack 3.1.3/Textures/metal_barrel_mp_3.png using Guid(569eaa45996384048919ab0917b95f83) Importer(2089858483,b0f066a214c2f5e87bad3c948f4d605d) (ScriptedImporter) -> (Import Result ID: 'd4759666bc330c7c7b1d84462cf55532') in 0.1380063 seconds [static and dynamic dependencies]. Details - ImportResultOutputID=bc1cf5c951c1696f7c92cb3d9fb05fd6 DependenciesID=76952ab7ce4d47c65e8abb72628f4f25 StaticDependenciesID=1242ac0c9b3004eeb44c57125a95d3c2 
Number of updated asset objects reloaded before import = 0Number of asset objects unloaded after import = 1

========================================================================
Received Import Request.
  Time since last request: 0.000034 seconds.
  path: Assets/Topher Assets/Models & Prefabs/PSX Mega Pack 3.1.3/Textures/brick_1.png
  importAddress: Guid(f887e2d3503831546bf4c2d28aec25a2) Importer(2089858483,b0f066a214c2f5e87bad3c948f4d605d)
Start importing Assets/Topher Assets/Models & Prefabs/PSX Mega Pack 3.1.3/Textures/brick_1.png using Guid(f887e2d3503831546bf4c2d28aec25a2) Importer(2089858483,b0f066a214c2f5e87bad3c948f4d605d) (ScriptedImporter) -> (Import Result ID: '5485c64028664f3bab1116402c53f3c3') in 0.2332354 seconds [static and dynamic dependencies]. Details - ImportResultOutputID=ee9a207234a08bae709e9eaf187009ea DependenciesID=257db113a1e5b39f4271e55f704b79c4 StaticDependenciesID=7c01ffc6a108d003bf39a9baa2b344ad 
Number of updated asset objects reloaded before import = 0Number of asset objects unloaded after import = 1

========================================================================
Received Import Request.
  Time since last request: 0.000025 seconds.
  path: Assets/Topher Assets/Models & Prefabs/PSX Mega Pack 3.1.3/Textures/elevator_sign_1.png
  importAddress: Guid(53e47bf5462db4741a9ed5a2b82948b8) Importer(2089858483,b0f066a214c2f5e87bad3c948f4d605d)
Start importing Assets/Topher Assets/Models & Prefabs/PSX Mega Pack 3.1.3/Textures/elevator_sign_1.png using Guid(53e47bf5462db4741a9ed5a2b82948b8) Importer(2089858483,b0f066a214c2f5e87bad3c948f4d605d) (ScriptedImporter) -> (Import Result ID: '5d59b3e680d3c57bdc559a974a99445a') in 1.490638 seconds [static and dynamic dependencies]. Details - ImportResultOutputID=e5b1a107742d0e234f4dd80ccf58b72c DependenciesID=370ebfd6804a8445ae89bb0bab8695d5 StaticDependenciesID=9289ddf37d5f37b018000529e97dabb3 
Number of updated asset objects reloaded before import = 0Number of asset objects unloaded after import = 1

========================================================================
Received Import Request.
  Time since last request: 0.000035 seconds.
  path: Assets/Topher Assets/Models & Prefabs/PSX Mega Pack 3.1.3/Textures/pills_bottle_1.png
  importAddress: Guid(5b393384105478a48be8023135a9211b) Importer(2089858483,b0f066a214c2f5e87bad3c948f4d605d)
Start importing Assets/Topher Assets/Models & Prefabs/PSX Mega Pack 3.1.3/Textures/pills_bottle_1.png using Guid(5b393384105478a48be8023135a9211b) Importer(2089858483,b0f066a214c2f5e87bad3c948f4d605d) (ScriptedImporter) -> (Import Result ID: '504f644fafbf98ff0c332c92634ab8fa') in 0.0450401 seconds [static and dynamic dependencies]. Details - ImportResultOutputID=3c746ce84349239beda72e7be7c5da57 DependenciesID=ca2a227f60cfb12b493f76744ee08c3e StaticDependenciesID=0fe0be0fcdb840fbefa6713e7af43cd3 
Number of updated asset objects reloaded before import = 0Number of asset objects unloaded after import = 1

========================================================================
Received Prepare
Unloading 25 Unused Serialized files (Serialized files now loaded: 0)
Unloading 6708 unused Assets / (5.7 MB). Loaded Objects now: 7757.
Memory consumption went from 198.0 MB to 192.3 MB.
Total: 12.182300 ms (FindLiveObjects: 0.735000 ms CreateObjectMapping: 0.432500 ms MarkObjects: 8.202600 ms  DeleteObjects: 2.811100 ms)

Prepare: number of updated asset objects reloaded= 0
========================================================================
Received Import Request.
  Time since last request: 1.084976 seconds.
  path: Assets/Topher Assets/Models & Prefabs/PSX Mega Pack 3.1.3/Textures/wood_3.png
  importAddress: Guid(4d18693670bb5e541a8c6abe9f0d4d2d) Importer(2089858483,b0f066a214c2f5e87bad3c948f4d605d)
Start importing Assets/Topher Assets/Models & Prefabs/PSX Mega Pack 3.1.3/Textures/wood_3.png using Guid(4d18693670bb5e541a8c6abe9f0d4d2d) Importer(2089858483,b0f066a214c2f5e87bad3c948f4d605d) (ScriptedImporter) -> (Import Result ID: '26c624c82f9b1d7b4655a3bc1faf0009') in 1.6753968 seconds [static and dynamic dependencies]. Details - ImportResultOutputID=0bc9027ade2f6900d7717e741aff5336 DependenciesID=de9beb3228432f70d7ec0f90f3f68808 StaticDependenciesID=6e6119e2527c96835597f2a1d377e1e7 
Number of updated asset objects reloaded before import = 0Number of asset objects unloaded after import = 1

========================================================================
Received Import Request.
  Time since last request: 0.000033 seconds.
  path: Assets/Topher Assets/Models & Prefabs/PSX Mega Pack 3.1.3/Textures/batteries_mp_1.png
  importAddress: Guid(5df01f46b416b0541816980c1eafdac6) Importer(2089858483,b0f066a214c2f5e87bad3c948f4d605d)
Start importing Assets/Topher Assets/Models & Prefabs/PSX Mega Pack 3.1.3/Textures/batteries_mp_1.png using Guid(5df01f46b416b0541816980c1eafdac6) Importer(2089858483,b0f066a214c2f5e87bad3c948f4d605d) (ScriptedImporter) -> (Import Result ID: '9c7173cec3095d61600302c28e8989e3') in 0.3942313 seconds [static and dynamic dependencies]. Details - ImportResultOutputID=ba99637dd1eb4a4dfb858c6bc3fefb16 DependenciesID=1f8c674cfb47a1e4b53de20c59657837 StaticDependenciesID=2543e1c2eea4ee1be59090f6d7a3513a 
Number of updated asset objects reloaded before import = 0Number of asset objects unloaded after import = 1

========================================================================
Received Import Request.
  Time since last request: 0.157310 seconds.
  path: Assets/Topher Assets/Models & Prefabs/PSX Mega Pack 3.1.3/Textures/panel_mp_1.png
  importAddress: Guid(af1b8ea624970ec4d83f5368cd8dada5) Importer(2089858483,b0f066a214c2f5e87bad3c948f4d605d)
Start importing Assets/Topher Assets/Models & Prefabs/PSX Mega Pack 3.1.3/Textures/panel_mp_1.png using Guid(af1b8ea624970ec4d83f5368cd8dada5) Importer(2089858483,b0f066a214c2f5e87bad3c948f4d605d) (ScriptedImporter) -> (Import Result ID: '14d7197842c150f491b1f0d095aa0a7b') in 0.2528595 seconds [static and dynamic dependencies]. Details - ImportResultOutputID=a2a1f86bb743b106ad414a7ebc319404 DependenciesID=b5276eede5683d0defd8f001d60c1eb1 StaticDependenciesID=bb0f43630190e114a9616ecc010bfd18 
Number of updated asset objects reloaded before import = 0Number of asset objects unloaded after import = 1

========================================================================
Received Import Request.
  Time since last request: 0.201657 seconds.
  path: Assets/Topher Assets/Models & Prefabs/PSX Mega Pack 3.1.3/Textures/tv_remote_mp_1.png
  importAddress: Guid(cb1c31d6b84781a4bbe31614213c0cae) Importer(2089858483,b0f066a214c2f5e87bad3c948f4d605d)
Start importing Assets/Topher Assets/Models & Prefabs/PSX Mega Pack 3.1.3/Textures/tv_remote_mp_1.png using Guid(cb1c31d6b84781a4bbe31614213c0cae) Importer(2089858483,b0f066a214c2f5e87bad3c948f4d605d) (ScriptedImporter) -> (Import Result ID: '4ca650ee69477038fae9f0e4d8119a82') in 0.3351287 seconds [static and dynamic dependencies]. Details - ImportResultOutputID=e22dd9bae480668ef35217d80ce07576 DependenciesID=65c8f86717d31add311799f57ac1ec4c StaticDependenciesID=ff4009951bb933202b7702e593bbbc0b 
Number of updated asset objects reloaded before import = 0Number of asset objects unloaded after import = 1

========================================================================
Received Import Request.
  Time since last request: 0.123549 seconds.
  path: Assets/Topher Assets/Models & Prefabs/PSX Mega Pack 3.1.3/Textures/wooden_crate_1.png
  importAddress: Guid(69afc937688aeed47a9b1161b28b701a) Importer(2089858483,b0f066a214c2f5e87bad3c948f4d605d)
Start importing Assets/Topher Assets/Models & Prefabs/PSX Mega Pack 3.1.3/Textures/wooden_crate_1.png using Guid(69afc937688aeed47a9b1161b28b701a) Importer(2089858483,b0f066a214c2f5e87bad3c948f4d605d) (ScriptedImporter) -> (Import Result ID: '3a96436a8e61403e7db18fbe95cb2716') in 0.4674782 seconds [static and dynamic dependencies]. Details - ImportResultOutputID=7afd290d75f63bcd0296f6d450d1c97b DependenciesID=add810abb5adf9e0711dd2f89d96a842 StaticDependenciesID=b86edb302388194022f1409a4bd6e46e 
Number of updated asset objects reloaded before import = 0Number of asset objects unloaded after import = 1

========================================================================
Received Import Request.
  Time since last request: 0.000027 seconds.
  path: Assets/Topher Assets/Models & Prefabs/PSX Mega Pack 3.1.3/Textures/metal_barrel_mp_1.png
  importAddress: Guid(96ae63d77d0dd2a408eebfc6a01780b4) Importer(2089858483,b0f066a214c2f5e87bad3c948f4d605d)
Start importing Assets/Topher Assets/Models & Prefabs/PSX Mega Pack 3.1.3/Textures/metal_barrel_mp_1.png using Guid(96ae63d77d0dd2a408eebfc6a01780b4) Importer(2089858483,b0f066a214c2f5e87bad3c948f4d605d) (ScriptedImporter) -> (Import Result ID: 'bce66d0fb8bc86eb29644ddcbc37dec8') in 1.5136333 seconds [static and dynamic dependencies]. Details - ImportResultOutputID=61063ab12178ce23fa91e9266d035349 DependenciesID=4b026023c03fd29a9856ba63c24cfa10 StaticDependenciesID=fbe0e87c6eace991665b417136d17287 
Number of updated asset objects reloaded before import = 0Number of asset objects unloaded after import = 1

========================================================================
Received Import Request.
  Time since last request: 0.000031 seconds.
  path: Assets/Topher Assets/Models & Prefabs/PSX Mega Pack 3.1.3/Models/Modular Structures/window_2_2_single_no_glass.fbx
  importAddress: Guid(7ca4bf8816583e247af4304e4969f488) Importer(2089858483,b0f066a214c2f5e87bad3c948f4d605d)
Start importing Assets/Topher Assets/Models & Prefabs/PSX Mega Pack 3.1.3/Models/Modular Structures/window_2_2_single_no_glass.fbx using Guid(7ca4bf8816583e247af4304e4969f488) Importer(2089858483,b0f066a214c2f5e87bad3c948f4d605d) (ScriptedImporter) -> (Import Result ID: '864d5d97fc6e840633e2669b1632868d') in 0.0553273 seconds [static and dynamic dependencies]. Details - ImportResultOutputID=2b574aa0eadf94fb754583e77e2373f4 DependenciesID=94c619e8c93fa3f9abbabe8271eda7a3 StaticDependenciesID=b9541f90cee20801489afdb20a8357eb 
Number of updated asset objects reloaded before import = 0Number of asset objects unloaded after import = 11

========================================================================
Received Import Request.
  Time since last request: 0.000026 seconds.
  path: Assets/Topher Assets/Models & Prefabs/PSX Mega Pack 3.1.3/Textures/door_frame_wood_1.png
  importAddress: Guid(a65a2f4a8846d8040b4aef215333cacb) Importer(2089858483,b0f066a214c2f5e87bad3c948f4d605d)
Start importing Assets/Topher Assets/Models & Prefabs/PSX Mega Pack 3.1.3/Textures/door_frame_wood_1.png using Guid(a65a2f4a8846d8040b4aef215333cacb) Importer(2089858483,b0f066a214c2f5e87bad3c948f4d605d) (ScriptedImporter) -> (Import Result ID: '1c8ef554b3687134a06a1a544fdd8d94') in 0.2190761 seconds [static and dynamic dependencies]. Details - ImportResultOutputID=41e5d5ffb0f77cb255f9c32f1c166e27 DependenciesID=787a1855d4c7279cf7ccf506f3e16a61 StaticDependenciesID=c94c47172e4a298150f35e4f4fe539b2 
Number of updated asset objects reloaded before import = 0Number of asset objects unloaded after import = 1

========================================================================
Received Import Request.
  Time since last request: 0.000026 seconds.
  path: Assets/Topher Assets/Models & Prefabs/PSX Mega Pack 3.1.3/Models/Large Props/carpet_mp_1.obj
  importAddress: Guid(937648c1dc2ce0b40813b1bf1ecabc09) Importer(2089858483,b0f066a214c2f5e87bad3c948f4d605d)
Start importing Assets/Topher Assets/Models & Prefabs/PSX Mega Pack 3.1.3/Models/Large Props/carpet_mp_1.obj using Guid(937648c1dc2ce0b40813b1bf1ecabc09) Importer(2089858483,b0f066a214c2f5e87bad3c948f4d605d) (ScriptedImporter) -> (Import Result ID: 'bf1746b2f628425ca72f41b917f1bdde') in 1.8323732 seconds [static and dynamic dependencies]. Details - ImportResultOutputID=8af2bffbe1e7d603f9d61e408a578592 DependenciesID=72e663304e6617c4c04fa8945c617741 StaticDependenciesID=056078ab6f44f0f8e3385f2a2235962c 
Number of updated asset objects reloaded before import = 0Number of asset objects unloaded after import = 10

========================================================================
Received Import Request.
  Time since last request: 0.000065 seconds.
  path: Assets/Topher Assets/Models & Prefabs/PSX Mega Pack 3.1.3/Textures/metal_mp_5.png
  importAddress: Guid(69d98284ff3dc5046b1913fa9c072c88) Importer(2089858483,b0f066a214c2f5e87bad3c948f4d605d)
Start importing Assets/Topher Assets/Models & Prefabs/PSX Mega Pack 3.1.3/Textures/metal_mp_5.png using Guid(69d98284ff3dc5046b1913fa9c072c88) Importer(2089858483,b0f066a214c2f5e87bad3c948f4d605d) (ScriptedImporter) -> (Import Result ID: 'c617e67d3a442d06f1ac7d0a80f87aa6') in 0.1118397 seconds [static and dynamic dependencies]. Details - ImportResultOutputID=076ff91a398aa28efcadb26a2734cc11 DependenciesID=238d14ea9c2f61b43a47de6611d21344 StaticDependenciesID=ffc7d081d64328f641767603ccded3fd 
Number of updated asset objects reloaded before import = 0Number of asset objects unloaded after import = 1

========================================================================
Received Import Request.
  Time since last request: 0.000022 seconds.
  path: Assets/Topher Assets/Models & Prefabs/PSX Mega Pack 3.1.3/Textures/floor_1.png
  importAddress: Guid(9c4b721027a419c4eb57edfe16931c45) Importer(2089858483,b0f066a214c2f5e87bad3c948f4d605d)
Start importing Assets/Topher Assets/Models & Prefabs/PSX Mega Pack 3.1.3/Textures/floor_1.png using Guid(9c4b721027a419c4eb57edfe16931c45) Importer(2089858483,b0f066a214c2f5e87bad3c948f4d605d) (ScriptedImporter) -> (Import Result ID: '80e78cb3eb57f45803e36b330c40b1b2') in 0.3719866 seconds [static and dynamic dependencies]. Details - ImportResultOutputID=639f7487cc48eb04b6284680d3a0f8da DependenciesID=751431954b5e6bd524d62944741bd87f StaticDependenciesID=f0d3258eb3fe1f1c5a78bdb88974eb44 
Number of updated asset objects reloaded before import = 0Number of asset objects unloaded after import = 1

========================================================================
Received Import Request.
  Time since last request: 0.000032 seconds.
  path: Assets/Topher Assets/Models & Prefabs/PSX Mega Pack 3.1.3/Textures/door_4_double.png
  importAddress: Guid(d1cf01e250e409846ac55cb38170ec31) Importer(2089858483,b0f066a214c2f5e87bad3c948f4d605d)
Start importing Assets/Topher Assets/Models & Prefabs/PSX Mega Pack 3.1.3/Textures/door_4_double.png using Guid(d1cf01e250e409846ac55cb38170ec31) Importer(2089858483,b0f066a214c2f5e87bad3c948f4d605d) (ScriptedImporter) -> (Import Result ID: '612cbe3237be0e012c92652f7c0f1173') in 0.2974269 seconds [static and dynamic dependencies]. Details - ImportResultOutputID=011e2b2f2c5946f46e31b865b85058ee DependenciesID=86e9cc91bbd1744a0944fd59b52198e9 StaticDependenciesID=1da7b826fda0bfd480b9d8669e58c93c 
Number of updated asset objects reloaded before import = 0Number of asset objects unloaded after import = 1

========================================================================
Received Import Request.
  Time since last request: 0.000030 seconds.
  path: Assets/Topher Assets/Models & Prefabs/PSX Mega Pack 3.1.3/Models/Modular Structures/wall_1_tunnel_hole_1.fbx
  importAddress: Guid(d9280d5ed2d653846a1a5d1ab1646597) Importer(2089858483,b0f066a214c2f5e87bad3c948f4d605d)
Start importing Assets/Topher Assets/Models & Prefabs/PSX Mega Pack 3.1.3/Models/Modular Structures/wall_1_tunnel_hole_1.fbx using Guid(d9280d5ed2d653846a1a5d1ab1646597) Importer(2089858483,b0f066a214c2f5e87bad3c948f4d605d) (ScriptedImporter) -> (Import Result ID: '1e4fa50c80d964c27e32b79275c4667c') in 0.335318 seconds [static and dynamic dependencies]. Details - ImportResultOutputID=776468095fa533a14bba41ecaa839756 DependenciesID=121a75fcee3ed5e3d5fa54db041a40a3 StaticDependenciesID=d61e25adbb01c9bbfa98b93bae7347c5 
Number of updated asset objects reloaded before import = 0Number of asset objects unloaded after import = 11

========================================================================
Received Import Request.
  Time since last request: 0.000024 seconds.
  path: Assets/Topher Assets/Models & Prefabs/PSX Mega Pack 3.1.3/Textures/toy_bricks_1.png
  importAddress: Guid(32e0be0226df42e4b82cce669f9ce71d) Importer(2089858483,b0f066a214c2f5e87bad3c948f4d605d)
Start importing Assets/Topher Assets/Models & Prefabs/PSX Mega Pack 3.1.3/Textures/toy_bricks_1.png using Guid(32e0be0226df42e4b82cce669f9ce71d) Importer(2089858483,b0f066a214c2f5e87bad3c948f4d605d) (ScriptedImporter) -> (Import Result ID: 'c243344468c244479e6f772d6e752127') in 0.3782327 seconds [static and dynamic dependencies]. Details - ImportResultOutputID=d4bcc309e05185f8eb67b138c723131f DependenciesID=b1d3242588f9ef71ca6fe9463022e799 StaticDependenciesID=fcd8812b271f317166560b9b41484813 
Number of updated asset objects reloaded before import = 0Number of asset objects unloaded after import = 1

========================================================================
Received Import Request.
  Time since last request: 0.000034 seconds.
  path: Assets/Topher Assets/Models & Prefabs/PSX Mega Pack 3.1.3/Textures/plastic_2.png
  importAddress: Guid(d8669f61c7192924997ceaa81b9c7367) Importer(2089858483,b0f066a214c2f5e87bad3c948f4d605d)
Start importing Assets/Topher Assets/Models & Prefabs/PSX Mega Pack 3.1.3/Textures/plastic_2.png using Guid(d8669f61c7192924997ceaa81b9c7367) Importer(2089858483,b0f066a214c2f5e87bad3c948f4d605d) (ScriptedImporter) -> (Import Result ID: '2239d359e3523b91c315edb1702294a4') in 0.5807128 seconds [static and dynamic dependencies]. Details - ImportResultOutputID=14b376f731354a3b1a46cf4e58952d46 DependenciesID=31df400b2be9710f3cafd0bdbeadf497 StaticDependenciesID=996042c3e6b1e8302ab741828cb7e35d 
Number of updated asset objects reloaded before import = 0Number of asset objects unloaded after import = 1

========================================================================
Received Import Request.
  Time since last request: 0.000027 seconds.
  path: Assets/Topher Assets/Models & Prefabs/PSX Mega Pack 3.1.3/Textures/dosimeter_3.png
  importAddress: Guid(6b98b944e38e07344879ccb1a8aac0b5) Importer(2089858483,b0f066a214c2f5e87bad3c948f4d605d)
Start importing Assets/Topher Assets/Models & Prefabs/PSX Mega Pack 3.1.3/Textures/dosimeter_3.png using Guid(6b98b944e38e07344879ccb1a8aac0b5) Importer(2089858483,b0f066a214c2f5e87bad3c948f4d605d) (ScriptedImporter) -> (Import Result ID: '1f23b4a09ba9ec688b1911d0250f854c') in 0.3932979 seconds [static and dynamic dependencies]. Details - ImportResultOutputID=698eff61eb5dba9b5ce2348149a31fc4 DependenciesID=10213cc6f781aaa9eb6736b8b651f61a StaticDependenciesID=c5bb0139b042a145665fe27d0333d4b5 
Number of updated asset objects reloaded before import = 0Number of asset objects unloaded after import = 1

========================================================================
Received Import Request.
  Time since last request: 0.000034 seconds.
  path: Assets/Topher Assets/Models & Prefabs/PSX Mega Pack 3.1.3/Textures/wooden_crate_7_2.png
  importAddress: Guid(ed13c765aa15c1d438ca14dc1eb3e995) Importer(2089858483,b0f066a214c2f5e87bad3c948f4d605d)
Start importing Assets/Topher Assets/Models & Prefabs/PSX Mega Pack 3.1.3/Textures/wooden_crate_7_2.png using Guid(ed13c765aa15c1d438ca14dc1eb3e995) Importer(2089858483,b0f066a214c2f5e87bad3c948f4d605d) (ScriptedImporter) -> (Import Result ID: '34085cd7b0d9d8c586a40f2c049b2b04') in 0.3526815 seconds [static and dynamic dependencies]. Details - ImportResultOutputID=c09504ef688c593dd8f1b9c15a0be632 DependenciesID=9f84387ba9e8eb461031e51e6239216c StaticDependenciesID=8384095d616d62fa55cb9e4221df6f2b 
Number of updated asset objects reloaded before import = 0Number of asset objects unloaded after import = 1

========================================================================
Received Import Request.
  Time since last request: 0.000028 seconds.
  path: Assets/Topher Assets/Models & Prefabs/PSX Mega Pack 3.1.3/Models/Modular Structures/beam_1.fbx
  importAddress: Guid(44586a046c436c649a516e3c6ddaff0d) Importer(2089858483,b0f066a214c2f5e87bad3c948f4d605d)
Start importing Assets/Topher Assets/Models & Prefabs/PSX Mega Pack 3.1.3/Models/Modular Structures/beam_1.fbx using Guid(44586a046c436c649a516e3c6ddaff0d) Importer(2089858483,b0f066a214c2f5e87bad3c948f4d605d) (ScriptedImporter) -> (Import Result ID: '33af28f755695dfa953fa8df2886e168') in 0.3265635 seconds [static and dynamic dependencies]. Details - ImportResultOutputID=ddfb8159fc75f3ae609717683bce9387 DependenciesID=76b0a98e84da819a60e8cb713cb1c46c StaticDependenciesID=3a0195d65283d1aaddeedc75539770ff 
Number of updated asset objects reloaded before import = 0Number of asset objects unloaded after import = 9

========================================================================
Received Import Request.
  Time since last request: 0.000035 seconds.
  path: Assets/Topher Assets/Models & Prefabs/PSX Mega Pack 3.1.3/Textures/padlock_2.png
  importAddress: Guid(e9f4185c6b775a842a0578efbc81d7e0) Importer(2089858483,b0f066a214c2f5e87bad3c948f4d605d)
Start importing Assets/Topher Assets/Models & Prefabs/PSX Mega Pack 3.1.3/Textures/padlock_2.png using Guid(e9f4185c6b775a842a0578efbc81d7e0) Importer(2089858483,b0f066a214c2f5e87bad3c948f4d605d) (ScriptedImporter) -> (Import Result ID: '8c9d6e590cfcd7dcbc6b656b04a228a6') in 1.0573624 seconds [static and dynamic dependencies]. Details - ImportResultOutputID=e485fbe8eedb9dcc15223d3f072cce1c DependenciesID=cf842bcb4bc8a73ce4320b3384de3020 StaticDependenciesID=01eeb793def633ba0cb60dae6af80b2c 
Number of updated asset objects reloaded before import = 0Number of asset objects unloaded after import = 1

========================================================================
Received Import Request.
  Time since last request: 0.000025 seconds.
  path: Assets/Topher Assets/Materials/BloodMoon/BloodMoon.png
  importAddress: Guid(1ad9cb00dc936994d91f6dc60fce2621) Importer(2089858483,b0f066a214c2f5e87bad3c948f4d605d)
Start importing Assets/Topher Assets/Materials/BloodMoon/BloodMoon.png using Guid(1ad9cb00dc936994d91f6dc60fce2621) Importer(2089858483,b0f066a214c2f5e87bad3c948f4d605d) (ScriptedImporter) -> (Import Result ID: 'af69ac2397c421a95fe9b0d1a12905fe') in 0.304845 seconds [static and dynamic dependencies]. Details - ImportResultOutputID=374b3425a9c1c225e7dfc86e1e5f5a9e DependenciesID=cf28ec2515bd5d580550d2a585a3bed6 StaticDependenciesID=3bbaf26ff25701e02a1478b97b9f50eb 
Number of updated asset objects reloaded before import = 0Number of asset objects unloaded after import = 1

========================================================================
Received Import Request.
  Time since last request: 0.000034 seconds.
  path: Assets/Topher Assets/Materials/Concrete/Concrete texture.mat
  importAddress: Guid(ab9abcf4359649c41beca2a4bb543e81) Importer(2089858483,b0f066a214c2f5e87bad3c948f4d605d)
Start importing Assets/Topher Assets/Materials/Concrete/Concrete texture.mat using Guid(ab9abcf4359649c41beca2a4bb543e81) Importer(2089858483,b0f066a214c2f5e87bad3c948f4d605d) (ScriptedImporter) -> (Import Result ID: '8a8bc5d8080c369d084750a28ee3e8b6') in 0.2806072 seconds [static and dynamic dependencies]. Details - ImportResultOutputID=9485626f08dad7365b10a80d834120ef DependenciesID=3d9e1fc22ac8ecab9208a35d01302ece StaticDependenciesID=b9fd3f5d7bc7ec7cbf4d07b2328d4946 
Number of updated asset objects reloaded before import = 0Number of asset objects unloaded after import = 5

========================================================================
Received Import Request.
  Time since last request: 0.000043 seconds.
  path: Assets/Topher Assets/Models & Prefabs/PSX Mega Pack 3.1.3/Textures/plastic_mp_2.png
  importAddress: Guid(d85329db76730074a913559bc5c35b3e) Importer(2089858483,b0f066a214c2f5e87bad3c948f4d605d)
Start importing Assets/Topher Assets/Models & Prefabs/PSX Mega Pack 3.1.3/Textures/plastic_mp_2.png using Guid(d85329db76730074a913559bc5c35b3e) Importer(2089858483,b0f066a214c2f5e87bad3c948f4d605d) (ScriptedImporter) -> (Import Result ID: '4a0fdee7eaaad1870798eb327e4e9195') in 0.3829042 seconds [static and dynamic dependencies]. Details - ImportResultOutputID=433958a1d24c66a0d11b380c4c6ffb7c DependenciesID=12f8c034559952681be651617eadd958 StaticDependenciesID=ae9d491f63a4935e1afc44a3de8a6967 
Number of updated asset objects reloaded before import = 0Number of asset objects unloaded after import = 1

========================================================================
Received Import Request.
  Time since last request: 0.000034 seconds.
  path: Assets/Topher Assets/Models & Prefabs/PSX Mega Pack 3.1.3/Textures/wall_1.png
  importAddress: Guid(feca9e3bbbff7a944825d75908b7f73b) Importer(2089858483,b0f066a214c2f5e87bad3c948f4d605d)
Start importing Assets/Topher Assets/Models & Prefabs/PSX Mega Pack 3.1.3/Textures/wall_1.png using Guid(feca9e3bbbff7a944825d75908b7f73b) Importer(2089858483,b0f066a214c2f5e87bad3c948f4d605d) (ScriptedImporter) -> (Import Result ID: '76ef8a0372dfd405a1ac448cddafd5e1') in 0.4129079 seconds [static and dynamic dependencies]. Details - ImportResultOutputID=227a965e08580a4d015d935a4a350f5c DependenciesID=d7643338af4c48c2d2ae70da5d5c3308 StaticDependenciesID=58ed97197c18ccb27f81cd1969d13cbd 
Number of updated asset objects reloaded before import = 0Number of asset objects unloaded after import = 1

========================================================================
Received Import Request.
  Time since last request: 0.000025 seconds.
  path: Assets/Topher Assets/Models & Prefabs/PSX Mega Pack 3.1.3/Textures/mask_1.png
  importAddress: Guid(9bfe0ceb55a6c464c83f9fd7c5c8475b) Importer(2089858483,b0f066a214c2f5e87bad3c948f4d605d)
Start importing Assets/Topher Assets/Models & Prefabs/PSX Mega Pack 3.1.3/Textures/mask_1.png using Guid(9bfe0ceb55a6c464c83f9fd7c5c8475b) Importer(2089858483,b0f066a214c2f5e87bad3c948f4d605d) (ScriptedImporter) -> (Import Result ID: '8727584f806512999f7c3c9f53cfe615') in 0.39038 seconds [static and dynamic dependencies]. Details - ImportResultOutputID=4b53446369b42d355fcf2d6f461a2e38 DependenciesID=150adb00a3ea8683406612cc6e5b525a StaticDependenciesID=98aa971bab6df63344195d37fabf0a36 
Number of updated asset objects reloaded before import = 0Number of asset objects unloaded after import = 1

========================================================================
Received Import Request.
  Time since last request: 0.000033 seconds.
  path: Assets/Topher Assets/Models & Prefabs/PSX Mega Pack 3.1.3/Textures/lamp_3_1_on.png
  importAddress: Guid(d7f6158c5ca73144eb04715fc689515e) Importer(2089858483,b0f066a214c2f5e87bad3c948f4d605d)
Start importing Assets/Topher Assets/Models & Prefabs/PSX Mega Pack 3.1.3/Textures/lamp_3_1_on.png using Guid(d7f6158c5ca73144eb04715fc689515e) Importer(2089858483,b0f066a214c2f5e87bad3c948f4d605d) (ScriptedImporter) -> (Import Result ID: '96571623ead5d45aac0442187d086c4b') in 0.3913544 seconds [static and dynamic dependencies]. Details - ImportResultOutputID=1091fccc11cb62e67e156f3c522a41fa DependenciesID=7457817b88bbdb4172bf86b7b637d0f5 StaticDependenciesID=aa9f6d83589ec4b53a84cdb8714d8787 
Number of updated asset objects reloaded before import = 0Number of asset objects unloaded after import = 1

========================================================================
Received Prepare
Begin MonoManager ReloadAssembly
[Licensing::Client] Successfully resolved entitlement details
Assembly Assembly-CSharp-Editor-firstpass.dll at Library/ScriptAssemblies/Assembly-CSharp-Editor-firstpass.dll not valid. Loading of assembly skipped.
Assembly Assembly-CSharp-Editor.dll at Library/ScriptAssemblies/Assembly-CSharp-Editor.dll not valid. Loading of assembly skipped.
Assembly Assembly-CSharp-firstpass.dll at Library/ScriptAssemblies/Assembly-CSharp-firstpass.dll not valid. Loading of assembly skipped.
Assembly DocCodeExamples.dll at Library/ScriptAssemblies/DocCodeExamples.dll not valid. Loading of assembly skipped.
Assembly TestNewCustomAssembly.dll at Library/ScriptAssemblies/TestNewCustomAssembly.dll not valid. Loading of assembly skipped.
Assembly Unity.2D.Sprite.Package.EditorTests.dll at Library/ScriptAssemblies/Unity.2D.Sprite.Package.EditorTests.dll not valid. Loading of assembly skipped.
Assembly Unity.Collections.BurstCompatibilityGen.dll at Library/ScriptAssemblies/Unity.Collections.BurstCompatibilityGen.dll not valid. Loading of assembly skipped.
Assembly Unity.Collections.DocCodeSamples.dll at Library/ScriptAssemblies/Unity.Collections.DocCodeSamples.dll not valid. Loading of assembly skipped.
Assembly Unity.Collections.PerformanceTests.dll at Library/ScriptAssemblies/Unity.Collections.PerformanceTests.dll not valid. Loading of assembly skipped.
Assembly Unity.Collections.Tests.dll at Library/ScriptAssemblies/Unity.Collections.Tests.dll not valid. Loading of assembly skipped.
Assembly Unity.Collections.Tests.Playmode.dll at Library/ScriptAssemblies/Unity.Collections.Tests.Playmode.dll not valid. Loading of assembly skipped.
Assembly Unity.InputSystem.IntegrationTests.dll at Library/ScriptAssemblies/Unity.InputSystem.IntegrationTests.dll not valid. Loading of assembly skipped.
Assembly Unity.Mathematics.Tests.dll at Library/ScriptAssemblies/Unity.Mathematics.Tests.dll not valid. Loading of assembly skipped.
Assembly Unity.Multiplayer.Center.Editor.Tests.dll at Library/ScriptAssemblies/Unity.Multiplayer.Center.Editor.Tests.dll not valid. Loading of assembly skipped.
Assembly Unity.Multiplayer.Center.Tests.dll at Library/ScriptAssemblies/Unity.Multiplayer.Center.Tests.dll not valid. Loading of assembly skipped.
Assembly Unity.Nuget.Mono-Cecil.dll at Library/ScriptAssemblies/Unity.Nuget.Mono-Cecil.dll not valid. Loading of assembly skipped.
Assembly Unity.PathTracing.Editor.Tests.dll at Library/ScriptAssemblies/Unity.PathTracing.Editor.Tests.dll not valid. Loading of assembly skipped.
Assembly Unity.PathTracing.Runtime.Tests.dll at Library/ScriptAssemblies/Unity.PathTracing.Runtime.Tests.dll not valid. Loading of assembly skipped.
Assembly Unity.RenderPipelines.Core.Editor.Tests.dll at Library/ScriptAssemblies/Unity.RenderPipelines.Core.Editor.Tests.dll not valid. Loading of assembly skipped.
Assembly Unity.RenderPipelines.Core.Runtime.Tests.dll at Library/ScriptAssemblies/Unity.RenderPipelines.Core.Runtime.Tests.dll not valid. Loading of assembly skipped.
Assembly Unity.RenderPipelines.Universal.Config.Editor.Tests.dll at Library/ScriptAssemblies/Unity.RenderPipelines.Universal.Config.Editor.Tests.dll not valid. Loading of assembly skipped.
Assembly Unity.RenderPipelines.Universal.Editor.Tests.dll at Library/ScriptAssemblies/Unity.RenderPipelines.Universal.Editor.Tests.dll not valid. Loading of assembly skipped.
Assembly Unity.RenderPipelines.Universal.Runtime.Tests.dll at Library/ScriptAssemblies/Unity.RenderPipelines.Universal.Runtime.Tests.dll not valid. Loading of assembly skipped.
Assembly Unity.Searcher.EditorTests.dll at Library/ScriptAssemblies/Unity.Searcher.EditorTests.dll not valid. Loading of assembly skipped.
Assembly Unity.Settings.Tests.dll at Library/ScriptAssemblies/Unity.Settings.Tests.dll not valid. Loading of assembly skipped.
Assembly Unity.ShaderGraph.Editor.Tests.dll at Library/ScriptAssemblies/Unity.ShaderGraph.Editor.Tests.dll not valid. Loading of assembly skipped.
Assembly Unity.TextMeshPro.Editor.Tests.dll at Library/ScriptAssemblies/Unity.TextMeshPro.Editor.Tests.dll not valid. Loading of assembly skipped.
Assembly Unity.TextMeshPro.Tests.dll at Library/ScriptAssemblies/Unity.TextMeshPro.Tests.dll not valid. Loading of assembly skipped.
Assembly Unity.UnifiedRayTracing.Editor.Tests.dll at Library/ScriptAssemblies/Unity.UnifiedRayTracing.Editor.Tests.dll not valid. Loading of assembly skipped.
Assembly UnityEditor.UI.Common.Tests.dll at Library/ScriptAssemblies/UnityEditor.UI.Common.Tests.dll not valid. Loading of assembly skipped.
Assembly UnityEditor.UI.EditorTests.dll at Library/ScriptAssemblies/UnityEditor.UI.EditorTests.dll not valid. Loading of assembly skipped.
Assembly UnityEngine.UI.Tests.dll at Library/ScriptAssemblies/UnityEngine.UI.Tests.dll not valid. Loading of assembly skipped.
Native extension for LinuxStandalone target not found
Native extension for UWP target not found
Native extension for WindowsStandalone target not found
Native extension for OSXStandalone target not found
Native extension for WebGL target not found
[Package Manager] Failed to launch server process. Reason: Unity was launched with the -noUpm command-line argument
[Package Manager] Unable to send message (not connected to server process).
[Package Manager] Cannot connect to Unity Package Manager local server
[Package Manager] Failed to launch server process. Reason: Unity was launched with the -noUpm command-line argument
[Package Manager] Unable to send message (not connected to server process).
[Package Manager] Cannot connect to Unity Package Manager local server
[MODES] ModeService[none].Initialize
[MODES] ModeService[none].LoadModes
ScheduleIndexationOnStartup MainProcess:False IndexOnStartup:True
Mono: successfully reloaded assembly
- Finished resetting the current domain, in  0.893 seconds
Domain Reload Profiling: 1803ms
	BeginReloadAssembly (263ms)
		DisableScriptedObjects (24ms)
		CreateAndSetChildDomain (64ms)
	RebuildCommonClasses (43ms)
	RebuildNativeTypeToScriptingClass (16ms)
	initialDomainReloadingComplete (70ms)
	LoadAllAssembliesAndSetupDomain (518ms)
		LoadAssemblies (393ms)
		AnalyzeDomain (232ms)
			TypeCache.Refresh (10ms)
			BuildScriptInfoCaches (207ms)
			ResolveRequiredComponents (12ms)
	FinalizeReload (893ms)
		SetupLoadedEditorAssemblies (0ms)
			InitializePlatformSupportModulesInManaged (6ms)
			BeforeProcessingInitializeOnLoad (177ms)
			ProcessInitializeOnLoadAttributes (347ms)
			ProcessInitializeOnLoadMethodAttributes (140ms)
			AfterProcessingInitializeOnLoad (9ms)
		AwakeInstancesAfterBackupRestoration (19ms)
Unloading 25 Unused Serialized files (Serialized files now loaded: 0)
Unloading 6714 unused Assets / (5.9 MB). Loaded Objects now: 7669.
Memory consumption went from 192.7 MB to 186.7 MB.
Total: 11.636000 ms (FindLiveObjects: 0.782600 ms CreateObjectMapping: 0.435500 ms MarkObjects: 6.763200 ms  DeleteObjects: 3.652900 ms)

Prepare: number of updated asset objects reloaded= 0
Editor requested this worker to shutdown with reason: Scaling down because of idle timeout
AssetImportWorker is now disconnected from the server
Process exiting
Exiting without the bug reporter. Application will terminate with return code 0