[Licensing::Module] Trying to connect to existing licensing client channel...
Built from '6000.4/staging' branch; Version is '6000.4.1f1 (8535861f39e1) revision 8729990'; Using compiler version '194234433'; Build Type 'Release'
[Licensing::IpcConnector] Successfully connected to: "LicenseClient-Topher" at "2026-05-31T04:37:16.495241Z"
OS: 'Windows 11  (10.0.26200) Professional' Language: 'en' Physical Memory: 32695 MB
BatchMode: 1, IsHumanControllingUs: 0, StartBugReporterOnCrash: 0, Is64bit: 1
System  architecture: x64
Process architecture: x64
Date: 2026-05-31T04:37:16Z

COMMAND LINE ARGUMENTS:
C:\Program Files\Unity\Hub\Editor\6000.4.1f1\Editor\Unity.exe
-adb2
-batchMode
-noUpm
-name
AssetImportWorker3
-projectPath
E:/IGB101/Assignment 3/IGB101 Assignment 3/Unity Project
-logFile
Logs/AssetImportWorker3.log
-srvPort
50064
-licensingIpc
LicenseClient-Topher
-force-d3d12
-job-worker-count
11
-background-job-worker-count
8
-gc-helper-count
1
-name
AssetImport
Successfully changed project path to: E:/IGB101/Assignment 3/IGB101 Assignment 3/Unity Project
E:/IGB101/Assignment 3/IGB101 Assignment 3/Unity Project
[UnityMemory] Configuration Parameters - Can be set up in boot.config
    "memorysetup-temp-allocator-size-gi-baking-worker=262144"
    "memorysetup-temp-allocator-size-gi-baking-worker=262144"
    "memorysetup-temp-allocator-size-gi-baking-worker=262144"
    "memorysetup-temp-allocator-size-gi-baking-worker=262144"
    "memorysetup-temp-allocator-size-gi-baking-worker=262144"
    "memorysetup-temp-allocator-size-nav-mesh-worker=65536"
    "memorysetup-temp-allocator-size-audio-worker=65536"
    "memorysetup-temp-allocator-size-cloud-worker=32768"
    "memorysetup-temp-allocator-size-gfx=262144"
    "memorysetup-temp-allocator-size-preload-manager=33554432"
    "memorysetup-temp-allocator-size-job-worker=262144"
    "memorysetup-temp-allocator-size-background-worker=32768"
    "memorysetup-allocator-temp-initial-block-size-main=262144"
    "memorysetup-allocator-temp-initial-block-size-worker=262144"
    "memorysetup-bucket-allocator-granularity=16"
    "memorysetup-bucket-allocator-bucket-count=8"
    "memorysetup-bucket-allocator-block-size=33554432"
    "memorysetup-bucket-allocator-block-count=8"
    "memorysetup-main-allocator-block-size=16777216"
    "memorysetup-thread-allocator-block-size=16777216"
    "memorysetup-gfx-main-allocator-block-size=16777216"
    "memorysetup-gfx-thread-allocator-block-size=16777216"
    "memorysetup-cache-allocator-block-size=4194304"
    "memorysetup-typetree-allocator-block-size=2097152"
    "memorysetup-profiler-bucket-allocator-granularity=16"
    "memorysetup-profiler-bucket-allocator-bucket-count=8"
    "memorysetup-profiler-bucket-allocator-block-size=33554432"
    "memorysetup-profiler-bucket-allocator-block-count=8"
    "memorysetup-profiler-allocator-block-size=16777216"
    "memorysetup-profiler-editor-allocator-block-size=1048576"
    "memorysetup-temp-allocator-size-main=16777216"
    "memorysetup-job-temp-allocator-block-size=2097152"
    "memorysetup-job-temp-allocator-block-size-background=1048576"
    "memorysetup-job-temp-allocator-reduction-small-platforms=262144"
Player connection [37344]  Target information:

Player connection [37344]  * "[IP] 10.0.0.34 [Port] 0 [Flags] 2 [Guid] 2468033161 [EditorId] 2468033161 [Version] 1048832 [Id] WindowsEditor(7,Basestation) [Debug] 1 [PackageName] WindowsEditor [ProjectName] Editor" 

Player connection [37344] Host joined multi-casting on [225.0.0.222:54997]...
Player connection [37344] Host joined alternative multi-casting on [225.0.0.222:34997]...
JobSystem: Creating JobQueue using job-worker-count value 11
Input System module state changed to: Initialized.
[Physics::Module] Initialized fallback backend.
[Physics::Module] Id: 0xdecafbad
Library Redirect Path: Library/
[Physics::Module] Selected backend.
[Physics::Module] Name: PhysX
[Physics::Module] Id: 0xf2b8ea05
[Physics::Module] SDK Version: 4.1.2
[Physics::Module] Integration Version: 1.0.0
[Physics::Module] Threading Mode: Multi-Threaded
Initialize engine version: 6000.4.1f1 (8535861f39e1)
[Subsystems] Discovering subsystems at path C:/Program Files/Unity/Hub/Editor/6000.4.1f1/Editor/Data/Resources/UnitySubsystems
[Subsystems] Discovering subsystems at path E:/IGB101/Assignment 3/IGB101 Assignment 3/Unity Project/Assets
Forcing GfxDevice: Direct3D 12
GfxDevice: creating device client; kGfxThreadingModeNonThreaded
d3d12: failed to query info queue interface (0x80004002).
Direct3D:
    Version:         Direct3D 12 [level 12.2]
    Renderer:        NVIDIA GeForce RTX 3060 Ti (ID=0x2489)
    Vendor:          NVIDIA
    VRAM:            8024 MB
    App VRAM Budget: 7256 MB
    Driver:          32.0.15.9649
Initialize mono
Mono path[0] = 'C:/Program Files/Unity/Hub/Editor/6000.4.1f1/Editor/Data/Managed'
Mono path[1] = 'C:/Program Files/Unity/Hub/Editor/6000.4.1f1/Editor/Data/MonoBleedingEdge/lib/mono/unityjit-win32'
Mono config path = 'C:/Program Files/Unity/Hub/Editor/6000.4.1f1/Editor/Data/MonoBleedingEdge/etc'
Using monoOptions --debugger-agent=transport=dt_socket,embedding=1,server=y,suspend=n,address=127.0.0.1:56840
CodeReloadManager initialized
Begin MonoManager ReloadAssembly
[Licensing::Client] Error: HandshakeResponse reported an error:
	ResponseCode: 505
	ResponseStatus: Unsupported protocol version '1.18.1'.
[Licensing::Module] Error: Failed to handshake to channel: "LicenseClient-Topher"
[Licensing::IpcConnector] LicenseClient-Topher channel disconnected successfully.
[Licensing::IpcConnector] Successfully connected to: "LicenseClient-Topher-6000.4.1" at "2026-05-31T04:37:17.8573865Z"
Registering precompiled unity dll's ...
Register platform support module: C:/Program Files/Unity/Hub/Editor/6000.4.1f1/Editor/Data/PlaybackEngines/WebGLSupport/UnityEditor.WebGL.Extensions.dll
Register platform support module: C:/Program Files/Unity/Hub/Editor/6000.4.1f1/Editor/Data/PlaybackEngines/MacStandaloneSupport/UnityEditor.OSXStandalone.Extensions.dll
Register platform support module: C:/Program Files/Unity/Hub/Editor/6000.4.1f1/Editor/Data/PlaybackEngines/WindowsStandaloneSupport/UnityEditor.WindowsStandalone.Extensions.dll
[Licensing::Module] Licensing is not yet initialized.
[Licensing::Client] Handshaking with LicensingClient:
  Version:                 1.18.1+9fbee8e
  Session Id:              510bdc642efa44198838806307926f3f
  Correlation Id:          56ed6f303a66c50b129709f648294ba6
  External correlation Id: 662425675801230837
  Machine Id:              iUDX2bORcETEJuoiLUZ8i8pfw80=
[Licensing::Module] Successfully connected to LicensingClient on channel: "LicenseClient-Topher-6000.4.1" (connect: 0.00s, validation: 0.00s, handshake: 1.07s)
[Licensing::IpcConnector] Successfully connected to: "LicenseClient-Topher-6000.4.1-notifications" at "2026-05-31T04:37:18.9337224Z"
[Licensing::Module] Licensing Background thread has ended after 2.44s
[Licensing::Module] Licensing is initialized (took 0.89s).
[Licensing::Client] Successfully resolved entitlement details
[Licensing::Module] License group:
  Id: 16768250851423-UnityPersXXXX
  Product: Unity Personal
  Type: Assigned
  Expiration: Unlimited
Register platform support module: C:/Program Files/Unity/Hub/Editor/6000.4.1f1/Editor/Data/PlaybackEngines/MetroSupport/UnityEditor.UWP.Extensions.dll
Register platform support module: C:/Program Files/Unity/Hub/Editor/6000.4.1f1/Editor/Data/PlaybackEngines/LinuxStandaloneSupport/UnityEditor.LinuxStandalone.Extensions.dll
Registered in 0.896316 seconds.
Native extension for LinuxStandalone target not found
Native extension for UWP target not found
Native extension for WindowsStandalone target not found
Native extension for OSXStandalone target not found
Native extension for WebGL target not found
Package Manager log level set to [2]
[Package Manager] Failed to launch server process. Reason: Unity was launched with the -noUpm command-line argument
[Package Manager] Unable to send message (not connected to server process).
[Package Manager] Cannot connect to Unity Package Manager local server
[Package Manager] Failed to launch server process. Reason: Unity was launched with the -noUpm command-line argument
[Package Manager] Unable to send message (not connected to server process).
[Package Manager] Cannot connect to Unity Package Manager local server
ScheduleIndexationOnStartup MainProcess:False IndexOnStartup:True
Mono: successfully reloaded assembly
- Finished resetting the current domain, in  0.535 seconds
Domain Reload Profiling: 1998ms
	BeginReloadAssembly (168ms)
	RebuildCommonClasses (50ms)
	RebuildNativeTypeToScriptingClass (15ms)
	initialDomainReloadingComplete (977ms)
	LoadAllAssembliesAndSetupDomain (251ms)
		LoadAssemblies (166ms)
		AnalyzeDomain (238ms)
			TypeCache.Refresh (237ms)
				TypeCache.ScanAssembly (220ms)
	FinalizeReload (537ms)
		SetupLoadedEditorAssemblies (0ms)
			InitializePlatformSupportModulesInManaged (64ms)
			BeforeProcessingInitializeOnLoad (113ms)
			ProcessInitializeOnLoadAttributes (154ms)
			ProcessInitializeOnLoadMethodAttributes (109ms)
========================================================================
Worker process is ready to serve import requests
Import Worker Mode flag is 0x00
Begin MonoManager ReloadAssembly
[Licensing::Client] Successfully resolved entitlement details
Assembly Assembly-CSharp-Editor-firstpass.dll at Library/ScriptAssemblies/Assembly-CSharp-Editor-firstpass.dll not valid. Loading of assembly skipped.
Assembly Assembly-CSharp-Editor.dll at Library/ScriptAssemblies/Assembly-CSharp-Editor.dll not valid. Loading of assembly skipped.
Assembly Assembly-CSharp-firstpass.dll at Library/ScriptAssemblies/Assembly-CSharp-firstpass.dll not valid. Loading of assembly skipped.
Assembly Assembly-CSharp.dll at Library/ScriptAssemblies/Assembly-CSharp.dll not valid. Loading of assembly skipped.
Assembly DocCodeExamples.dll at Library/ScriptAssemblies/DocCodeExamples.dll not valid. Loading of assembly skipped.
Assembly TestNewCustomAssembly.dll at Library/ScriptAssemblies/TestNewCustomAssembly.dll not valid. Loading of assembly skipped.
Assembly Unity.Collections.BurstCompatibilityGen.dll at Library/ScriptAssemblies/Unity.Collections.BurstCompatibilityGen.dll not valid. Loading of assembly skipped.
Assembly Unity.Collections.DocCodeSamples.dll at Library/ScriptAssemblies/Unity.Collections.DocCodeSamples.dll not valid. Loading of assembly skipped.
Assembly Unity.Collections.PerformanceTests.dll at Library/ScriptAssemblies/Unity.Collections.PerformanceTests.dll not valid. Loading of assembly skipped.
Assembly Unity.Collections.Tests.dll at Library/ScriptAssemblies/Unity.Collections.Tests.dll not valid. Loading of assembly skipped.
Assembly Unity.Collections.Tests.Playmode.dll at Library/ScriptAssemblies/Unity.Collections.Tests.Playmode.dll not valid. Loading of assembly skipped.
Assembly Unity.InputSystem.IntegrationTests.dll at Library/ScriptAssemblies/Unity.InputSystem.IntegrationTests.dll not valid. Loading of assembly skipped.
Assembly Unity.Mathematics.Tests.dll at Library/ScriptAssemblies/Unity.Mathematics.Tests.dll not valid. Loading of assembly skipped.
Assembly Unity.Multiplayer.Center.Editor.Tests.dll at Library/ScriptAssemblies/Unity.Multiplayer.Center.Editor.Tests.dll not valid. Loading of assembly skipped.
Assembly Unity.Multiplayer.Center.Tests.dll at Library/ScriptAssemblies/Unity.Multiplayer.Center.Tests.dll not valid. Loading of assembly skipped.
Assembly Unity.Nuget.Mono-Cecil.dll at Library/ScriptAssemblies/Unity.Nuget.Mono-Cecil.dll not valid. Loading of assembly skipped.
Assembly Unity.PathTracing.Editor.Tests.dll at Library/ScriptAssemblies/Unity.PathTracing.Editor.Tests.dll not valid. Loading of assembly skipped.
Assembly Unity.PathTracing.Runtime.Tests.dll at Library/ScriptAssemblies/Unity.PathTracing.Runtime.Tests.dll not valid. Loading of assembly skipped.
Assembly Unity.RenderPipelines.Core.Editor.Tests.dll at Library/ScriptAssemblies/Unity.RenderPipelines.Core.Editor.Tests.dll not valid. Loading of assembly skipped.
Assembly Unity.RenderPipelines.Core.Runtime.Tests.dll at Library/ScriptAssemblies/Unity.RenderPipelines.Core.Runtime.Tests.dll not valid. Loading of assembly skipped.
Assembly Unity.RenderPipelines.Universal.Config.Editor.Tests.dll at Library/ScriptAssemblies/Unity.RenderPipelines.Universal.Config.Editor.Tests.dll not valid. Loading of assembly skipped.
Assembly Unity.RenderPipelines.Universal.Editor.Tests.dll at Library/ScriptAssemblies/Unity.RenderPipelines.Universal.Editor.Tests.dll not valid. Loading of assembly skipped.
Assembly Unity.RenderPipelines.Universal.Runtime.Tests.dll at Library/ScriptAssemblies/Unity.RenderPipelines.Universal.Runtime.Tests.dll not valid. Loading of assembly skipped.
Assembly Unity.Searcher.EditorTests.dll at Library/ScriptAssemblies/Unity.Searcher.EditorTests.dll not valid. Loading of assembly skipped.
Assembly Unity.Settings.Tests.dll at Library/ScriptAssemblies/Unity.Settings.Tests.dll not valid. Loading of assembly skipped.
Assembly Unity.ShaderGraph.Editor.Tests.dll at Library/ScriptAssemblies/Unity.ShaderGraph.Editor.Tests.dll not valid. Loading of assembly skipped.
Assembly Unity.TextMeshPro.Editor.Tests.dll at Library/ScriptAssemblies/Unity.TextMeshPro.Editor.Tests.dll not valid. Loading of assembly skipped.
Assembly Unity.TextMeshPro.Tests.dll at Library/ScriptAssemblies/Unity.TextMeshPro.Tests.dll not valid. Loading of assembly skipped.
Assembly Unity.UnifiedRayTracing.Editor.Tests.dll at Library/ScriptAssemblies/Unity.UnifiedRayTracing.Editor.Tests.dll not valid. Loading of assembly skipped.
Assembly UnityEditor.UI.Common.Tests.dll at Library/ScriptAssemblies/UnityEditor.UI.Common.Tests.dll not valid. Loading of assembly skipped.
Assembly UnityEditor.UI.EditorTests.dll at Library/ScriptAssemblies/UnityEditor.UI.EditorTests.dll not valid. Loading of assembly skipped.
Assembly UnityEngine.UI.Tests.dll at Library/ScriptAssemblies/UnityEngine.UI.Tests.dll not valid. Loading of assembly skipped.
Native extension for LinuxStandalone target not found
Native extension for UWP target not found
Native extension for WindowsStandalone target not found
Native extension for OSXStandalone target not found
Native extension for WebGL target not found
[Package Manager] Failed to launch server process. Reason: Unity was launched with the -noUpm command-line argument
[Package Manager] Unable to send message (not connected to server process).
[Package Manager] Cannot connect to Unity Package Manager local server
[Package Manager] Failed to launch server process. Reason: Unity was launched with the -noUpm command-line argument
[Package Manager] Unable to send message (not connected to server process).
[Package Manager] Cannot connect to Unity Package Manager local server
[MODES] ModeService[none].Initialize
[MODES] ModeService[none].LoadModes
[MODES] Loading mode Default (0) for mode-current-id-Assignment 2
ScheduleIndexationOnStartup MainProcess:False IndexOnStartup:True
Mono: successfully reloaded assembly
- Finished resetting the current domain, in  0.996 seconds
Domain Reload Profiling: 1967ms
	BeginReloadAssembly (226ms)
		DisableScriptedObjects (7ms)
		CreateAndSetChildDomain (42ms)
	RebuildCommonClasses (48ms)
	RebuildNativeTypeToScriptingClass (24ms)
	initialDomainReloadingComplete (77ms)
	LoadAllAssembliesAndSetupDomain (597ms)
		LoadAssemblies (401ms)
		AnalyzeDomain (314ms)
			TypeCache.Refresh (209ms)
				TypeCache.ScanAssembly (194ms)
			BuildScriptInfoCaches (89ms)
			ResolveRequiredComponents (14ms)
	FinalizeReload (996ms)
		SetupLoadedEditorAssemblies (0ms)
			InitializePlatformSupportModulesInManaged (4ms)
			BeforeProcessingInitializeOnLoad (184ms)
			ProcessInitializeOnLoadAttributes (396ms)
			ProcessInitializeOnLoadMethodAttributes (135ms)
			AfterProcessingInitializeOnLoad (7ms)
		AwakeInstancesAfterBackupRestoration (7ms)
Launched and connected shader compiler UnityShaderCompiler.exe after 0.01 seconds
Unloading 25 Unused Serialized files (Serialized files now loaded: 0)
Unloading 6671 unused Assets / (5.6 MB). Loaded Objects now: 7512.
Memory consumption went from 161.5 MB to 155.9 MB.
Total: 12.402200 ms (FindLiveObjects: 0.925200 ms CreateObjectMapping: 0.942200 ms MarkObjects: 7.408800 ms  DeleteObjects: 3.122700 ms)

========================================================================
Received Import Request.
  Time since last request: 34726.156274 seconds.
  path: Assets/Jensen Assets/Materials and Textures/Guitar/AcousticGuitar/ModelAndTextures/GuitarA_D.tga
  importAddress: Guid(e298258867c76a24ca0594bc1a32634b) Importer(2089858483,b0f066a214c2f5e87bad3c948f4d605d)
Start importing Assets/Jensen Assets/Materials and Textures/Guitar/AcousticGuitar/ModelAndTextures/GuitarA_D.tga using Guid(e298258867c76a24ca0594bc1a32634b) Importer(2089858483,b0f066a214c2f5e87bad3c948f4d605d) (ScriptedImporter) -> (Import Result ID: '4d706511b42462e2394f27cbfcbdd659') in 0.1606782 seconds [static and dynamic dependencies]. Details - ImportResultOutputID=0c599ba17590422fb1185dacdabee90a DependenciesID=5684d6f3db53c5b280967a76dfc8f1c6 StaticDependenciesID=5ed989d8ed63292c21dd6df2c15e7a26 
Number of updated asset objects reloaded before import = 0Number of asset objects unloaded after import = 1

========================================================================
Received Import Request.
  Time since last request: 0.000027 seconds.
  path: Assets/Jensen Assets/Models and Prefabs/Walls and Floors/Demo Scenes
  importAddress: Guid(b1713ebdc75b45a4ba10a58b31351e97) Importer(2089858483,b0f066a214c2f5e87bad3c948f4d605d)
Start importing Assets/Jensen Assets/Models and Prefabs/Walls and Floors/Demo Scenes using Guid(b1713ebdc75b45a4ba10a58b31351e97) Importer(2089858483,b0f066a214c2f5e87bad3c948f4d605d) (ScriptedImporter) -> (Import Result ID: '0a1355fdbb5ff22cf6021045d8ae2224') in 0.0163593 seconds [static and dynamic dependencies]. Details - ImportResultOutputID=920182e618556c7751ae187ff0e213ab DependenciesID=9c51a842b770a5f3a7bb5307ce9b7618 StaticDependenciesID=b3cb2e796c50dcaa2219617ce62b2d8b 
Number of updated asset objects reloaded before import = 0Number of asset objects unloaded after import = 1

========================================================================
Received Import Request.
  Time since last request: 0.000026 seconds.
  path: Assets/Jensen Assets/Models and Prefabs/Walls and Floors/Models/Stone/materials/Door-Stone-Model-01.mat
  importAddress: Guid(204b0ea5595393c4d950b931f84f64a9) Importer(2089858483,b0f066a214c2f5e87bad3c948f4d605d)
Start importing Assets/Jensen Assets/Models and Prefabs/Walls and Floors/Models/Stone/materials/Door-Stone-Model-01.mat using Guid(204b0ea5595393c4d950b931f84f64a9) Importer(2089858483,b0f066a214c2f5e87bad3c948f4d605d) (ScriptedImporter) -> (Import Result ID: '943e020e9cc8519909a9d221aad43fe2') in 0.0381077 seconds [static and dynamic dependencies]. Details - ImportResultOutputID=2516dfda943081cee0fb004da0c1abda DependenciesID=dcf7c63ccdd5093e662a04c6ff0ba47a StaticDependenciesID=c81409c4b91188600c293b09086419db 
Number of updated asset objects reloaded before import = 0Number of asset objects unloaded after import = 3

========================================================================
Received Import Request.
  Time since last request: 0.000019 seconds.
  path: Assets/Jensen Assets/Models and Prefabs/Walls and Floors/Prefabs/Stone/Walls/Wall-Stone (6).prefab
  importAddress: Guid(61f8389dfe13a1441b7a47fe06931bac) Importer(2089858483,b0f066a214c2f5e87bad3c948f4d605d)
Start importing Assets/Jensen Assets/Models and Prefabs/Walls and Floors/Prefabs/Stone/Walls/Wall-Stone (6).prefab using Guid(61f8389dfe13a1441b7a47fe06931bac) Importer(2089858483,b0f066a214c2f5e87bad3c948f4d605d) (ScriptedImporter) -> (Import Result ID: 'b494679a00ba7a87dba09a6d597c3e60') in 0.0496347 seconds [static and dynamic dependencies]. Details - ImportResultOutputID=fe912a9cb4b74061b55d93c1597f6160 DependenciesID=ad970b898f88e7fd311f7210ea0575f2 StaticDependenciesID=06c7f160cb4b888ddf588f1ed3981050 
Number of updated asset objects reloaded before import = 0Number of asset objects unloaded after import = 9

========================================================================
Received Import Request.
  Time since last request: 0.000021 seconds.
  path: Assets/Jensen Assets/Third Person Controller/Animations
  importAddress: Guid(1b51214954c5a5b4c85ed8942d51f098) Importer(2089858483,b0f066a214c2f5e87bad3c948f4d605d)
Start importing Assets/Jensen Assets/Third Person Controller/Animations using Guid(1b51214954c5a5b4c85ed8942d51f098) Importer(2089858483,b0f066a214c2f5e87bad3c948f4d605d) (ScriptedImporter) -> (Import Result ID: '8507bf28b8e39be7baefd13508f27f70') in 0.011148 seconds [static and dynamic dependencies]. Details - ImportResultOutputID=5ba77b75872c6f83c75cc6b8a1e3903f DependenciesID=cee9131f088951649c1196fe521ee304 StaticDependenciesID=c4477ef82d4c2500c132c9612773033d 
Number of updated asset objects reloaded before import = 0Number of asset objects unloaded after import = 1

========================================================================
Received Import Request.
  Time since last request: 0.000028 seconds.
  path: Assets/Jensen Assets/Materials and Textures/Logos/ff7logoblack.jpg
  importAddress: Guid(488d5ca46f01de846ba81a9c796cd56f) Importer(2089858483,b0f066a214c2f5e87bad3c948f4d605d)
Start importing Assets/Jensen Assets/Materials and Textures/Logos/ff7logoblack.jpg using Guid(488d5ca46f01de846ba81a9c796cd56f) Importer(2089858483,b0f066a214c2f5e87bad3c948f4d605d) (ScriptedImporter) -> (Import Result ID: 'ec5d771e8db2a1f7ec25bcd6fe51faa5') in 0.0151571 seconds [static and dynamic dependencies]. Details - ImportResultOutputID=f52aceb42b1fe409f66a280b2ee54ec3 DependenciesID=95c5b9bfedccdd2ace0bbd54f146a168 StaticDependenciesID=9a3f5de896bf35eafca9b42fb9687de5 
Number of updated asset objects reloaded before import = 0Number of asset objects unloaded after import = 1

========================================================================
Received Import Request.
  Time since last request: 0.000032 seconds.
  path: Assets/Jensen Assets/Third Person Controller/Robot Kyle/Model
  importAddress: Guid(61862cfde2912324b9dee0761e492562) Importer(2089858483,b0f066a214c2f5e87bad3c948f4d605d)
Start importing Assets/Jensen Assets/Third Person Controller/Robot Kyle/Model using Guid(61862cfde2912324b9dee0761e492562) Importer(2089858483,b0f066a214c2f5e87bad3c948f4d605d) (ScriptedImporter) -> (Import Result ID: '4ea0c2d7200497dd16f2c19d1cdc03d7') in 0.0123165 seconds [static and dynamic dependencies]. Details - ImportResultOutputID=52e7469255f103a9d8ba1f63c16fd0b0 DependenciesID=f39b6c3be51c4e7b392e19c3cf1d72c0 StaticDependenciesID=351870837c0aaf5cadfd200782f55e37 
Number of updated asset objects reloaded before import = 0Number of asset objects unloaded after import = 1

========================================================================
Received Import Request.
  Time since last request: 0.000019 seconds.
  path: Assets/Jensen Assets/Skybox/Scenes/Textures (Lightmaps)/Lightmap-0_comp_dir.png
  importAddress: Guid(c7ea5ea2a4fb47b419c0eba8ac36b9aa) Importer(2089858483,b0f066a214c2f5e87bad3c948f4d605d)
Start importing Assets/Jensen Assets/Skybox/Scenes/Textures (Lightmaps)/Lightmap-0_comp_dir.png using Guid(c7ea5ea2a4fb47b419c0eba8ac36b9aa) Importer(2089858483,b0f066a214c2f5e87bad3c948f4d605d) (ScriptedImporter) -> (Import Result ID: '1fc29e764b994ec0cdf730eb94c7c6a7') in 0.0199968 seconds [static and dynamic dependencies]. Details - ImportResultOutputID=9c19794a7d76f6753362dca08d97f609 DependenciesID=6e11844a9dff0a6302ec91cf82dfa269 StaticDependenciesID=655a2852707d90b9782526ef4096b42e 
Number of updated asset objects reloaded before import = 0Number of asset objects unloaded after import = 1

========================================================================
Received Import Request.
  Time since last request: 0.000023 seconds.
  path: Assets/Jensen Assets/Materials and Textures/Concrete/Materials/Clean_Concrete_GroundDiffuse.png
  importAddress: Guid(59db840423e220f48b3f5ba4d131871e) Importer(2089858483,b0f066a214c2f5e87bad3c948f4d605d)
Start importing Assets/Jensen Assets/Materials and Textures/Concrete/Materials/Clean_Concrete_GroundDiffuse.png using Guid(59db840423e220f48b3f5ba4d131871e) Importer(2089858483,b0f066a214c2f5e87bad3c948f4d605d) (ScriptedImporter) -> (Import Result ID: 'bb7b486f6b47abce62be6554aacb04cc') in 0.0166242 seconds [static and dynamic dependencies]. Details - ImportResultOutputID=6d6e67e09e6bfb2eab2de4a24b0312f3 DependenciesID=a44eabdbab126e12e1e3b7c0681ad88a StaticDependenciesID=48f535e5557d5f10f23bb80c51ea3925 
Number of updated asset objects reloaded before import = 0Number of asset objects unloaded after import = 1

========================================================================
Received Import Request.
  Time since last request: 0.000020 seconds.
  path: Assets/Jensen Assets/_Recovery/0 (2).unity
  importAddress: Guid(a7cf9860e97a55840a8ce87a9eed2426) Importer(2089858483,b0f066a214c2f5e87bad3c948f4d605d)
Start importing Assets/Jensen Assets/_Recovery/0 (2).unity using Guid(a7cf9860e97a55840a8ce87a9eed2426) Importer(2089858483,b0f066a214c2f5e87bad3c948f4d605d) (ScriptedImporter) -> (Import Result ID: '66def4f6d87e897c8fb751ed79638410') in 0.0202862 seconds [static and dynamic dependencies]. Details - ImportResultOutputID=0b6d45b497fd532bbcc25143b2feccb9 DependenciesID=b0960ffbd58f0224516043b1d1fa3542 StaticDependenciesID=7463fa9790edf98b07cc01753b2bf5c5 
Number of updated asset objects reloaded before import = 0Number of asset objects unloaded after import = 1

========================================================================
Received Import Request.
  Time since last request: 0.000030 seconds.
  path: Assets/Jensen Assets/Materials and Textures/GreatswordofFrozenNight/SpecLightDiffuse.shader
  importAddress: Guid(6dd52688c240d9a46838fdd3786ec1a4) Importer(2089858483,b0f066a214c2f5e87bad3c948f4d605d)
Start importing Assets/Jensen Assets/Materials and Textures/GreatswordofFrozenNight/SpecLightDiffuse.shader using Guid(6dd52688c240d9a46838fdd3786ec1a4) Importer(2089858483,b0f066a214c2f5e87bad3c948f4d605d) (ScriptedImporter) -> (Import Result ID: '2b0e4c1bbb0b21696532a711c42220ef') in 0.0148305 seconds [static and dynamic dependencies]. Details - ImportResultOutputID=315e747e25857c4844cd5581541f4d17 DependenciesID=40c6c6075cb484e32e15ec7beccc24de StaticDependenciesID=6eacc0e20f42c11756266729028461c2 
Number of updated asset objects reloaded before import = 0Number of asset objects unloaded after import = 1

========================================================================
Received Import Request.
  Time since last request: 0.000023 seconds.
  path: Assets/Jensen Assets/Materials and Textures/Stones/Textures/T_YFPM_JaggedSquare_s.tga
  importAddress: Guid(7eab6a05bdb14f64688779a18fdb4d1d) Importer(2089858483,b0f066a214c2f5e87bad3c948f4d605d)
Start importing Assets/Jensen Assets/Materials and Textures/Stones/Textures/T_YFPM_JaggedSquare_s.tga using Guid(7eab6a05bdb14f64688779a18fdb4d1d) Importer(2089858483,b0f066a214c2f5e87bad3c948f4d605d) (ScriptedImporter) -> (Import Result ID: 'd071e181543a876ee275395510e6000f') in 0.0189502 seconds [static and dynamic dependencies]. Details - ImportResultOutputID=eac6d8a13a197c462db23a41698255ae DependenciesID=fbf4aeb6ff291824a2f94dd2f6bdc1b2 StaticDependenciesID=605078139b72f4a756b53a1f8978f1ad 
Number of updated asset objects reloaded before import = 0Number of asset objects unloaded after import = 1

========================================================================
Received Import Request.
  Time since last request: 0.000017 seconds.
  path: Assets/Jensen Assets/Models and Prefabs/Walls and Floors/Models/Stone/materials/Wall-Stone-Model-07.mat
  importAddress: Guid(4428709e021064748a4ade09197d9609) Importer(2089858483,b0f066a214c2f5e87bad3c948f4d605d)
Start importing Assets/Jensen Assets/Models and Prefabs/Walls and Floors/Models/Stone/materials/Wall-Stone-Model-07.mat using Guid(4428709e021064748a4ade09197d9609) Importer(2089858483,b0f066a214c2f5e87bad3c948f4d605d) (ScriptedImporter) -> (Import Result ID: '1fbac55b2e5f9a11bb0465e040f17af6') in 0.0154175 seconds [static and dynamic dependencies]. Details - ImportResultOutputID=7192050f3f8f05ff9a321850b29851c4 DependenciesID=6d25dc3200724a168fd6b75c652a3f71 StaticDependenciesID=9a0eb07d1226aac726aa05e6daec482c 
Number of updated asset objects reloaded before import = 0Number of asset objects unloaded after import = 3

========================================================================
Received Import Request.
  Time since last request: 0.000022 seconds.
  path: Assets/Jensen Assets/Models and Prefabs/Walls and Floors/Models/Stone/materials/Floor-Stone-Model-04.mat
  importAddress: Guid(3b751f6271dce7747ab89d83050d6315) Importer(2089858483,b0f066a214c2f5e87bad3c948f4d605d)
Start importing Assets/Jensen Assets/Models and Prefabs/Walls and Floors/Models/Stone/materials/Floor-Stone-Model-04.mat using Guid(3b751f6271dce7747ab89d83050d6315) Importer(2089858483,b0f066a214c2f5e87bad3c948f4d605d) (ScriptedImporter) -> (Import Result ID: 'a8d8472fbfb32e7ff5af22a78c8e4d78') in 0.0619286 seconds [static and dynamic dependencies]. Details - ImportResultOutputID=c43500476f38dfd7385e60f6ba61d715 DependenciesID=b8d12f8fa42cc9f188175e971e31c0fc StaticDependenciesID=36dfc64158754a1afe1318c199e7ab26 
Number of updated asset objects reloaded before import = 0Number of asset objects unloaded after import = 3

========================================================================
Received Import Request.
  Time since last request: 0.000027 seconds.
  path: Assets/Jensen Assets/Scripts/GameManager.cs
  importAddress: Guid(8fd1664eeb4e0d84580456cde9c2344c) Importer(2089858483,b0f066a214c2f5e87bad3c948f4d605d)
Start importing Assets/Jensen Assets/Scripts/GameManager.cs using Guid(8fd1664eeb4e0d84580456cde9c2344c) Importer(2089858483,b0f066a214c2f5e87bad3c948f4d605d) (ScriptedImporter) -> (Import Result ID: 'f134a728a7935755696a43cbc61b3a61') in 0.011172 seconds [static and dynamic dependencies]. Details - ImportResultOutputID=f25483705781745cd93b72a0f0ba3f34 DependenciesID=20a68bb7deea82a5bca729340e91c2e4 StaticDependenciesID=7a9f758328b4a20d492240038a694c81 
Number of updated asset objects reloaded before import = 0Number of asset objects unloaded after import = 0

========================================================================
Received Import Request.
  Time since last request: 0.000061 seconds.
  path: Assets/Jensen Assets/Third Person Controller/Animations/Materials/Beta_Body_MAT.mat
  importAddress: Guid(30d2d702ab0e535448343c80cf409e5a) Importer(2089858483,b0f066a214c2f5e87bad3c948f4d605d)
Start importing Assets/Jensen Assets/Third Person Controller/Animations/Materials/Beta_Body_MAT.mat using Guid(30d2d702ab0e535448343c80cf409e5a) Importer(2089858483,b0f066a214c2f5e87bad3c948f4d605d) (ScriptedImporter) -> (Import Result ID: '5dd96a542db392a3dc8aa7ad894b793f') in 0.0160116 seconds [static and dynamic dependencies]. Details - ImportResultOutputID=8f49f85d67eed2d4865271a43b6524f4 DependenciesID=755d4c8ec8eca9ea0ee67a6ff8f719ea StaticDependenciesID=b262ce84ff85f0341afd8eb0afdfafc8 
Number of updated asset objects reloaded before import = 0Number of asset objects unloaded after import = 2

========================================================================
Received Import Request.
  Time since last request: 0.000020 seconds.
  path: Assets/Jensen Assets/Materials and Textures/GreatswordofFrozenNight/Textures
  importAddress: Guid(83b70b5bc1bae6246bc353db90976913) Importer(2089858483,b0f066a214c2f5e87bad3c948f4d605d)
Start importing Assets/Jensen Assets/Materials and Textures/GreatswordofFrozenNight/Textures using Guid(83b70b5bc1bae6246bc353db90976913) Importer(2089858483,b0f066a214c2f5e87bad3c948f4d605d) (ScriptedImporter) -> (Import Result ID: '59801c216174dca11774f5a20671fb9b') in 0.0128642 seconds [static and dynamic dependencies]. Details - ImportResultOutputID=5e778eedf63c14d5e586e19664541b65 DependenciesID=08392a124300bf15ab69ca25d3564cd3 StaticDependenciesID=299276db6317f4be3d2aaff0c6891c3f 
Number of updated asset objects reloaded before import = 0Number of asset objects unloaded after import = 1

========================================================================
Received Import Request.
  Time since last request: 0.000020 seconds.
  path: Assets/Jensen Assets/Models and Prefabs/Walls and Floors/Models/Stone/materials/Wall-Stone-Model-10.mat
  importAddress: Guid(84adbdab398f5774c91098d795c84d1a) Importer(2089858483,b0f066a214c2f5e87bad3c948f4d605d)
Start importing Assets/Jensen Assets/Models and Prefabs/Walls and Floors/Models/Stone/materials/Wall-Stone-Model-10.mat using Guid(84adbdab398f5774c91098d795c84d1a) Importer(2089858483,b0f066a214c2f5e87bad3c948f4d605d) (ScriptedImporter) -> (Import Result ID: 'eab51393c08b0a10036f177ca4e39d8a') in 0.0250418 seconds [static and dynamic dependencies]. Details - ImportResultOutputID=1791d51ab45a796ee536b0104ac1abb3 DependenciesID=1f8e96c22b7e207a2b636921d971b0c6 StaticDependenciesID=85ddfd3c8aa2a13290107959b28cf704 
Number of updated asset objects reloaded before import = 0Number of asset objects unloaded after import = 3

========================================================================
Received Import Request.
  Time since last request: 0.000023 seconds.
  path: Assets/Jensen Assets/Door/Wooden Double Door front handle entrance/Materials/M_door1_light.mat
  importAddress: Guid(b4c7bed82c91aca4095fdec706d0f1fe) Importer(2089858483,b0f066a214c2f5e87bad3c948f4d605d)
Start importing Assets/Jensen Assets/Door/Wooden Double Door front handle entrance/Materials/M_door1_light.mat using Guid(b4c7bed82c91aca4095fdec706d0f1fe) Importer(2089858483,b0f066a214c2f5e87bad3c948f4d605d) (ScriptedImporter) -> (Import Result ID: '96180a37085d972b164d93d9c18ab060') in 0.0254513 seconds [static and dynamic dependencies]. Details - ImportResultOutputID=6c2c9174ffcae4fd97eac7861a637956 DependenciesID=22b4d395cf1d9315ac40422c2141d99b StaticDependenciesID=22bdf72c36c78ab9e38bc9cb94f94bae 
Number of updated asset objects reloaded before import = 0Number of asset objects unloaded after import = 4

========================================================================
Received Import Request.
  Time since last request: 0.000031 seconds.
  path: Assets/Jensen Assets/Models and Prefabs/Walls and Floors/Prefabs/Stone
  importAddress: Guid(aeb80289b42df884e95032d0a2ab4ff1) Importer(2089858483,b0f066a214c2f5e87bad3c948f4d605d)
Start importing Assets/Jensen Assets/Models and Prefabs/Walls and Floors/Prefabs/Stone using Guid(aeb80289b42df884e95032d0a2ab4ff1) Importer(2089858483,b0f066a214c2f5e87bad3c948f4d605d) (ScriptedImporter) -> (Import Result ID: 'fb3bddcdb6d78d10f96335b7f1d2f0ba') in 0.016254 seconds [static and dynamic dependencies]. Details - ImportResultOutputID=382fc2b1e55fd19a344c32629ef3c942 DependenciesID=d0ace393c3f54af67380bec064043f5d StaticDependenciesID=5a26f3ee99e343a67a3e8aa3cbd6cd92 
Number of updated asset objects reloaded before import = 0Number of asset objects unloaded after import = 1

========================================================================
Received Import Request.
  Time since last request: 0.000017 seconds.
  path: Assets/Jensen Assets/Materials and Textures/Chest/chest_open.FBX
  importAddress: Guid(5c509bc9e3ce92e418aac359ebdf4281) Importer(2089858483,b0f066a214c2f5e87bad3c948f4d605d)
Start importing Assets/Jensen Assets/Materials and Textures/Chest/chest_open.FBX using Guid(5c509bc9e3ce92e418aac359ebdf4281) Importer(2089858483,b0f066a214c2f5e87bad3c948f4d605d) (ScriptedImporter) -> (Import Result ID: '4c27efb77510ca76c26e4da0e5b0c2c8') in 0.0558268 seconds [static and dynamic dependencies]. Details - ImportResultOutputID=bd7d4064c31df31129a4fdd8ffb1eca5 DependenciesID=c405d45a07283db70e731d1139d164e4 StaticDependenciesID=c3743b8fd936b78d10f4ba43787e85d7 
Number of updated asset objects reloaded before import = 0Number of asset objects unloaded after import = 8

========================================================================
Received Import Request.
  Time since last request: 0.000024 seconds.
  path: Assets/Jensen Assets/Skybox/Scenes/Textures (Lightmaps)
  importAddress: Guid(dda702a668e5aff4e9f4f3c7ed4c199b) Importer(2089858483,b0f066a214c2f5e87bad3c948f4d605d)
Start importing Assets/Jensen Assets/Skybox/Scenes/Textures (Lightmaps) using Guid(dda702a668e5aff4e9f4f3c7ed4c199b) Importer(2089858483,b0f066a214c2f5e87bad3c948f4d605d) (ScriptedImporter) -> (Import Result ID: 'e393cca4a261aae69c9bf2875302209b') in 0.0140662 seconds [static and dynamic dependencies]. Details - ImportResultOutputID=a105271d987c26dab2e71bd027f9eeca DependenciesID=5f4c0ad1844633211ac2e5d56dd76d6a StaticDependenciesID=39c6932d90e5a538bc6c648f318abe48 
Number of updated asset objects reloaded before import = 0Number of asset objects unloaded after import = 1

========================================================================
Received Import Request.
  Time since last request: 0.000023 seconds.
  path: Assets/Jensen Assets/Materials and Textures/Chest/Textures/coins.png
  importAddress: Guid(f58561e82824d4e46ab1cb3e5b0d912e) Importer(2089858483,b0f066a214c2f5e87bad3c948f4d605d)
Start importing Assets/Jensen Assets/Materials and Textures/Chest/Textures/coins.png using Guid(f58561e82824d4e46ab1cb3e5b0d912e) Importer(2089858483,b0f066a214c2f5e87bad3c948f4d605d) (ScriptedImporter) -> (Import Result ID: '1bc9444d8852faacaf27451558a7615e') in 0.0256576 seconds [static and dynamic dependencies]. Details - ImportResultOutputID=5f83a2d596742629ab485838ae47a1ce DependenciesID=3bb59323cdd9b30e5f5c99c1607c7c25 StaticDependenciesID=a13418171fc53e27e9d0d2a6c8b6b0cc 
Number of updated asset objects reloaded before import = 0Number of asset objects unloaded after import = 1

========================================================================
Received Import Request.
  Time since last request: 0.000031 seconds.
  path: Assets/Jensen Assets/Models and Prefabs/Walls and Floors/Prefabs/Stone/Corners/Corner-Stone (4).prefab
  importAddress: Guid(dce4ab95edbbb124a827dc1c3c09ead5) Importer(2089858483,b0f066a214c2f5e87bad3c948f4d605d)
Start importing Assets/Jensen Assets/Models and Prefabs/Walls and Floors/Prefabs/Stone/Corners/Corner-Stone (4).prefab using Guid(dce4ab95edbbb124a827dc1c3c09ead5) Importer(2089858483,b0f066a214c2f5e87bad3c948f4d605d) (ScriptedImporter) -> (Import Result ID: 'aa1771ed3574e87db8192c2f15e1214a') in 0.0228581 seconds [static and dynamic dependencies]. Details - ImportResultOutputID=766b9b7d105949521dab99365263fc0a DependenciesID=f6814762ed49227c341ac918a2b04362 StaticDependenciesID=302eab719f79cef5097e89b4c9021dac 
Number of updated asset objects reloaded before import = 0Number of asset objects unloaded after import = 9

========================================================================
Received Import Request.
  Time since last request: 0.000016 seconds.
  path: Assets/Jensen Assets/Models and Prefabs/Walls and Floors/Models/Stone/materials/Wall-Stone-Model-09.mat
  importAddress: Guid(f7a8c1022c77fff4790e0d707ccd91cb) Importer(2089858483,b0f066a214c2f5e87bad3c948f4d605d)
Start importing Assets/Jensen Assets/Models and Prefabs/Walls and Floors/Models/Stone/materials/Wall-Stone-Model-09.mat using Guid(f7a8c1022c77fff4790e0d707ccd91cb) Importer(2089858483,b0f066a214c2f5e87bad3c948f4d605d) (ScriptedImporter) -> (Import Result ID: '144c8684ba86986d369d4d237bd3ee56') in 0.0186818 seconds [static and dynamic dependencies]. Details - ImportResultOutputID=558cc8cd9123243106c65e91a86b9957 DependenciesID=b9f4dad542e0999713495d3cbf493ca2 StaticDependenciesID=547a31e5f2e8207b74e9933c3c4533d9 
Number of updated asset objects reloaded before import = 0Number of asset objects unloaded after import = 3

========================================================================
Received Import Request.
  Time since last request: 0.000022 seconds.
  path: Assets/Jensen Assets/Models and Prefabs/Walls and Floors/Models/Stone/materials/Wall-Stone-Model-07.png
  importAddress: Guid(95c07c7da75cacd48ad197c7a0ca4779) Importer(2089858483,b0f066a214c2f5e87bad3c948f4d605d)
Start importing Assets/Jensen Assets/Models and Prefabs/Walls and Floors/Models/Stone/materials/Wall-Stone-Model-07.png using Guid(95c07c7da75cacd48ad197c7a0ca4779) Importer(2089858483,b0f066a214c2f5e87bad3c948f4d605d) (ScriptedImporter) -> (Import Result ID: '6baf4e79e25d4201e5aaf36ea3bfb51d') in 0.0265251 seconds [static and dynamic dependencies]. Details - ImportResultOutputID=38aad7b5ab182e454c697b2a31ea7584 DependenciesID=bfb0c1b3e62c12af36aff8cc44b82ab2 StaticDependenciesID=b2054019468e2d6aecf6d559ef5c2273 
Number of updated asset objects reloaded before import = 0Number of asset objects unloaded after import = 1

========================================================================
Received Import Request.
  Time since last request: 0.000020 seconds.
  path: Assets/Jensen Assets/Materials and Textures/Chest/ChestFreeScene.unity
  importAddress: Guid(5be627b8098e679478fdafa05346a88f) Importer(2089858483,b0f066a214c2f5e87bad3c948f4d605d)
Start importing Assets/Jensen Assets/Materials and Textures/Chest/ChestFreeScene.unity using Guid(5be627b8098e679478fdafa05346a88f) Importer(2089858483,b0f066a214c2f5e87bad3c948f4d605d) (ScriptedImporter) -> (Import Result ID: 'fc5ccea293aa4afe33c088e4371dfd28') in 0.0180221 seconds [static and dynamic dependencies]. Details - ImportResultOutputID=6e75924ea2a8d82b623081bf02a4a2f1 DependenciesID=8ab750672bcbf52480169d923b14ef99 StaticDependenciesID=d8b552f887fe0ce2bbfaec0831396b35 
Number of updated asset objects reloaded before import = 0Number of asset objects unloaded after import = 1

========================================================================
Received Import Request.
  Time since last request: 0.000027 seconds.
  path: Assets/Jensen Assets/Models and Prefabs/Walls and Floors/Prefabs/Stone/Walls/Wall-Stone (9).prefab
  importAddress: Guid(ab81f7053ec51854a82c0f1f16fd6847) Importer(2089858483,b0f066a214c2f5e87bad3c948f4d605d)
Start importing Assets/Jensen Assets/Models and Prefabs/Walls and Floors/Prefabs/Stone/Walls/Wall-Stone (9).prefab using Guid(ab81f7053ec51854a82c0f1f16fd6847) Importer(2089858483,b0f066a214c2f5e87bad3c948f4d605d) (ScriptedImporter) -> (Import Result ID: 'd45115e25e71ce81591fdb9a8271c530') in 0.0346104 seconds [static and dynamic dependencies]. Details - ImportResultOutputID=a533b1410d3fc8aa72946e718be4a0ae DependenciesID=32354c0077b3c22dd6110e87642b0214 StaticDependenciesID=b3ceb69f90c027e665a2566cef308d28 
Number of updated asset objects reloaded before import = 0Number of asset objects unloaded after import = 9

========================================================================
Received Import Request.
  Time since last request: 0.000016 seconds.
  path: Assets/Jensen Assets/Materials and Textures/Concrete/Materials
  importAddress: Guid(688a7aa13ef51ac4494f4b47d15767bd) Importer(2089858483,b0f066a214c2f5e87bad3c948f4d605d)
Start importing Assets/Jensen Assets/Materials and Textures/Concrete/Materials using Guid(688a7aa13ef51ac4494f4b47d15767bd) Importer(2089858483,b0f066a214c2f5e87bad3c948f4d605d) (ScriptedImporter) -> (Import Result ID: 'd28085828930687c7ada795bb2aa66e8') in 0.0206053 seconds [static and dynamic dependencies]. Details - ImportResultOutputID=160e7ca35268eb1fd095b3128346d231 DependenciesID=217db83aaa5e05d330fe31fc4f2afef6 StaticDependenciesID=21f1d3266f21979c04dd1313f1c15975 
Number of updated asset objects reloaded before import = 0Number of asset objects unloaded after import = 1

========================================================================
Received Import Request.
  Time since last request: 0.000016 seconds.
  path: Assets/Jensen Assets/Skybox/Panoramics/FS013/FS013_Sunrise.mat
  importAddress: Guid(3a253cab252a165478338fba0f03e63a) Importer(2089858483,b0f066a214c2f5e87bad3c948f4d605d)
Start importing Assets/Jensen Assets/Skybox/Panoramics/FS013/FS013_Sunrise.mat using Guid(3a253cab252a165478338fba0f03e63a) Importer(2089858483,b0f066a214c2f5e87bad3c948f4d605d) (ScriptedImporter) -> (Import Result ID: '4e9043571bde46ec6deb0f4223d9dd4a') in 0.0263162 seconds [static and dynamic dependencies]. Details - ImportResultOutputID=c33948dc63750142266a5f0f269e7e4d DependenciesID=d882eacd86a8db349665e08598f4b41a StaticDependenciesID=d3f0dc654d58a864f20985d656e4c802 
Number of updated asset objects reloaded before import = 0Number of asset objects unloaded after import = 2

========================================================================
Received Import Request.
  Time since last request: 0.000021 seconds.
  path: Assets/Jensen Assets/Third Person Controller/AnimatorController.controller
  importAddress: Guid(014123886f853ea4a8b9cf20f84ce175) Importer(2089858483,b0f066a214c2f5e87bad3c948f4d605d)
Start importing Assets/Jensen Assets/Third Person Controller/AnimatorController.controller using Guid(014123886f853ea4a8b9cf20f84ce175) Importer(2089858483,b0f066a214c2f5e87bad3c948f4d605d) (ScriptedImporter) -> (Import Result ID: '0445897e4620cde1f017b47664a84985') in 0.0603176 seconds [static and dynamic dependencies]. Details - ImportResultOutputID=fb8074f29017e00923e6f10e1fa041f0 DependenciesID=690c517eac2b6c2c2e3700871a617fb3 StaticDependenciesID=0750002bd663ed38f46eb352c0824c03 
Number of updated asset objects reloaded before import = 0Number of asset objects unloaded after import = 36

========================================================================
Received Import Request.
  Time since last request: 0.000027 seconds.
  path: Assets/Jensen Assets/Materials and Textures/Chest/Materials/coins.mat
  importAddress: Guid(5e4a03cde888b4d4794da296b7287970) Importer(2089858483,b0f066a214c2f5e87bad3c948f4d605d)
Start importing Assets/Jensen Assets/Materials and Textures/Chest/Materials/coins.mat using Guid(5e4a03cde888b4d4794da296b7287970) Importer(2089858483,b0f066a214c2f5e87bad3c948f4d605d) (ScriptedImporter) -> (Import Result ID: 'b1301684b5cd3a51a3cedfcc01ed0778') in 0.0258066 seconds [static and dynamic dependencies]. Details - ImportResultOutputID=f90dba826d8069e36b58a34ebd801e47 DependenciesID=057362148dd468f796a2f141d1768512 StaticDependenciesID=5a4ccdaaceff277ca32ee37d7d4d5579 
Number of updated asset objects reloaded before import = 0Number of asset objects unloaded after import = 3

========================================================================
Received Import Request.
  Time since last request: 0.000018 seconds.
  path: Assets/Jensen Assets/Door/Wooden Double Door front handle entrance/Scenes
  importAddress: Guid(670d5adf60de9d545a7df5979c84f737) Importer(2089858483,b0f066a214c2f5e87bad3c948f4d605d)
Start importing Assets/Jensen Assets/Door/Wooden Double Door front handle entrance/Scenes using Guid(670d5adf60de9d545a7df5979c84f737) Importer(2089858483,b0f066a214c2f5e87bad3c948f4d605d) (ScriptedImporter) -> (Import Result ID: '379943551579ed26d8c5cc644b0ab5f0') in 0.0205204 seconds [static and dynamic dependencies]. Details - ImportResultOutputID=f0d47c63e476094151f1665a269d4225 DependenciesID=fbba8e36752999c4cdf65f4f0e3fa956 StaticDependenciesID=01cf2d62fdd686a4671a98b8c118c5b4 
Number of updated asset objects reloaded before import = 0Number of asset objects unloaded after import = 1

========================================================================
Received Import Request.
  Time since last request: 0.000015 seconds.
  path: Assets/Jensen Assets/Models and Prefabs/Walls and Floors/Models/Stone/Floor-Stone-Model-03.fbx
  importAddress: Guid(03cbc850a19aa0345b9554d1c90faa78) Importer(2089858483,b0f066a214c2f5e87bad3c948f4d605d)
Start importing Assets/Jensen Assets/Models and Prefabs/Walls and Floors/Models/Stone/Floor-Stone-Model-03.fbx using Guid(03cbc850a19aa0345b9554d1c90faa78) Importer(2089858483,b0f066a214c2f5e87bad3c948f4d605d) (ScriptedImporter) -> (Import Result ID: '2d3e3cd633148a929f271e588b916020') in 0.0360148 seconds [static and dynamic dependencies]. Details - ImportResultOutputID=e07fc55c04527a29fc35b050714c4370 DependenciesID=90d7ddd249b4b226bac2991bf8c8f5dc StaticDependenciesID=59b7deb54e08385d4fc9ef4510738084 
Number of updated asset objects reloaded before import = 0Number of asset objects unloaded after import = 9

========================================================================
Received Import Request.
  Time since last request: 0.000020 seconds.
  path: Assets/Jensen Assets/Models and Prefabs/Walls and Floors/Models/Stone/materials/Wall-Stone-Model-04.mat
  importAddress: Guid(5d66cb4cf0d5ab54e8364c3f49894d76) Importer(2089858483,b0f066a214c2f5e87bad3c948f4d605d)
Start importing Assets/Jensen Assets/Models and Prefabs/Walls and Floors/Models/Stone/materials/Wall-Stone-Model-04.mat using Guid(5d66cb4cf0d5ab54e8364c3f49894d76) Importer(2089858483,b0f066a214c2f5e87bad3c948f4d605d) (ScriptedImporter) -> (Import Result ID: 'fc79ed50664b1ce00208a92bc189e1c1') in 0.040272 seconds [static and dynamic dependencies]. Details - ImportResultOutputID=ab3081c3df3bc1c02c73990dfb9b7b28 DependenciesID=8565ae40f7491fe482056f0c8575474c StaticDependenciesID=962e452ca95aab5d39583d0079c33b81 
Number of updated asset objects reloaded before import = 0Number of asset objects unloaded after import = 3

========================================================================
Received Import Request.
  Time since last request: 0.000028 seconds.
  path: Assets/Jensen Assets/Third Person Controller/Animations/Materials
  importAddress: Guid(1f5ecec6084c7ec48b7663c22145241c) Importer(2089858483,b0f066a214c2f5e87bad3c948f4d605d)
Start importing Assets/Jensen Assets/Third Person Controller/Animations/Materials using Guid(1f5ecec6084c7ec48b7663c22145241c) Importer(2089858483,b0f066a214c2f5e87bad3c948f4d605d) (ScriptedImporter) -> (Import Result ID: '853e3a48db1d57baa66ec4512ebeed73') in 0.0217273 seconds [static and dynamic dependencies]. Details - ImportResultOutputID=724e7364304a70c0488190b593c622d9 DependenciesID=0a36070c5c4530e5f7cba131d5ea18d6 StaticDependenciesID=cee12ac4a3e9e38615d98fdec3b4201d 
Number of updated asset objects reloaded before import = 0Number of asset objects unloaded after import = 1

========================================================================
Received Import Request.
  Time since last request: 0.000015 seconds.
  path: Assets/Jensen Assets/Models and Prefabs/Walls and Floors/Demo Scenes/Asset Lineup SceneSettings.lighting
  importAddress: Guid(6760dd4fe1c00f545ae6c8235e50d4e2) Importer(2089858483,b0f066a214c2f5e87bad3c948f4d605d)
Start importing Assets/Jensen Assets/Models and Prefabs/Walls and Floors/Demo Scenes/Asset Lineup SceneSettings.lighting using Guid(6760dd4fe1c00f545ae6c8235e50d4e2) Importer(2089858483,b0f066a214c2f5e87bad3c948f4d605d) (ScriptedImporter) -> (Import Result ID: '94e4e0e5c5bcf1b0f1fb0e87cc97a195') in 0.0263623 seconds [static and dynamic dependencies]. Details - ImportResultOutputID=aad1d7631eb0787614690e194d9f7e09 DependenciesID=9d9d14cbf94f7c726fa141c34859a9e4 StaticDependenciesID=a36741c3344135b57366e594386e71c3 
Number of updated asset objects reloaded before import = 0Number of asset objects unloaded after import = 1

========================================================================
Received Import Request.
  Time since last request: 0.000018 seconds.
  path: Assets/Jensen Assets/Materials and Textures/Smoothed Textures
  importAddress: Guid(a0789e54d17471d4d9e49e808dde80bf) Importer(2089858483,b0f066a214c2f5e87bad3c948f4d605d)
Start importing Assets/Jensen Assets/Materials and Textures/Smoothed Textures using Guid(a0789e54d17471d4d9e49e808dde80bf) Importer(2089858483,b0f066a214c2f5e87bad3c948f4d605d) (ScriptedImporter) -> (Import Result ID: '77119018c05c5290b0205a5c0e6f587c') in 0.0178504 seconds [static and dynamic dependencies]. Details - ImportResultOutputID=da9c9c413a2dd7796cc18f6c77cb037e DependenciesID=f5485f0591906a4f9fa96666294c7475 StaticDependenciesID=cdd43e279451db7811a41b183478e3e5 
Number of updated asset objects reloaded before import = 0Number of asset objects unloaded after import = 1

========================================================================
Received Import Request.
  Time since last request: 0.000019 seconds.
  path: Assets/Jensen Assets/Materials and Textures/Guitar/AcousticGuitar/Materials
  importAddress: Guid(efa225bfc1ae41e4185d4b702983be82) Importer(2089858483,b0f066a214c2f5e87bad3c948f4d605d)
Start importing Assets/Jensen Assets/Materials and Textures/Guitar/AcousticGuitar/Materials using Guid(efa225bfc1ae41e4185d4b702983be82) Importer(2089858483,b0f066a214c2f5e87bad3c948f4d605d) (ScriptedImporter) -> (Import Result ID: '18765ca3d0cb5450265efd17b3116b05') in 0.0214972 seconds [static and dynamic dependencies]. Details - ImportResultOutputID=8fe35d3bcc56673a29b87dbb0d352af0 DependenciesID=f16f26e9be0b3f1c3d7a8a6de871d0f6 StaticDependenciesID=fe89a7bec065fe460963c371570d1735 
Number of updated asset objects reloaded before import = 0Number of asset objects unloaded after import = 1

========================================================================
Received Import Request.
  Time since last request: 0.000030 seconds.
  path: Assets/Jensen Assets/Models and Prefabs/Walls and Floors/Prefabs/Stone/Walls/Wall-Stone (1).prefab
  importAddress: Guid(e72f1a178c825f84bac03b6f867c7dcf) Importer(2089858483,b0f066a214c2f5e87bad3c948f4d605d)
Start importing Assets/Jensen Assets/Models and Prefabs/Walls and Floors/Prefabs/Stone/Walls/Wall-Stone (1).prefab using Guid(e72f1a178c825f84bac03b6f867c7dcf) Importer(2089858483,b0f066a214c2f5e87bad3c948f4d605d) (ScriptedImporter) -> (Import Result ID: 'f65425a532bb9c07bb3d9cf1d0e1ddc8') in 0.0256422 seconds [static and dynamic dependencies]. Details - ImportResultOutputID=e8ba3bb56c33aec9ed0bbf129563ff94 DependenciesID=382dba6f8a56c7419f7b1dd05c5e042b StaticDependenciesID=c4e538b837e9ed369af52e1d101fa8b6 
Number of updated asset objects reloaded before import = 0Number of asset objects unloaded after import = 9

========================================================================
Received Import Request.
  Time since last request: 0.000018 seconds.
  path: Assets/Jensen Assets/Third Person Controller
  importAddress: Guid(cc76e0667e7b26443a31bbcb06a66ca3) Importer(2089858483,b0f066a214c2f5e87bad3c948f4d605d)
Start importing Assets/Jensen Assets/Third Person Controller using Guid(cc76e0667e7b26443a31bbcb06a66ca3) Importer(2089858483,b0f066a214c2f5e87bad3c948f4d605d) (ScriptedImporter) -> (Import Result ID: '7baa30eb8794ffbf0ffe5798bdc7e95e') in 0.0160034 seconds [static and dynamic dependencies]. Details - ImportResultOutputID=b04e6bfb7a71c649b2768a993e4f9366 DependenciesID=f1ce88f392281318134a23da9ec3de84 StaticDependenciesID=54e8baa4d3165b144138ee911844cf98 
Number of updated asset objects reloaded before import = 0Number of asset objects unloaded after import = 1

========================================================================
Received Import Request.
  Time since last request: 0.000017 seconds.
  path: Assets/Jensen Assets/Models and Prefabs/Walls and Floors/Prefabs/Stone/Corners/Corner-Stone (3).prefab
  importAddress: Guid(8dfc16c4f7cbe7b49ad9358af0123ccb) Importer(2089858483,b0f066a214c2f5e87bad3c948f4d605d)
Start importing Assets/Jensen Assets/Models and Prefabs/Walls and Floors/Prefabs/Stone/Corners/Corner-Stone (3).prefab using Guid(8dfc16c4f7cbe7b49ad9358af0123ccb) Importer(2089858483,b0f066a214c2f5e87bad3c948f4d605d) (ScriptedImporter) -> (Import Result ID: 'ec5e2174b5a36af0857581099d4f347e') in 0.024372 seconds [static and dynamic dependencies]. Details - ImportResultOutputID=5e14fb8c9ef1f519ca834ef78e58b97d DependenciesID=8927b82786b15faede6b5b77eae8f5f1 StaticDependenciesID=d8a32b3c269cd28a1ef28d3e79c8d7b9 
Number of updated asset objects reloaded before import = 0Number of asset objects unloaded after import = 9

========================================================================
Received Import Request.
  Time since last request: 0.000023 seconds.
  path: Assets/Jensen Assets/Scripts
  importAddress: Guid(a8b91268a8c14ec4d9ed60d0f77b4096) Importer(2089858483,b0f066a214c2f5e87bad3c948f4d605d)
Start importing Assets/Jensen Assets/Scripts using Guid(a8b91268a8c14ec4d9ed60d0f77b4096) Importer(2089858483,b0f066a214c2f5e87bad3c948f4d605d) (ScriptedImporter) -> (Import Result ID: '200de57d748e87c5500c2c31c8f5bf9e') in 0.0173958 seconds [static and dynamic dependencies]. Details - ImportResultOutputID=37a8a3f5ab345686713fe0ce2bb24457 DependenciesID=3b436ebf7637d42359c9f4549e54d3ab StaticDependenciesID=aa7e8afdd78c1f7664b0ce7dbec5c041 
Number of updated asset objects reloaded before import = 0Number of asset objects unloaded after import = 1

========================================================================
Received Import Request.
  Time since last request: 0.000030 seconds.
  path: Assets/Jensen Assets/Models and Prefabs/Walls and Floors/Models/Stone/Wall-Stone-Model-05.fbx
  importAddress: Guid(ddb76fa9f72a2cf47859d4f8e4aa7694) Importer(2089858483,b0f066a214c2f5e87bad3c948f4d605d)
Start importing Assets/Jensen Assets/Models and Prefabs/Walls and Floors/Models/Stone/Wall-Stone-Model-05.fbx using Guid(ddb76fa9f72a2cf47859d4f8e4aa7694) Importer(2089858483,b0f066a214c2f5e87bad3c948f4d605d) (ScriptedImporter) -> (Import Result ID: '79c4bf7006ba050d209290113af9ebfb') in 0.0208618 seconds [static and dynamic dependencies]. Details - ImportResultOutputID=1705534cbffbc8766f708f7c03aa1e1e DependenciesID=cf73b0a4d8faeb1c93fc033caae234c9 StaticDependenciesID=b1c43e8b15e52b000ee814131453e6f0 
Number of updated asset objects reloaded before import = 0Number of asset objects unloaded after import = 9

========================================================================
Received Import Request.
  Time since last request: 0.000028 seconds.
  path: Assets/Jensen Assets/Models and Prefabs/Walls and Floors/Models/Stone/materials/Wall-Stone-Model-12.mat
  importAddress: Guid(14f7e7927be7d8f478a76577b849efe0) Importer(2089858483,b0f066a214c2f5e87bad3c948f4d605d)
Start importing Assets/Jensen Assets/Models and Prefabs/Walls and Floors/Models/Stone/materials/Wall-Stone-Model-12.mat using Guid(14f7e7927be7d8f478a76577b849efe0) Importer(2089858483,b0f066a214c2f5e87bad3c948f4d605d) (ScriptedImporter) -> (Import Result ID: 'e2da051bf0067b5753f00f6cd0d157ce') in 0.0162163 seconds [static and dynamic dependencies]. Details - ImportResultOutputID=2f24464a295b971e0b987b8bfb0bd59b DependenciesID=b9f089063e66059cf5d6c39170313f97 StaticDependenciesID=dd5b6cbceca8fd68eee1854f46e7a8b3 
Number of updated asset objects reloaded before import = 0Number of asset objects unloaded after import = 3

========================================================================
Received Import Request.
  Time since last request: 0.000022 seconds.
  path: Assets/Jensen Assets/Audio/Tribute Riff.wav
  importAddress: Guid(61eac49c9553a254682ebc4e18942983) Importer(2089858483,b0f066a214c2f5e87bad3c948f4d605d)
Start importing Assets/Jensen Assets/Audio/Tribute Riff.wav using Guid(61eac49c9553a254682ebc4e18942983) Importer(2089858483,b0f066a214c2f5e87bad3c948f4d605d) (ScriptedImporter) -> (Import Result ID: 'f9d7d9ff488771ecaf3d557864666afc') in 0.0214042 seconds [static and dynamic dependencies]. Details - ImportResultOutputID=0e243308ee0e7c588b56b7f9d8814bf8 DependenciesID=e0bee92711cab4a2459cc6fa03018daa StaticDependenciesID=de2c75c86f866f8be4c300917784fb4b 
Number of updated asset objects reloaded before import = 0Number of asset objects unloaded after import = 1

========================================================================
Received Import Request.
  Time since last request: 0.000017 seconds.
  path: Assets/Jensen Assets/Models and Prefabs/Walls and Floors/Models/Stone/Corner-Stone-Model-04.fbx
  importAddress: Guid(cd2ecb50216bef6438267172d464d5ab) Importer(2089858483,b0f066a214c2f5e87bad3c948f4d605d)
Start importing Assets/Jensen Assets/Models and Prefabs/Walls and Floors/Models/Stone/Corner-Stone-Model-04.fbx using Guid(cd2ecb50216bef6438267172d464d5ab) Importer(2089858483,b0f066a214c2f5e87bad3c948f4d605d) (ScriptedImporter) -> (Import Result ID: '742f93e04fff3cb461409a95397eb07e') in 0.0214552 seconds [static and dynamic dependencies]. Details - ImportResultOutputID=27f9273329791659625cb23b110eaf1c DependenciesID=a196c3c0dd965e6c3507244232b767e7 StaticDependenciesID=280abfee86b73f28f77d7150a6bb8607 
Number of updated asset objects reloaded before import = 0Number of asset objects unloaded after import = 9

========================================================================
Received Prepare
Unloading 25 Unused Serialized files (Serialized files now loaded: 0)
Unloading 6665 unused Assets / (6.0 MB). Loaded Objects now: 7515.
Memory consumption went from 164.4 MB to 158.4 MB.
Total: 12.837600 ms (FindLiveObjects: 0.967100 ms CreateObjectMapping: 0.836600 ms MarkObjects: 7.460200 ms  DeleteObjects: 3.572200 ms)

Prepare: number of updated asset objects reloaded= 0
========================================================================
Received Prepare
Unloading 25 Unused Serialized files (Serialized files now loaded: 0)
Unloading 6663 unused Assets / (5.8 MB). Loaded Objects now: 7515.
Memory consumption went from 168.0 MB to 162.2 MB.
Total: 10.755400 ms (FindLiveObjects: 0.724200 ms CreateObjectMapping: 0.430900 ms MarkObjects: 7.081900 ms  DeleteObjects: 2.517200 ms)

Prepare: number of updated asset objects reloaded= 0
========================================================================
Received Import Request.
  Time since last request: 180.636364 seconds.
  path: Assets/Topher Assets/Assignment 3 provided materials/Third Person Controller/ThirdPersonCamera.cs
  importAddress: Guid(a02e6a8bff21b2d4da0e96a02eb96ba7) Importer(2089858483,b0f066a214c2f5e87bad3c948f4d605d)
Start importing Assets/Topher Assets/Assignment 3 provided materials/Third Person Controller/ThirdPersonCamera.cs using Guid(a02e6a8bff21b2d4da0e96a02eb96ba7) Importer(2089858483,b0f066a214c2f5e87bad3c948f4d605d) (ScriptedImporter) -> (Import Result ID: '7d773eadd83f78db55e5295fd6c31453') in 0.0124444 seconds [static and dynamic dependencies]. Details - ImportResultOutputID=686862ba27b6afc64291a537496659f4 DependenciesID=6b44cf406d243a54ba41c1b8c73724fc StaticDependenciesID=8a316f03371398317013bfe97071d740 
Number of updated asset objects reloaded before import = 0Number of asset objects unloaded after import = 0

========================================================================
Received Import Request.
  Time since last request: 0.000021 seconds.
  path: Assets/Topher Assets/Scripts/GameManager.cs
  importAddress: Guid(46bd0a0975b63e742a5e048315b0e572) Importer(2089858483,b0f066a214c2f5e87bad3c948f4d605d)
Start importing Assets/Topher Assets/Scripts/GameManager.cs using Guid(46bd0a0975b63e742a5e048315b0e572) Importer(2089858483,b0f066a214c2f5e87bad3c948f4d605d) (ScriptedImporter) -> (Import Result ID: 'de320b20420e6975a458300380cf6332') in 0.0115232 seconds [static and dynamic dependencies]. Details - ImportResultOutputID=ba187f24b19cf0bca05d5d5a6ea6ca5f DependenciesID=87a977a8aec87ef988c65558ff927977 StaticDependenciesID=c17a5ad1d95da44aced5aa58ac2d69d0 
Number of updated asset objects reloaded before import = 0Number of asset objects unloaded after import = 0

========================================================================
Received Prepare
Unloading 25 Unused Serialized files (Serialized files now loaded: 0)
Unloading 6663 unused Assets / (5.4 MB). Loaded Objects now: 7515.
Memory consumption went from 164.4 MB to 159.0 MB.
Total: 12.154500 ms (FindLiveObjects: 0.797100 ms CreateObjectMapping: 0.456300 ms MarkObjects: 8.109200 ms  DeleteObjects: 2.790200 ms)

Prepare: number of updated asset objects reloaded= 0
========================================================================
Received Import Request.
  Time since last request: 76.791589 seconds.
  path: Assets/Topher Assets/Scripts/Pickup.cs
  importAddress: Guid(abf8ac7ea1f5dac46a64b3d2dec1a9ef) Importer(2089858483,b0f066a214c2f5e87bad3c948f4d605d)
Start importing Assets/Topher Assets/Scripts/Pickup.cs using Guid(abf8ac7ea1f5dac46a64b3d2dec1a9ef) Importer(2089858483,b0f066a214c2f5e87bad3c948f4d605d) (ScriptedImporter) -> (Import Result ID: 'cffc648fd59fa0524ce3b7af894d8726') in 0.0134223 seconds [static and dynamic dependencies]. Details - ImportResultOutputID=4c6330dd8e41cd50ebe47437e66b8d42 DependenciesID=3409b42e539469da5d6c253b7e4a3e8b StaticDependenciesID=061ce03a729b2ffbe414a5a82d4cde3b 
Number of updated asset objects reloaded before import = 0Number of asset objects unloaded after import = 0

========================================================================
Received Import Request.
  Time since last request: 0.000024 seconds.
  path: Assets/Topher Assets/Scripts/Cursor.cs
  importAddress: Guid(69c97ac9a4cbdc94c8b6fecc3f9b1bed) Importer(2089858483,b0f066a214c2f5e87bad3c948f4d605d)
Start importing Assets/Topher Assets/Scripts/Cursor.cs using Guid(69c97ac9a4cbdc94c8b6fecc3f9b1bed) Importer(2089858483,b0f066a214c2f5e87bad3c948f4d605d) (ScriptedImporter) -> (Import Result ID: '311cdd28f8d35203cba2a6d33847d859') in 0.0110698 seconds [static and dynamic dependencies]. Details - ImportResultOutputID=d7eb173b21b4061f264a79f4a9a00633 DependenciesID=edc4c09eaf780dd2183c7d85c494b817 StaticDependenciesID=827da44a15d07e06c50e65e95c9e3b82 
Number of updated asset objects reloaded before import = 0Number of asset objects unloaded after import = 0

========================================================================
Received Prepare
Unloading 25 Unused Serialized files (Serialized files now loaded: 0)
Unloading 6663 unused Assets / (5.8 MB). Loaded Objects now: 7515.
Memory consumption went from 164.4 MB to 158.6 MB.
Total: 10.847000 ms (FindLiveObjects: 0.687100 ms CreateObjectMapping: 0.388900 ms MarkObjects: 6.740200 ms  DeleteObjects: 3.029500 ms)

Prepare: number of updated asset objects reloaded= 0
========================================================================
Received Prepare
Unloading 25 Unused Serialized files (Serialized files now loaded: 0)
Unloading 6663 unused Assets / (5.8 MB). Loaded Objects now: 7515.
Memory consumption went from 168.0 MB to 162.2 MB.
Total: 13.577100 ms (FindLiveObjects: 1.137900 ms CreateObjectMapping: 1.287500 ms MarkObjects: 7.420500 ms  DeleteObjects: 3.729800 ms)

Prepare: number of updated asset objects reloaded= 0
========================================================================
Received Prepare
Begin MonoManager ReloadAssembly
[Licensing::Client] Successfully resolved entitlement details
Assembly Assembly-CSharp-Editor-firstpass.dll at Library/ScriptAssemblies/Assembly-CSharp-Editor-firstpass.dll not valid. Loading of assembly skipped.
Assembly Assembly-CSharp-Editor.dll at Library/ScriptAssemblies/Assembly-CSharp-Editor.dll not valid. Loading of assembly skipped.
Assembly Assembly-CSharp-firstpass.dll at Library/ScriptAssemblies/Assembly-CSharp-firstpass.dll not valid. Loading of assembly skipped.
Assembly DocCodeExamples.dll at Library/ScriptAssemblies/DocCodeExamples.dll not valid. Loading of assembly skipped.
Assembly TestNewCustomAssembly.dll at Library/ScriptAssemblies/TestNewCustomAssembly.dll not valid. Loading of assembly skipped.
Assembly Unity.Collections.BurstCompatibilityGen.dll at Library/ScriptAssemblies/Unity.Collections.BurstCompatibilityGen.dll not valid. Loading of assembly skipped.
Assembly Unity.Collections.DocCodeSamples.dll at Library/ScriptAssemblies/Unity.Collections.DocCodeSamples.dll not valid. Loading of assembly skipped.
Assembly Unity.Collections.PerformanceTests.dll at Library/ScriptAssemblies/Unity.Collections.PerformanceTests.dll not valid. Loading of assembly skipped.
Assembly Unity.Collections.Tests.dll at Library/ScriptAssemblies/Unity.Collections.Tests.dll not valid. Loading of assembly skipped.
Assembly Unity.Collections.Tests.Playmode.dll at Library/ScriptAssemblies/Unity.Collections.Tests.Playmode.dll not valid. Loading of assembly skipped.
Assembly Unity.InputSystem.IntegrationTests.dll at Library/ScriptAssemblies/Unity.InputSystem.IntegrationTests.dll not valid. Loading of assembly skipped.
Assembly Unity.Mathematics.Tests.dll at Library/ScriptAssemblies/Unity.Mathematics.Tests.dll not valid. Loading of assembly skipped.
Assembly Unity.Multiplayer.Center.Editor.Tests.dll at Library/ScriptAssemblies/Unity.Multiplayer.Center.Editor.Tests.dll not valid. Loading of assembly skipped.
Assembly Unity.Multiplayer.Center.Tests.dll at Library/ScriptAssemblies/Unity.Multiplayer.Center.Tests.dll not valid. Loading of assembly skipped.
Assembly Unity.Nuget.Mono-Cecil.dll at Library/ScriptAssemblies/Unity.Nuget.Mono-Cecil.dll not valid. Loading of assembly skipped.
Assembly Unity.PathTracing.Editor.Tests.dll at Library/ScriptAssemblies/Unity.PathTracing.Editor.Tests.dll not valid. Loading of assembly skipped.
Assembly Unity.PathTracing.Runtime.Tests.dll at Library/ScriptAssemblies/Unity.PathTracing.Runtime.Tests.dll not valid. Loading of assembly skipped.
Assembly Unity.RenderPipelines.Core.Editor.Tests.dll at Library/ScriptAssemblies/Unity.RenderPipelines.Core.Editor.Tests.dll not valid. Loading of assembly skipped.
Assembly Unity.RenderPipelines.Core.Runtime.Tests.dll at Library/ScriptAssemblies/Unity.RenderPipelines.Core.Runtime.Tests.dll not valid. Loading of assembly skipped.
Assembly Unity.RenderPipelines.Universal.Config.Editor.Tests.dll at Library/ScriptAssemblies/Unity.RenderPipelines.Universal.Config.Editor.Tests.dll not valid. Loading of assembly skipped.
Assembly Unity.RenderPipelines.Universal.Editor.Tests.dll at Library/ScriptAssemblies/Unity.RenderPipelines.Universal.Editor.Tests.dll not valid. Loading of assembly skipped.
Assembly Unity.RenderPipelines.Universal.Runtime.Tests.dll at Library/ScriptAssemblies/Unity.RenderPipelines.Universal.Runtime.Tests.dll not valid. Loading of assembly skipped.
Assembly Unity.Searcher.EditorTests.dll at Library/ScriptAssemblies/Unity.Searcher.EditorTests.dll not valid. Loading of assembly skipped.
Assembly Unity.Settings.Tests.dll at Library/ScriptAssemblies/Unity.Settings.Tests.dll not valid. Loading of assembly skipped.
Assembly Unity.ShaderGraph.Editor.Tests.dll at Library/ScriptAssemblies/Unity.ShaderGraph.Editor.Tests.dll not valid. Loading of assembly skipped.
Assembly Unity.TextMeshPro.Editor.Tests.dll at Library/ScriptAssemblies/Unity.TextMeshPro.Editor.Tests.dll not valid. Loading of assembly skipped.
Assembly Unity.TextMeshPro.Tests.dll at Library/ScriptAssemblies/Unity.TextMeshPro.Tests.dll not valid. Loading of assembly skipped.
Assembly Unity.UnifiedRayTracing.Editor.Tests.dll at Library/ScriptAssemblies/Unity.UnifiedRayTracing.Editor.Tests.dll not valid. Loading of assembly skipped.
Assembly UnityEditor.UI.Common.Tests.dll at Library/ScriptAssemblies/UnityEditor.UI.Common.Tests.dll not valid. Loading of assembly skipped.
Assembly UnityEditor.UI.EditorTests.dll at Library/ScriptAssemblies/UnityEditor.UI.EditorTests.dll not valid. Loading of assembly skipped.
Assembly UnityEngine.UI.Tests.dll at Library/ScriptAssemblies/UnityEngine.UI.Tests.dll not valid. Loading of assembly skipped.
Native extension for LinuxStandalone target not found
Native extension for UWP target not found
Native extension for WindowsStandalone target not found
Native extension for OSXStandalone target not found
Native extension for WebGL target not found
[Package Manager] Failed to launch server process. Reason: Unity was launched with the -noUpm command-line argument
[Package Manager] Unable to send message (not connected to server process).
[Package Manager] Cannot connect to Unity Package Manager local server
[Package Manager] Failed to launch server process. Reason: Unity was launched with the -noUpm command-line argument
[Package Manager] Unable to send message (not connected to server process).
[Package Manager] Cannot connect to Unity Package Manager local server
[MODES] ModeService[none].Initialize
[MODES] ModeService[none].LoadModes
ScheduleIndexationOnStartup MainProcess:False IndexOnStartup:True
Mono: successfully reloaded assembly
- Finished resetting the current domain, in  0.900 seconds
Domain Reload Profiling: 1782ms
	BeginReloadAssembly (241ms)
		DisableScriptedObjects (7ms)
		CreateAndSetChildDomain (56ms)
	RebuildCommonClasses (42ms)
	RebuildNativeTypeToScriptingClass (15ms)
	initialDomainReloadingComplete (70ms)
	LoadAllAssembliesAndSetupDomain (514ms)
		LoadAssemblies (378ms)
		AnalyzeDomain (241ms)
			TypeCache.Refresh (10ms)
			BuildScriptInfoCaches (214ms)
			ResolveRequiredComponents (14ms)
	FinalizeReload (900ms)
		SetupLoadedEditorAssemblies (0ms)
			InitializePlatformSupportModulesInManaged (5ms)
			BeforeProcessingInitializeOnLoad (178ms)
			ProcessInitializeOnLoadAttributes (355ms)
			ProcessInitializeOnLoadMethodAttributes (132ms)
			AfterProcessingInitializeOnLoad (9ms)
		AwakeInstancesAfterBackupRestoration (18ms)
Unloading 25 Unused Serialized files (Serialized files now loaded: 0)
Unloading 6669 unused Assets / (5.7 MB). Loaded Objects now: 7531.
Memory consumption went from 178.1 MB to 172.4 MB.
Total: 9.524700 ms (FindLiveObjects: 0.707600 ms CreateObjectMapping: 0.436500 ms MarkObjects: 5.906800 ms  DeleteObjects: 2.472600 ms)

Prepare: number of updated asset objects reloaded= 0
========================================================================
Received Prepare
Begin MonoManager ReloadAssembly
Assembly Assembly-CSharp-Editor-firstpass.dll at Library/ScriptAssemblies/Assembly-CSharp-Editor-firstpass.dll not valid. Loading of assembly skipped.
Assembly Assembly-CSharp-Editor.dll at Library/ScriptAssemblies/Assembly-CSharp-Editor.dll not valid. Loading of assembly skipped.
Assembly Assembly-CSharp-firstpass.dll at Library/ScriptAssemblies/Assembly-CSharp-firstpass.dll not valid. Loading of assembly skipped.
Assembly DocCodeExamples.dll at Library/ScriptAssemblies/DocCodeExamples.dll not valid. Loading of assembly skipped.
Assembly TestNewCustomAssembly.dll at Library/ScriptAssemblies/TestNewCustomAssembly.dll not valid. Loading of assembly skipped.
Assembly Unity.Collections.BurstCompatibilityGen.dll at Library/ScriptAssemblies/Unity.Collections.BurstCompatibilityGen.dll not valid. Loading of assembly skipped.
Assembly Unity.Collections.DocCodeSamples.dll at Library/ScriptAssemblies/Unity.Collections.DocCodeSamples.dll not valid. Loading of assembly skipped.
Assembly Unity.Collections.PerformanceTests.dll at Library/ScriptAssemblies/Unity.Collections.PerformanceTests.dll not valid. Loading of assembly skipped.
Assembly Unity.Collections.Tests.dll at Library/ScriptAssemblies/Unity.Collections.Tests.dll not valid. Loading of assembly skipped.
Assembly Unity.Collections.Tests.Playmode.dll at Library/ScriptAssemblies/Unity.Collections.Tests.Playmode.dll not valid. Loading of assembly skipped.
Assembly Unity.InputSystem.IntegrationTests.dll at Library/ScriptAssemblies/Unity.InputSystem.IntegrationTests.dll not valid. Loading of assembly skipped.
Assembly Unity.Mathematics.Tests.dll at Library/ScriptAssemblies/Unity.Mathematics.Tests.dll not valid. Loading of assembly skipped.
Assembly Unity.Multiplayer.Center.Editor.Tests.dll at Library/ScriptAssemblies/Unity.Multiplayer.Center.Editor.Tests.dll not valid. Loading of assembly skipped.
Assembly Unity.Multiplayer.Center.Tests.dll at Library/ScriptAssemblies/Unity.Multiplayer.Center.Tests.dll not valid. Loading of assembly skipped.
Assembly Unity.Nuget.Mono-Cecil.dll at Library/ScriptAssemblies/Unity.Nuget.Mono-Cecil.dll not valid. Loading of assembly skipped.
Assembly Unity.PathTracing.Editor.Tests.dll at Library/ScriptAssemblies/Unity.PathTracing.Editor.Tests.dll not valid. Loading of assembly skipped.
Assembly Unity.PathTracing.Runtime.Tests.dll at Library/ScriptAssemblies/Unity.PathTracing.Runtime.Tests.dll not valid. Loading of assembly skipped.
Assembly Unity.RenderPipelines.Core.Editor.Tests.dll at Library/ScriptAssemblies/Unity.RenderPipelines.Core.Editor.Tests.dll not valid. Loading of assembly skipped.
Assembly Unity.RenderPipelines.Core.Runtime.Tests.dll at Library/ScriptAssemblies/Unity.RenderPipelines.Core.Runtime.Tests.dll not valid. Loading of assembly skipped.
Assembly Unity.RenderPipelines.Universal.Config.Editor.Tests.dll at Library/ScriptAssemblies/Unity.RenderPipelines.Universal.Config.Editor.Tests.dll not valid. Loading of assembly skipped.
Assembly Unity.RenderPipelines.Universal.Editor.Tests.dll at Library/ScriptAssemblies/Unity.RenderPipelines.Universal.Editor.Tests.dll not valid. Loading of assembly skipped.
Assembly Unity.RenderPipelines.Universal.Runtime.Tests.dll at Library/ScriptAssemblies/Unity.RenderPipelines.Universal.Runtime.Tests.dll not valid. Loading of assembly skipped.
Assembly Unity.Searcher.EditorTests.dll at Library/ScriptAssemblies/Unity.Searcher.EditorTests.dll not valid. Loading of assembly skipped.
Assembly Unity.Settings.Tests.dll at Library/ScriptAssemblies/Unity.Settings.Tests.dll not valid. Loading of assembly skipped.
Assembly Unity.ShaderGraph.Editor.Tests.dll at Library/ScriptAssemblies/Unity.ShaderGraph.Editor.Tests.dll not valid. Loading of assembly skipped.
Assembly Unity.TextMeshPro.Editor.Tests.dll at Library/ScriptAssemblies/Unity.TextMeshPro.Editor.Tests.dll not valid. Loading of assembly skipped.
Assembly Unity.TextMeshPro.Tests.dll at Library/ScriptAssemblies/Unity.TextMeshPro.Tests.dll not valid. Loading of assembly skipped.
Assembly Unity.UnifiedRayTracing.Editor.Tests.dll at Library/ScriptAssemblies/Unity.UnifiedRayTracing.Editor.Tests.dll not valid. Loading of assembly skipped.
Assembly UnityEditor.UI.Common.Tests.dll at Library/ScriptAssemblies/UnityEditor.UI.Common.Tests.dll not valid. Loading of assembly skipped.
Assembly UnityEditor.UI.EditorTests.dll at Library/ScriptAssemblies/UnityEditor.UI.EditorTests.dll not valid. Loading of assembly skipped.
Assembly UnityEngine.UI.Tests.dll at Library/ScriptAssemblies/UnityEngine.UI.Tests.dll not valid. Loading of assembly skipped.
Native extension for LinuxStandalone target not found
Native extension for UWP target not found
Native extension for WindowsStandalone target not found
Native extension for OSXStandalone target not found
Native extension for WebGL target not found
[Package Manager] Failed to launch server process. Reason: Unity was launched with the -noUpm command-line argument
[Package Manager] Unable to send message (not connected to server process).
[Package Manager] Cannot connect to Unity Package Manager local server
[Package Manager] Failed to launch server process. Reason: Unity was launched with the -noUpm command-line argument
[Package Manager] Unable to send message (not connected to server process).
[Package Manager] Cannot connect to Unity Package Manager local server
[MODES] ModeService[none].Initialize
[MODES] ModeService[none].LoadModes
ScheduleIndexationOnStartup MainProcess:False IndexOnStartup:True
Mono: successfully reloaded assembly
- Finished resetting the current domain, in  0.865 seconds
Domain Reload Profiling: 1704ms
	BeginReloadAssembly (226ms)
		DisableScriptedObjects (6ms)
		CreateAndSetChildDomain (47ms)
	RebuildCommonClasses (41ms)
	RebuildNativeTypeToScriptingClass (14ms)
	initialDomainReloadingComplete (63ms)
	LoadAllAssembliesAndSetupDomain (495ms)
		LoadAssemblies (367ms)
		AnalyzeDomain (232ms)
			TypeCache.Refresh (7ms)
			BuildScriptInfoCaches (210ms)
			ResolveRequiredComponents (13ms)
	FinalizeReload (865ms)
		SetupLoadedEditorAssemblies (0ms)
			InitializePlatformSupportModulesInManaged (5ms)
			BeforeProcessingInitializeOnLoad (169ms)
			ProcessInitializeOnLoadAttributes (341ms)
			ProcessInitializeOnLoadMethodAttributes (133ms)
			AfterProcessingInitializeOnLoad (8ms)
		AwakeInstancesAfterBackupRestoration (20ms)
Unloading 25 Unused Serialized files (Serialized files now loaded: 0)
Unloading 6669 unused Assets / (5.2 MB). Loaded Objects now: 7534.
Memory consumption went from 181.7 MB to 176.5 MB.
Total: 9.511700 ms (FindLiveObjects: 0.683600 ms CreateObjectMapping: 0.418400 ms MarkObjects: 5.835900 ms  DeleteObjects: 2.572700 ms)

Prepare: number of updated asset objects reloaded= 0
========================================================================
Received Prepare
Begin MonoManager ReloadAssembly
[Licensing::Client] Successfully resolved entitlement details
Assembly Assembly-CSharp-Editor-firstpass.dll at Library/ScriptAssemblies/Assembly-CSharp-Editor-firstpass.dll not valid. Loading of assembly skipped.
Assembly Assembly-CSharp-Editor.dll at Library/ScriptAssemblies/Assembly-CSharp-Editor.dll not valid. Loading of assembly skipped.
Assembly Assembly-CSharp-firstpass.dll at Library/ScriptAssemblies/Assembly-CSharp-firstpass.dll not valid. Loading of assembly skipped.
Assembly DocCodeExamples.dll at Library/ScriptAssemblies/DocCodeExamples.dll not valid. Loading of assembly skipped.
Assembly TestNewCustomAssembly.dll at Library/ScriptAssemblies/TestNewCustomAssembly.dll not valid. Loading of assembly skipped.
Assembly Unity.Collections.BurstCompatibilityGen.dll at Library/ScriptAssemblies/Unity.Collections.BurstCompatibilityGen.dll not valid. Loading of assembly skipped.
Assembly Unity.Collections.DocCodeSamples.dll at Library/ScriptAssemblies/Unity.Collections.DocCodeSamples.dll not valid. Loading of assembly skipped.
Assembly Unity.Collections.PerformanceTests.dll at Library/ScriptAssemblies/Unity.Collections.PerformanceTests.dll not valid. Loading of assembly skipped.
Assembly Unity.Collections.Tests.dll at Library/ScriptAssemblies/Unity.Collections.Tests.dll not valid. Loading of assembly skipped.
Assembly Unity.Collections.Tests.Playmode.dll at Library/ScriptAssemblies/Unity.Collections.Tests.Playmode.dll not valid. Loading of assembly skipped.
Assembly Unity.InputSystem.IntegrationTests.dll at Library/ScriptAssemblies/Unity.InputSystem.IntegrationTests.dll not valid. Loading of assembly skipped.
Assembly Unity.Mathematics.Tests.dll at Library/ScriptAssemblies/Unity.Mathematics.Tests.dll not valid. Loading of assembly skipped.
Assembly Unity.Multiplayer.Center.Editor.Tests.dll at Library/ScriptAssemblies/Unity.Multiplayer.Center.Editor.Tests.dll not valid. Loading of assembly skipped.
Assembly Unity.Multiplayer.Center.Tests.dll at Library/ScriptAssemblies/Unity.Multiplayer.Center.Tests.dll not valid. Loading of assembly skipped.
Assembly Unity.Nuget.Mono-Cecil.dll at Library/ScriptAssemblies/Unity.Nuget.Mono-Cecil.dll not valid. Loading of assembly skipped.
Assembly Unity.PathTracing.Editor.Tests.dll at Library/ScriptAssemblies/Unity.PathTracing.Editor.Tests.dll not valid. Loading of assembly skipped.
Assembly Unity.PathTracing.Runtime.Tests.dll at Library/ScriptAssemblies/Unity.PathTracing.Runtime.Tests.dll not valid. Loading of assembly skipped.
Assembly Unity.RenderPipelines.Core.Editor.Tests.dll at Library/ScriptAssemblies/Unity.RenderPipelines.Core.Editor.Tests.dll not valid. Loading of assembly skipped.
Assembly Unity.RenderPipelines.Core.Runtime.Tests.dll at Library/ScriptAssemblies/Unity.RenderPipelines.Core.Runtime.Tests.dll not valid. Loading of assembly skipped.
Assembly Unity.RenderPipelines.Universal.Config.Editor.Tests.dll at Library/ScriptAssemblies/Unity.RenderPipelines.Universal.Config.Editor.Tests.dll not valid. Loading of assembly skipped.
Assembly Unity.RenderPipelines.Universal.Editor.Tests.dll at Library/ScriptAssemblies/Unity.RenderPipelines.Universal.Editor.Tests.dll not valid. Loading of assembly skipped.
Assembly Unity.RenderPipelines.Universal.Runtime.Tests.dll at Library/ScriptAssemblies/Unity.RenderPipelines.Universal.Runtime.Tests.dll not valid. Loading of assembly skipped.
Assembly Unity.Searcher.EditorTests.dll at Library/ScriptAssemblies/Unity.Searcher.EditorTests.dll not valid. Loading of assembly skipped.
Assembly Unity.Settings.Tests.dll at Library/ScriptAssemblies/Unity.Settings.Tests.dll not valid. Loading of assembly skipped.
Assembly Unity.ShaderGraph.Editor.Tests.dll at Library/ScriptAssemblies/Unity.ShaderGraph.Editor.Tests.dll not valid. Loading of assembly skipped.
Assembly Unity.TextMeshPro.Editor.Tests.dll at Library/ScriptAssemblies/Unity.TextMeshPro.Editor.Tests.dll not valid. Loading of assembly skipped.
Assembly Unity.TextMeshPro.Tests.dll at Library/ScriptAssemblies/Unity.TextMeshPro.Tests.dll not valid. Loading of assembly skipped.
Assembly Unity.UnifiedRayTracing.Editor.Tests.dll at Library/ScriptAssemblies/Unity.UnifiedRayTracing.Editor.Tests.dll not valid. Loading of assembly skipped.
Assembly UnityEditor.UI.Common.Tests.dll at Library/ScriptAssemblies/UnityEditor.UI.Common.Tests.dll not valid. Loading of assembly skipped.
Assembly UnityEditor.UI.EditorTests.dll at Library/ScriptAssemblies/UnityEditor.UI.EditorTests.dll not valid. Loading of assembly skipped.
Assembly UnityEngine.UI.Tests.dll at Library/ScriptAssemblies/UnityEngine.UI.Tests.dll not valid. Loading of assembly skipped.
Native extension for LinuxStandalone target not found
Native extension for UWP target not found
Native extension for WindowsStandalone target not found
Native extension for OSXStandalone target not found
Native extension for WebGL target not found
[Package Manager] Failed to launch server process. Reason: Unity was launched with the -noUpm command-line argument
[Package Manager] Unable to send message (not connected to server process).
[Package Manager] Cannot connect to Unity Package Manager local server
[Package Manager] Failed to launch server process. Reason: Unity was launched with the -noUpm command-line argument
[Package Manager] Unable to send message (not connected to server process).
[Package Manager] Cannot connect to Unity Package Manager local server
[MODES] ModeService[none].Initialize
[MODES] ModeService[none].LoadModes
ScheduleIndexationOnStartup MainProcess:False IndexOnStartup:True
Mono: successfully reloaded assembly
- Finished resetting the current domain, in  0.882 seconds
Domain Reload Profiling: 1749ms
	BeginReloadAssembly (238ms)
		DisableScriptedObjects (7ms)
		CreateAndSetChildDomain (53ms)
	RebuildCommonClasses (43ms)
	RebuildNativeTypeToScriptingClass (15ms)
	initialDomainReloadingComplete (68ms)
	LoadAllAssembliesAndSetupDomain (502ms)
		LoadAssemblies (375ms)
		AnalyzeDomain (233ms)
			TypeCache.Refresh (11ms)
			BuildScriptInfoCaches (206ms)
			ResolveRequiredComponents (14ms)
	FinalizeReload (883ms)
		SetupLoadedEditorAssemblies (0ms)
			InitializePlatformSupportModulesInManaged (5ms)
			BeforeProcessingInitializeOnLoad (168ms)
			ProcessInitializeOnLoadAttributes (357ms)
			ProcessInitializeOnLoadMethodAttributes (130ms)
			AfterProcessingInitializeOnLoad (7ms)
		AwakeInstancesAfterBackupRestoration (20ms)
Unloading 25 Unused Serialized files (Serialized files now loaded: 0)
Unloading 6669 unused Assets / (5.6 MB). Loaded Objects now: 7537.
Memory consumption went from 185.3 MB to 179.7 MB.
Total: 9.271300 ms (FindLiveObjects: 0.732900 ms CreateObjectMapping: 0.417600 ms MarkObjects: 5.794300 ms  DeleteObjects: 2.325500 ms)

Prepare: number of updated asset objects reloaded= 0
========================================================================
Received Prepare
Begin MonoManager ReloadAssembly
Assembly Assembly-CSharp-Editor-firstpass.dll at Library/ScriptAssemblies/Assembly-CSharp-Editor-firstpass.dll not valid. Loading of assembly skipped.
Assembly Assembly-CSharp-Editor.dll at Library/ScriptAssemblies/Assembly-CSharp-Editor.dll not valid. Loading of assembly skipped.
Assembly Assembly-CSharp-firstpass.dll at Library/ScriptAssemblies/Assembly-CSharp-firstpass.dll not valid. Loading of assembly skipped.
Assembly DocCodeExamples.dll at Library/ScriptAssemblies/DocCodeExamples.dll not valid. Loading of assembly skipped.
Assembly TestNewCustomAssembly.dll at Library/ScriptAssemblies/TestNewCustomAssembly.dll not valid. Loading of assembly skipped.
Assembly Unity.Collections.BurstCompatibilityGen.dll at Library/ScriptAssemblies/Unity.Collections.BurstCompatibilityGen.dll not valid. Loading of assembly skipped.
Assembly Unity.Collections.DocCodeSamples.dll at Library/ScriptAssemblies/Unity.Collections.DocCodeSamples.dll not valid. Loading of assembly skipped.
Assembly Unity.Collections.PerformanceTests.dll at Library/ScriptAssemblies/Unity.Collections.PerformanceTests.dll not valid. Loading of assembly skipped.
Assembly Unity.Collections.Tests.dll at Library/ScriptAssemblies/Unity.Collections.Tests.dll not valid. Loading of assembly skipped.
Assembly Unity.Collections.Tests.Playmode.dll at Library/ScriptAssemblies/Unity.Collections.Tests.Playmode.dll not valid. Loading of assembly skipped.
Assembly Unity.InputSystem.IntegrationTests.dll at Library/ScriptAssemblies/Unity.InputSystem.IntegrationTests.dll not valid. Loading of assembly skipped.
Assembly Unity.Mathematics.Tests.dll at Library/ScriptAssemblies/Unity.Mathematics.Tests.dll not valid. Loading of assembly skipped.
Assembly Unity.Multiplayer.Center.Editor.Tests.dll at Library/ScriptAssemblies/Unity.Multiplayer.Center.Editor.Tests.dll not valid. Loading of assembly skipped.
Assembly Unity.Multiplayer.Center.Tests.dll at Library/ScriptAssemblies/Unity.Multiplayer.Center.Tests.dll not valid. Loading of assembly skipped.
Assembly Unity.Nuget.Mono-Cecil.dll at Library/ScriptAssemblies/Unity.Nuget.Mono-Cecil.dll not valid. Loading of assembly skipped.
Assembly Unity.PathTracing.Editor.Tests.dll at Library/ScriptAssemblies/Unity.PathTracing.Editor.Tests.dll not valid. Loading of assembly skipped.
Assembly Unity.PathTracing.Runtime.Tests.dll at Library/ScriptAssemblies/Unity.PathTracing.Runtime.Tests.dll not valid. Loading of assembly skipped.
Assembly Unity.RenderPipelines.Core.Editor.Tests.dll at Library/ScriptAssemblies/Unity.RenderPipelines.Core.Editor.Tests.dll not valid. Loading of assembly skipped.
Assembly Unity.RenderPipelines.Core.Runtime.Tests.dll at Library/ScriptAssemblies/Unity.RenderPipelines.Core.Runtime.Tests.dll not valid. Loading of assembly skipped.
Assembly Unity.RenderPipelines.Universal.Config.Editor.Tests.dll at Library/ScriptAssemblies/Unity.RenderPipelines.Universal.Config.Editor.Tests.dll not valid. Loading of assembly skipped.
Assembly Unity.RenderPipelines.Universal.Editor.Tests.dll at Library/ScriptAssemblies/Unity.RenderPipelines.Universal.Editor.Tests.dll not valid. Loading of assembly skipped.
Assembly Unity.RenderPipelines.Universal.Runtime.Tests.dll at Library/ScriptAssemblies/Unity.RenderPipelines.Universal.Runtime.Tests.dll not valid. Loading of assembly skipped.
Assembly Unity.Searcher.EditorTests.dll at Library/ScriptAssemblies/Unity.Searcher.EditorTests.dll not valid. Loading of assembly skipped.
Assembly Unity.Settings.Tests.dll at Library/ScriptAssemblies/Unity.Settings.Tests.dll not valid. Loading of assembly skipped.
Assembly Unity.ShaderGraph.Editor.Tests.dll at Library/ScriptAssemblies/Unity.ShaderGraph.Editor.Tests.dll not valid. Loading of assembly skipped.
Assembly Unity.TextMeshPro.Editor.Tests.dll at Library/ScriptAssemblies/Unity.TextMeshPro.Editor.Tests.dll not valid. Loading of assembly skipped.
Assembly Unity.TextMeshPro.Tests.dll at Library/ScriptAssemblies/Unity.TextMeshPro.Tests.dll not valid. Loading of assembly skipped.
Assembly Unity.UnifiedRayTracing.Editor.Tests.dll at Library/ScriptAssemblies/Unity.UnifiedRayTracing.Editor.Tests.dll not valid. Loading of assembly skipped.
Assembly UnityEditor.UI.Common.Tests.dll at Library/ScriptAssemblies/UnityEditor.UI.Common.Tests.dll not valid. Loading of assembly skipped.
Assembly UnityEditor.UI.EditorTests.dll at Library/ScriptAssemblies/UnityEditor.UI.EditorTests.dll not valid. Loading of assembly skipped.
Assembly UnityEngine.UI.Tests.dll at Library/ScriptAssemblies/UnityEngine.UI.Tests.dll not valid. Loading of assembly skipped.
Native extension for LinuxStandalone target not found
Native extension for UWP target not found
Native extension for WindowsStandalone target not found
Native extension for OSXStandalone target not found
Native extension for WebGL target not found
[Package Manager] Failed to launch server process. Reason: Unity was launched with the -noUpm command-line argument
[Package Manager] Unable to send message (not connected to server process).
[Package Manager] Cannot connect to Unity Package Manager local server
[Package Manager] Failed to launch server process. Reason: Unity was launched with the -noUpm command-line argument
[Package Manager] Unable to send message (not connected to server process).
[Package Manager] Cannot connect to Unity Package Manager local server
[MODES] ModeService[none].Initialize
[MODES] ModeService[none].LoadModes
ScheduleIndexationOnStartup MainProcess:False IndexOnStartup:True
Mono: successfully reloaded assembly
- Finished resetting the current domain, in  0.860 seconds
Domain Reload Profiling: 1684ms
	BeginReloadAssembly (216ms)
		DisableScriptedObjects (6ms)
		CreateAndSetChildDomain (47ms)
	RebuildCommonClasses (42ms)
	RebuildNativeTypeToScriptingClass (15ms)
	initialDomainReloadingComplete (65ms)
	LoadAllAssembliesAndSetupDomain (485ms)
		LoadAssemblies (356ms)
		AnalyzeDomain (225ms)
			TypeCache.Refresh (7ms)
			BuildScriptInfoCaches (204ms)
			ResolveRequiredComponents (13ms)
	FinalizeReload (861ms)
		SetupLoadedEditorAssemblies (0ms)
			InitializePlatformSupportModulesInManaged (4ms)
			BeforeProcessingInitializeOnLoad (172ms)
			ProcessInitializeOnLoadAttributes (342ms)
			ProcessInitializeOnLoadMethodAttributes (125ms)
			AfterProcessingInitializeOnLoad (8ms)
		AwakeInstancesAfterBackupRestoration (19ms)
Unloading 25 Unused Serialized files (Serialized files now loaded: 0)
Unloading 6669 unused Assets / (5.5 MB). Loaded Objects now: 7540.
Memory consumption went from 188.9 MB to 183.4 MB.
Total: 9.322200 ms (FindLiveObjects: 0.708800 ms CreateObjectMapping: 0.420000 ms MarkObjects: 5.813900 ms  DeleteObjects: 2.378400 ms)

Prepare: number of updated asset objects reloaded= 0
========================================================================
Received Prepare
Begin MonoManager ReloadAssembly
[Licensing::Client] Successfully resolved entitlement details
Assembly Assembly-CSharp-Editor-firstpass.dll at Library/ScriptAssemblies/Assembly-CSharp-Editor-firstpass.dll not valid. Loading of assembly skipped.
Assembly Assembly-CSharp-Editor.dll at Library/ScriptAssemblies/Assembly-CSharp-Editor.dll not valid. Loading of assembly skipped.
Assembly Assembly-CSharp-firstpass.dll at Library/ScriptAssemblies/Assembly-CSharp-firstpass.dll not valid. Loading of assembly skipped.
Assembly DocCodeExamples.dll at Library/ScriptAssemblies/DocCodeExamples.dll not valid. Loading of assembly skipped.
Assembly TestNewCustomAssembly.dll at Library/ScriptAssemblies/TestNewCustomAssembly.dll not valid. Loading of assembly skipped.
Assembly Unity.Collections.BurstCompatibilityGen.dll at Library/ScriptAssemblies/Unity.Collections.BurstCompatibilityGen.dll not valid. Loading of assembly skipped.
Assembly Unity.Collections.DocCodeSamples.dll at Library/ScriptAssemblies/Unity.Collections.DocCodeSamples.dll not valid. Loading of assembly skipped.
Assembly Unity.Collections.PerformanceTests.dll at Library/ScriptAssemblies/Unity.Collections.PerformanceTests.dll not valid. Loading of assembly skipped.
Assembly Unity.Collections.Tests.dll at Library/ScriptAssemblies/Unity.Collections.Tests.dll not valid. Loading of assembly skipped.
Assembly Unity.Collections.Tests.Playmode.dll at Library/ScriptAssemblies/Unity.Collections.Tests.Playmode.dll not valid. Loading of assembly skipped.
Assembly Unity.InputSystem.IntegrationTests.dll at Library/ScriptAssemblies/Unity.InputSystem.IntegrationTests.dll not valid. Loading of assembly skipped.
Assembly Unity.Mathematics.Tests.dll at Library/ScriptAssemblies/Unity.Mathematics.Tests.dll not valid. Loading of assembly skipped.
Assembly Unity.Multiplayer.Center.Editor.Tests.dll at Library/ScriptAssemblies/Unity.Multiplayer.Center.Editor.Tests.dll not valid. Loading of assembly skipped.
Assembly Unity.Multiplayer.Center.Tests.dll at Library/ScriptAssemblies/Unity.Multiplayer.Center.Tests.dll not valid. Loading of assembly skipped.
Assembly Unity.Nuget.Mono-Cecil.dll at Library/ScriptAssemblies/Unity.Nuget.Mono-Cecil.dll not valid. Loading of assembly skipped.
Assembly Unity.PathTracing.Editor.Tests.dll at Library/ScriptAssemblies/Unity.PathTracing.Editor.Tests.dll not valid. Loading of assembly skipped.
Assembly Unity.PathTracing.Runtime.Tests.dll at Library/ScriptAssemblies/Unity.PathTracing.Runtime.Tests.dll not valid. Loading of assembly skipped.
Assembly Unity.RenderPipelines.Core.Editor.Tests.dll at Library/ScriptAssemblies/Unity.RenderPipelines.Core.Editor.Tests.dll not valid. Loading of assembly skipped.
Assembly Unity.RenderPipelines.Core.Runtime.Tests.dll at Library/ScriptAssemblies/Unity.RenderPipelines.Core.Runtime.Tests.dll not valid. Loading of assembly skipped.
Assembly Unity.RenderPipelines.Universal.Config.Editor.Tests.dll at Library/ScriptAssemblies/Unity.RenderPipelines.Universal.Config.Editor.Tests.dll not valid. Loading of assembly skipped.
Assembly Unity.RenderPipelines.Universal.Editor.Tests.dll at Library/ScriptAssemblies/Unity.RenderPipelines.Universal.Editor.Tests.dll not valid. Loading of assembly skipped.
Assembly Unity.RenderPipelines.Universal.Runtime.Tests.dll at Library/ScriptAssemblies/Unity.RenderPipelines.Universal.Runtime.Tests.dll not valid. Loading of assembly skipped.
Assembly Unity.Searcher.EditorTests.dll at Library/ScriptAssemblies/Unity.Searcher.EditorTests.dll not valid. Loading of assembly skipped.
Assembly Unity.Settings.Tests.dll at Library/ScriptAssemblies/Unity.Settings.Tests.dll not valid. Loading of assembly skipped.
Assembly Unity.ShaderGraph.Editor.Tests.dll at Library/ScriptAssemblies/Unity.ShaderGraph.Editor.Tests.dll not valid. Loading of assembly skipped.
Assembly Unity.TextMeshPro.Editor.Tests.dll at Library/ScriptAssemblies/Unity.TextMeshPro.Editor.Tests.dll not valid. Loading of assembly skipped.
Assembly Unity.TextMeshPro.Tests.dll at Library/ScriptAssemblies/Unity.TextMeshPro.Tests.dll not valid. Loading of assembly skipped.
Assembly Unity.UnifiedRayTracing.Editor.Tests.dll at Library/ScriptAssemblies/Unity.UnifiedRayTracing.Editor.Tests.dll not valid. Loading of assembly skipped.
Assembly UnityEditor.UI.Common.Tests.dll at Library/ScriptAssemblies/UnityEditor.UI.Common.Tests.dll not valid. Loading of assembly skipped.
Assembly UnityEditor.UI.EditorTests.dll at Library/ScriptAssemblies/UnityEditor.UI.EditorTests.dll not valid. Loading of assembly skipped.
Assembly UnityEngine.UI.Tests.dll at Library/ScriptAssemblies/UnityEngine.UI.Tests.dll not valid. Loading of assembly skipped.
Native extension for LinuxStandalone target not found
Native extension for UWP target not found
Native extension for WindowsStandalone target not found
Native extension for OSXStandalone target not found
Native extension for WebGL target not found
[Package Manager] Failed to launch server process. Reason: Unity was launched with the -noUpm command-line argument
[Package Manager] Unable to send message (not connected to server process).
[Package Manager] Cannot connect to Unity Package Manager local server
[Package Manager] Failed to launch server process. Reason: Unity was launched with the -noUpm command-line argument
[Package Manager] Unable to send message (not connected to server process).
[Package Manager] Cannot connect to Unity Package Manager local server
[MODES] ModeService[none].Initialize
[MODES] ModeService[none].LoadModes
ScheduleIndexationOnStartup MainProcess:False IndexOnStartup:True
Mono: successfully reloaded assembly
- Finished resetting the current domain, in  0.828 seconds
Domain Reload Profiling: 1668ms
	BeginReloadAssembly (233ms)
		DisableScriptedObjects (6ms)
		CreateAndSetChildDomain (51ms)
	RebuildCommonClasses (42ms)
	RebuildNativeTypeToScriptingClass (14ms)
	initialDomainReloadingComplete (65ms)
	LoadAllAssembliesAndSetupDomain (485ms)
		LoadAssemblies (368ms)
		AnalyzeDomain (224ms)
			TypeCache.Refresh (7ms)
			BuildScriptInfoCaches (202ms)
			ResolveRequiredComponents (12ms)
	FinalizeReload (828ms)
		SetupLoadedEditorAssemblies (0ms)
			InitializePlatformSupportModulesInManaged (4ms)
			BeforeProcessingInitializeOnLoad (166ms)
			ProcessInitializeOnLoadAttributes (331ms)
			ProcessInitializeOnLoadMethodAttributes (120ms)
			AfterProcessingInitializeOnLoad (7ms)
		AwakeInstancesAfterBackupRestoration (18ms)
Unloading 25 Unused Serialized files (Serialized files now loaded: 0)
Unloading 6669 unused Assets / (5.6 MB). Loaded Objects now: 7543.
Memory consumption went from 192.5 MB to 186.9 MB.
Total: 10.395600 ms (FindLiveObjects: 1.125200 ms CreateObjectMapping: 1.030600 ms MarkObjects: 5.838600 ms  DeleteObjects: 2.400000 ms)

Prepare: number of updated asset objects reloaded= 0
========================================================================
Received Prepare
Begin MonoManager ReloadAssembly
[Licensing::Client] Successfully resolved entitlement details
Assembly Assembly-CSharp-Editor-firstpass.dll at Library/ScriptAssemblies/Assembly-CSharp-Editor-firstpass.dll not valid. Loading of assembly skipped.
Assembly Assembly-CSharp-Editor.dll at Library/ScriptAssemblies/Assembly-CSharp-Editor.dll not valid. Loading of assembly skipped.
Assembly Assembly-CSharp-firstpass.dll at Library/ScriptAssemblies/Assembly-CSharp-firstpass.dll not valid. Loading of assembly skipped.
Assembly DocCodeExamples.dll at Library/ScriptAssemblies/DocCodeExamples.dll not valid. Loading of assembly skipped.
Assembly TestNewCustomAssembly.dll at Library/ScriptAssemblies/TestNewCustomAssembly.dll not valid. Loading of assembly skipped.
Assembly Unity.Collections.BurstCompatibilityGen.dll at Library/ScriptAssemblies/Unity.Collections.BurstCompatibilityGen.dll not valid. Loading of assembly skipped.
Assembly Unity.Collections.DocCodeSamples.dll at Library/ScriptAssemblies/Unity.Collections.DocCodeSamples.dll not valid. Loading of assembly skipped.
Assembly Unity.Collections.PerformanceTests.dll at Library/ScriptAssemblies/Unity.Collections.PerformanceTests.dll not valid. Loading of assembly skipped.
Assembly Unity.Collections.Tests.dll at Library/ScriptAssemblies/Unity.Collections.Tests.dll not valid. Loading of assembly skipped.
Assembly Unity.Collections.Tests.Playmode.dll at Library/ScriptAssemblies/Unity.Collections.Tests.Playmode.dll not valid. Loading of assembly skipped.
Assembly Unity.InputSystem.IntegrationTests.dll at Library/ScriptAssemblies/Unity.InputSystem.IntegrationTests.dll not valid. Loading of assembly skipped.
Assembly Unity.Mathematics.Tests.dll at Library/ScriptAssemblies/Unity.Mathematics.Tests.dll not valid. Loading of assembly skipped.
Assembly Unity.Multiplayer.Center.Editor.Tests.dll at Library/ScriptAssemblies/Unity.Multiplayer.Center.Editor.Tests.dll not valid. Loading of assembly skipped.
Assembly Unity.Multiplayer.Center.Tests.dll at Library/ScriptAssemblies/Unity.Multiplayer.Center.Tests.dll not valid. Loading of assembly skipped.
Assembly Unity.Nuget.Mono-Cecil.dll at Library/ScriptAssemblies/Unity.Nuget.Mono-Cecil.dll not valid. Loading of assembly skipped.
Assembly Unity.PathTracing.Editor.Tests.dll at Library/ScriptAssemblies/Unity.PathTracing.Editor.Tests.dll not valid. Loading of assembly skipped.
Assembly Unity.PathTracing.Runtime.Tests.dll at Library/ScriptAssemblies/Unity.PathTracing.Runtime.Tests.dll not valid. Loading of assembly skipped.
Assembly Unity.RenderPipelines.Core.Editor.Tests.dll at Library/ScriptAssemblies/Unity.RenderPipelines.Core.Editor.Tests.dll not valid. Loading of assembly skipped.
Assembly Unity.RenderPipelines.Core.Runtime.Tests.dll at Library/ScriptAssemblies/Unity.RenderPipelines.Core.Runtime.Tests.dll not valid. Loading of assembly skipped.
Assembly Unity.RenderPipelines.Universal.Config.Editor.Tests.dll at Library/ScriptAssemblies/Unity.RenderPipelines.Universal.Config.Editor.Tests.dll not valid. Loading of assembly skipped.
Assembly Unity.RenderPipelines.Universal.Editor.Tests.dll at Library/ScriptAssemblies/Unity.RenderPipelines.Universal.Editor.Tests.dll not valid. Loading of assembly skipped.
Assembly Unity.RenderPipelines.Universal.Runtime.Tests.dll at Library/ScriptAssemblies/Unity.RenderPipelines.Universal.Runtime.Tests.dll not valid. Loading of assembly skipped.
Assembly Unity.Searcher.EditorTests.dll at Library/ScriptAssemblies/Unity.Searcher.EditorTests.dll not valid. Loading of assembly skipped.
Assembly Unity.Settings.Tests.dll at Library/ScriptAssemblies/Unity.Settings.Tests.dll not valid. Loading of assembly skipped.
Assembly Unity.ShaderGraph.Editor.Tests.dll at Library/ScriptAssemblies/Unity.ShaderGraph.Editor.Tests.dll not valid. Loading of assembly skipped.
Assembly Unity.TextMeshPro.Editor.Tests.dll at Library/ScriptAssemblies/Unity.TextMeshPro.Editor.Tests.dll not valid. Loading of assembly skipped.
Assembly Unity.TextMeshPro.Tests.dll at Library/ScriptAssemblies/Unity.TextMeshPro.Tests.dll not valid. Loading of assembly skipped.
Assembly Unity.UnifiedRayTracing.Editor.Tests.dll at Library/ScriptAssemblies/Unity.UnifiedRayTracing.Editor.Tests.dll not valid. Loading of assembly skipped.
Assembly UnityEditor.UI.Common.Tests.dll at Library/ScriptAssemblies/UnityEditor.UI.Common.Tests.dll not valid. Loading of assembly skipped.
Assembly UnityEditor.UI.EditorTests.dll at Library/ScriptAssemblies/UnityEditor.UI.EditorTests.dll not valid. Loading of assembly skipped.
Assembly UnityEngine.UI.Tests.dll at Library/ScriptAssemblies/UnityEngine.UI.Tests.dll not valid. Loading of assembly skipped.
Native extension for LinuxStandalone target not found
Native extension for UWP target not found
Native extension for WindowsStandalone target not found
Native extension for OSXStandalone target not found
Native extension for WebGL target not found
[Package Manager] Failed to launch server process. Reason: Unity was launched with the -noUpm command-line argument
[Package Manager] Unable to send message (not connected to server process).
[Package Manager] Cannot connect to Unity Package Manager local server
[Package Manager] Failed to launch server process. Reason: Unity was launched with the -noUpm command-line argument
[Package Manager] Unable to send message (not connected to server process).
[Package Manager] Cannot connect to Unity Package Manager local server
[MODES] ModeService[none].Initialize
[MODES] ModeService[none].LoadModes
ScheduleIndexationOnStartup MainProcess:False IndexOnStartup:True
Mono: successfully reloaded assembly
- Finished resetting the current domain, in  0.883 seconds
Domain Reload Profiling: 1723ms
	BeginReloadAssembly (232ms)
		DisableScriptedObjects (7ms)
		CreateAndSetChildDomain (50ms)
	RebuildCommonClasses (42ms)
	RebuildNativeTypeToScriptingClass (14ms)
	initialDomainReloadingComplete (65ms)
	LoadAllAssembliesAndSetupDomain (488ms)
		LoadAssemblies (366ms)
		AnalyzeDomain (226ms)
			TypeCache.Refresh (7ms)
			BuildScriptInfoCaches (205ms)
			ResolveRequiredComponents (12ms)
	FinalizeReload (883ms)
		SetupLoadedEditorAssemblies (0ms)
			InitializePlatformSupportModulesInManaged (4ms)
			BeforeProcessingInitializeOnLoad (170ms)
			ProcessInitializeOnLoadAttributes (359ms)
			ProcessInitializeOnLoadMethodAttributes (135ms)
			AfterProcessingInitializeOnLoad (8ms)
		AwakeInstancesAfterBackupRestoration (19ms)
Unloading 25 Unused Serialized files (Serialized files now loaded: 0)
Unloading 6669 unused Assets / (5.3 MB). Loaded Objects now: 7546.
Memory consumption went from 196.1 MB to 190.8 MB.
Total: 10.469900 ms (FindLiveObjects: 0.763500 ms CreateObjectMapping: 0.470400 ms MarkObjects: 6.291500 ms  DeleteObjects: 2.943400 ms)

Prepare: number of updated asset objects reloaded= 0
========================================================================
Received Prepare
Begin MonoManager ReloadAssembly
[Licensing::Client] Successfully resolved entitlement details
Assembly Assembly-CSharp-Editor-firstpass.dll at Library/ScriptAssemblies/Assembly-CSharp-Editor-firstpass.dll not valid. Loading of assembly skipped.
Assembly Assembly-CSharp-Editor.dll at Library/ScriptAssemblies/Assembly-CSharp-Editor.dll not valid. Loading of assembly skipped.
Assembly Assembly-CSharp-firstpass.dll at Library/ScriptAssemblies/Assembly-CSharp-firstpass.dll not valid. Loading of assembly skipped.
Assembly DocCodeExamples.dll at Library/ScriptAssemblies/DocCodeExamples.dll not valid. Loading of assembly skipped.
Assembly TestNewCustomAssembly.dll at Library/ScriptAssemblies/TestNewCustomAssembly.dll not valid. Loading of assembly skipped.
Assembly Unity.Collections.BurstCompatibilityGen.dll at Library/ScriptAssemblies/Unity.Collections.BurstCompatibilityGen.dll not valid. Loading of assembly skipped.
Assembly Unity.Collections.DocCodeSamples.dll at Library/ScriptAssemblies/Unity.Collections.DocCodeSamples.dll not valid. Loading of assembly skipped.
Assembly Unity.Collections.PerformanceTests.dll at Library/ScriptAssemblies/Unity.Collections.PerformanceTests.dll not valid. Loading of assembly skipped.
Assembly Unity.Collections.Tests.dll at Library/ScriptAssemblies/Unity.Collections.Tests.dll not valid. Loading of assembly skipped.
Assembly Unity.Collections.Tests.Playmode.dll at Library/ScriptAssemblies/Unity.Collections.Tests.Playmode.dll not valid. Loading of assembly skipped.
Assembly Unity.InputSystem.IntegrationTests.dll at Library/ScriptAssemblies/Unity.InputSystem.IntegrationTests.dll not valid. Loading of assembly skipped.
Assembly Unity.Mathematics.Tests.dll at Library/ScriptAssemblies/Unity.Mathematics.Tests.dll not valid. Loading of assembly skipped.
Assembly Unity.Multiplayer.Center.Editor.Tests.dll at Library/ScriptAssemblies/Unity.Multiplayer.Center.Editor.Tests.dll not valid. Loading of assembly skipped.
Assembly Unity.Multiplayer.Center.Tests.dll at Library/ScriptAssemblies/Unity.Multiplayer.Center.Tests.dll not valid. Loading of assembly skipped.
Assembly Unity.Nuget.Mono-Cecil.dll at Library/ScriptAssemblies/Unity.Nuget.Mono-Cecil.dll not valid. Loading of assembly skipped.
Assembly Unity.PathTracing.Editor.Tests.dll at Library/ScriptAssemblies/Unity.PathTracing.Editor.Tests.dll not valid. Loading of assembly skipped.
Assembly Unity.PathTracing.Runtime.Tests.dll at Library/ScriptAssemblies/Unity.PathTracing.Runtime.Tests.dll not valid. Loading of assembly skipped.
Assembly Unity.RenderPipelines.Core.Editor.Tests.dll at Library/ScriptAssemblies/Unity.RenderPipelines.Core.Editor.Tests.dll not valid. Loading of assembly skipped.
Assembly Unity.RenderPipelines.Core.Runtime.Tests.dll at Library/ScriptAssemblies/Unity.RenderPipelines.Core.Runtime.Tests.dll not valid. Loading of assembly skipped.
Assembly Unity.RenderPipelines.Universal.Config.Editor.Tests.dll at Library/ScriptAssemblies/Unity.RenderPipelines.Universal.Config.Editor.Tests.dll not valid. Loading of assembly skipped.
Assembly Unity.RenderPipelines.Universal.Editor.Tests.dll at Library/ScriptAssemblies/Unity.RenderPipelines.Universal.Editor.Tests.dll not valid. Loading of assembly skipped.
Assembly Unity.RenderPipelines.Universal.Runtime.Tests.dll at Library/ScriptAssemblies/Unity.RenderPipelines.Universal.Runtime.Tests.dll not valid. Loading of assembly skipped.
Assembly Unity.Searcher.EditorTests.dll at Library/ScriptAssemblies/Unity.Searcher.EditorTests.dll not valid. Loading of assembly skipped.
Assembly Unity.Settings.Tests.dll at Library/ScriptAssemblies/Unity.Settings.Tests.dll not valid. Loading of assembly skipped.
Assembly Unity.ShaderGraph.Editor.Tests.dll at Library/ScriptAssemblies/Unity.ShaderGraph.Editor.Tests.dll not valid. Loading of assembly skipped.
Assembly Unity.TextMeshPro.Editor.Tests.dll at Library/ScriptAssemblies/Unity.TextMeshPro.Editor.Tests.dll not valid. Loading of assembly skipped.
Assembly Unity.TextMeshPro.Tests.dll at Library/ScriptAssemblies/Unity.TextMeshPro.Tests.dll not valid. Loading of assembly skipped.
Assembly Unity.UnifiedRayTracing.Editor.Tests.dll at Library/ScriptAssemblies/Unity.UnifiedRayTracing.Editor.Tests.dll not valid. Loading of assembly skipped.
Assembly UnityEditor.UI.Common.Tests.dll at Library/ScriptAssemblies/UnityEditor.UI.Common.Tests.dll not valid. Loading of assembly skipped.
Assembly UnityEditor.UI.EditorTests.dll at Library/ScriptAssemblies/UnityEditor.UI.EditorTests.dll not valid. Loading of assembly skipped.
Assembly UnityEngine.UI.Tests.dll at Library/ScriptAssemblies/UnityEngine.UI.Tests.dll not valid. Loading of assembly skipped.
Native extension for LinuxStandalone target not found
Native extension for UWP target not found
Native extension for WindowsStandalone target not found
Native extension for OSXStandalone target not found
Native extension for WebGL target not found
[Package Manager] Failed to launch server process. Reason: Unity was launched with the -noUpm command-line argument
[Package Manager] Unable to send message (not connected to server process).
[Package Manager] Cannot connect to Unity Package Manager local server
[Package Manager] Failed to launch server process. Reason: Unity was launched with the -noUpm command-line argument
[Package Manager] Unable to send message (not connected to server process).
[Package Manager] Cannot connect to Unity Package Manager local server
[MODES] ModeService[none].Initialize
[MODES] ModeService[none].LoadModes
ScheduleIndexationOnStartup MainProcess:False IndexOnStartup:True
Mono: successfully reloaded assembly
- Finished resetting the current domain, in  0.861 seconds
Domain Reload Profiling: 1712ms
	BeginReloadAssembly (230ms)
		DisableScriptedObjects (7ms)
		CreateAndSetChildDomain (49ms)
	RebuildCommonClasses (43ms)
	RebuildNativeTypeToScriptingClass (16ms)
	initialDomainReloadingComplete (65ms)
	LoadAllAssembliesAndSetupDomain (496ms)
		LoadAssemblies (373ms)
		AnalyzeDomain (226ms)
			TypeCache.Refresh (10ms)
			BuildScriptInfoCaches (202ms)
			ResolveRequiredComponents (13ms)
	FinalizeReload (862ms)
		SetupLoadedEditorAssemblies (0ms)
			InitializePlatformSupportModulesInManaged (4ms)
			BeforeProcessingInitializeOnLoad (169ms)
			ProcessInitializeOnLoadAttributes (343ms)
			ProcessInitializeOnLoadMethodAttributes (128ms)
			AfterProcessingInitializeOnLoad (7ms)
		AwakeInstancesAfterBackupRestoration (18ms)
Unloading 25 Unused Serialized files (Serialized files now loaded: 0)
Unloading 6669 unused Assets / (5.5 MB). Loaded Objects now: 7549.
Memory consumption went from 199.7 MB to 194.2 MB.
Total: 10.000400 ms (FindLiveObjects: 0.815800 ms CreateObjectMapping: 0.539800 ms MarkObjects: 6.243000 ms  DeleteObjects: 2.400800 ms)

Prepare: number of updated asset objects reloaded= 0
========================================================================
Received Prepare
Begin MonoManager ReloadAssembly
Assembly Assembly-CSharp-Editor-firstpass.dll at Library/ScriptAssemblies/Assembly-CSharp-Editor-firstpass.dll not valid. Loading of assembly skipped.
Assembly Assembly-CSharp-Editor.dll at Library/ScriptAssemblies/Assembly-CSharp-Editor.dll not valid. Loading of assembly skipped.
Assembly Assembly-CSharp-firstpass.dll at Library/ScriptAssemblies/Assembly-CSharp-firstpass.dll not valid. Loading of assembly skipped.
Assembly DocCodeExamples.dll at Library/ScriptAssemblies/DocCodeExamples.dll not valid. Loading of assembly skipped.
Assembly TestNewCustomAssembly.dll at Library/ScriptAssemblies/TestNewCustomAssembly.dll not valid. Loading of assembly skipped.
Assembly Unity.Collections.BurstCompatibilityGen.dll at Library/ScriptAssemblies/Unity.Collections.BurstCompatibilityGen.dll not valid. Loading of assembly skipped.
Assembly Unity.Collections.DocCodeSamples.dll at Library/ScriptAssemblies/Unity.Collections.DocCodeSamples.dll not valid. Loading of assembly skipped.
Assembly Unity.Collections.PerformanceTests.dll at Library/ScriptAssemblies/Unity.Collections.PerformanceTests.dll not valid. Loading of assembly skipped.
Assembly Unity.Collections.Tests.dll at Library/ScriptAssemblies/Unity.Collections.Tests.dll not valid. Loading of assembly skipped.
Assembly Unity.Collections.Tests.Playmode.dll at Library/ScriptAssemblies/Unity.Collections.Tests.Playmode.dll not valid. Loading of assembly skipped.
Assembly Unity.InputSystem.IntegrationTests.dll at Library/ScriptAssemblies/Unity.InputSystem.IntegrationTests.dll not valid. Loading of assembly skipped.
Assembly Unity.Mathematics.Tests.dll at Library/ScriptAssemblies/Unity.Mathematics.Tests.dll not valid. Loading of assembly skipped.
Assembly Unity.Multiplayer.Center.Editor.Tests.dll at Library/ScriptAssemblies/Unity.Multiplayer.Center.Editor.Tests.dll not valid. Loading of assembly skipped.
Assembly Unity.Multiplayer.Center.Tests.dll at Library/ScriptAssemblies/Unity.Multiplayer.Center.Tests.dll not valid. Loading of assembly skipped.
Assembly Unity.Nuget.Mono-Cecil.dll at Library/ScriptAssemblies/Unity.Nuget.Mono-Cecil.dll not valid. Loading of assembly skipped.
Assembly Unity.PathTracing.Editor.Tests.dll at Library/ScriptAssemblies/Unity.PathTracing.Editor.Tests.dll not valid. Loading of assembly skipped.
Assembly Unity.PathTracing.Runtime.Tests.dll at Library/ScriptAssemblies/Unity.PathTracing.Runtime.Tests.dll not valid. Loading of assembly skipped.
Assembly Unity.RenderPipelines.Core.Editor.Tests.dll at Library/ScriptAssemblies/Unity.RenderPipelines.Core.Editor.Tests.dll not valid. Loading of assembly skipped.
Assembly Unity.RenderPipelines.Core.Runtime.Tests.dll at Library/ScriptAssemblies/Unity.RenderPipelines.Core.Runtime.Tests.dll not valid. Loading of assembly skipped.
Assembly Unity.RenderPipelines.Universal.Config.Editor.Tests.dll at Library/ScriptAssemblies/Unity.RenderPipelines.Universal.Config.Editor.Tests.dll not valid. Loading of assembly skipped.
Assembly Unity.RenderPipelines.Universal.Editor.Tests.dll at Library/ScriptAssemblies/Unity.RenderPipelines.Universal.Editor.Tests.dll not valid. Loading of assembly skipped.
Assembly Unity.RenderPipelines.Universal.Runtime.Tests.dll at Library/ScriptAssemblies/Unity.RenderPipelines.Universal.Runtime.Tests.dll not valid. Loading of assembly skipped.
Assembly Unity.Searcher.EditorTests.dll at Library/ScriptAssemblies/Unity.Searcher.EditorTests.dll not valid. Loading of assembly skipped.
Assembly Unity.Settings.Tests.dll at Library/ScriptAssemblies/Unity.Settings.Tests.dll not valid. Loading of assembly skipped.
Assembly Unity.ShaderGraph.Editor.Tests.dll at Library/ScriptAssemblies/Unity.ShaderGraph.Editor.Tests.dll not valid. Loading of assembly skipped.
Assembly Unity.TextMeshPro.Editor.Tests.dll at Library/ScriptAssemblies/Unity.TextMeshPro.Editor.Tests.dll not valid. Loading of assembly skipped.
Assembly Unity.TextMeshPro.Tests.dll at Library/ScriptAssemblies/Unity.TextMeshPro.Tests.dll not valid. Loading of assembly skipped.
Assembly Unity.UnifiedRayTracing.Editor.Tests.dll at Library/ScriptAssemblies/Unity.UnifiedRayTracing.Editor.Tests.dll not valid. Loading of assembly skipped.
Assembly UnityEditor.UI.Common.Tests.dll at Library/ScriptAssemblies/UnityEditor.UI.Common.Tests.dll not valid. Loading of assembly skipped.
Assembly UnityEditor.UI.EditorTests.dll at Library/ScriptAssemblies/UnityEditor.UI.EditorTests.dll not valid. Loading of assembly skipped.
Assembly UnityEngine.UI.Tests.dll at Library/ScriptAssemblies/UnityEngine.UI.Tests.dll not valid. Loading of assembly skipped.
Native extension for LinuxStandalone target not found
Native extension for UWP target not found
Native extension for WindowsStandalone target not found
Native extension for OSXStandalone target not found
Native extension for WebGL target not found
[Package Manager] Failed to launch server process. Reason: Unity was launched with the -noUpm command-line argument
[Package Manager] Unable to send message (not connected to server process).
[Package Manager] Cannot connect to Unity Package Manager local server
[Package Manager] Failed to launch server process. Reason: Unity was launched with the -noUpm command-line argument
[Package Manager] Unable to send message (not connected to server process).
[Package Manager] Cannot connect to Unity Package Manager local server
[MODES] ModeService[none].Initialize
[MODES] ModeService[none].LoadModes
ScheduleIndexationOnStartup MainProcess:False IndexOnStartup:True
Mono: successfully reloaded assembly
- Finished resetting the current domain, in  0.843 seconds
Domain Reload Profiling: 1675ms
	BeginReloadAssembly (225ms)
		DisableScriptedObjects (7ms)
		CreateAndSetChildDomain (49ms)
	RebuildCommonClasses (41ms)
	RebuildNativeTypeToScriptingClass (14ms)
	initialDomainReloadingComplete (62ms)
	LoadAllAssembliesAndSetupDomain (489ms)
		LoadAssemblies (363ms)
		AnalyzeDomain (229ms)
			TypeCache.Refresh (7ms)
			BuildScriptInfoCaches (207ms)
			ResolveRequiredComponents (13ms)
	FinalizeReload (843ms)
		SetupLoadedEditorAssemblies (0ms)
			InitializePlatformSupportModulesInManaged (4ms)
			BeforeProcessingInitializeOnLoad (166ms)
			ProcessInitializeOnLoadAttributes (335ms)
			ProcessInitializeOnLoadMethodAttributes (120ms)
			AfterProcessingInitializeOnLoad (7ms)
		AwakeInstancesAfterBackupRestoration (18ms)
Unloading 25 Unused Serialized files (Serialized files now loaded: 0)
Unloading 6669 unused Assets / (5.7 MB). Loaded Objects now: 7552.
Memory consumption went from 203.4 MB to 197.7 MB.
Total: 10.551200 ms (FindLiveObjects: 0.801200 ms CreateObjectMapping: 0.580500 ms MarkObjects: 6.639100 ms  DeleteObjects: 2.529200 ms)

Prepare: number of updated asset objects reloaded= 0
========================================================================
Received Import Request.
  Time since last request: 794.197203 seconds.
  path: Assets/Topher Assets/Scripts/TV.cs
  importAddress: Guid(80f75c514859b2f419cadc5a1d28d68c) Importer(2089858483,b0f066a214c2f5e87bad3c948f4d605d)
Start importing Assets/Topher Assets/Scripts/TV.cs using Guid(80f75c514859b2f419cadc5a1d28d68c) Importer(2089858483,b0f066a214c2f5e87bad3c948f4d605d) (ScriptedImporter) -> (Import Result ID: '5d9e67005acb00c2202c477723d9bea4') in 0.0904297 seconds [static and dynamic dependencies]. Details - ImportResultOutputID=419a1d053e311c682d5e7ca3a4c50c31 DependenciesID=fe107304034812fed0035161354dd698 StaticDependenciesID=e815b8ac8949e204630dab1f449f456a 
Number of updated asset objects reloaded before import = 0Number of asset objects unloaded after import = 0

========================================================================
Received Import Request.
  Time since last request: 0.000028 seconds.
  path: Assets/Scenes/Topher - IGB101 Assignment Level.unity
  importAddress: Guid(4a5a11d3b9e003a4cbc59fc4a276c4c6) Importer(2089858483,b0f066a214c2f5e87bad3c948f4d605d)
Start importing Assets/Scenes/Topher - IGB101 Assignment Level.unity using Guid(4a5a11d3b9e003a4cbc59fc4a276c4c6) Importer(2089858483,b0f066a214c2f5e87bad3c948f4d605d) (ScriptedImporter) -> (Import Result ID: 'e650872c52b9f92677bda89a10e47502') in 0.0244555 seconds [static and dynamic dependencies]. Details - ImportResultOutputID=2839dfc9081077bdeeaddca0331297ab DependenciesID=a7c5bdb263fd3726822416756a4600fc StaticDependenciesID=7dd9b21ea2349d3f17b463f58fae59a7 
Number of updated asset objects reloaded before import = 0Number of asset objects unloaded after import = 1

Editor requested this worker to shutdown with reason: Scaling down because of idle timeout
AssetImportWorker is now disconnected from the server
Process exiting
Exiting without the bug reporter. Application will terminate with return code 0