[Licensing::Module] Trying to connect to existing licensing client channel...
Built from '6000.4/staging' branch; Version is '6000.4.1f1 (8535861f39e1) revision 8729990'; Using compiler version '194234433'; Build Type 'Release'
[Licensing::IpcConnector] Successfully connected to: "LicenseClient-Topher" at "2026-05-31T04:37:16.4744545Z"
OS: 'Windows 11  (10.0.26200) Professional' Language: 'en' Physical Memory: 32695 MB
BatchMode: 1, IsHumanControllingUs: 0, StartBugReporterOnCrash: 0, Is64bit: 1
System  architecture: x64
Process architecture: x64
Date: 2026-05-31T04:37:16Z

COMMAND LINE ARGUMENTS:
C:\Program Files\Unity\Hub\Editor\6000.4.1f1\Editor\Unity.exe
-adb2
-batchMode
-noUpm
-name
AssetImportWorker4
-projectPath
E:/IGB101/Assignment 3/IGB101 Assignment 3/Unity Project
-logFile
Logs/AssetImportWorker4.log
-srvPort
50064
-licensingIpc
LicenseClient-Topher
-force-d3d12
-job-worker-count
11
-background-job-worker-count
8
-gc-helper-count
1
-name
AssetImport
Successfully changed project path to: E:/IGB101/Assignment 3/IGB101 Assignment 3/Unity Project
E:/IGB101/Assignment 3/IGB101 Assignment 3/Unity Project
[UnityMemory] Configuration Parameters - Can be set up in boot.config
    "memorysetup-temp-allocator-size-gi-baking-worker=262144"
    "memorysetup-temp-allocator-size-gi-baking-worker=262144"
    "memorysetup-temp-allocator-size-gi-baking-worker=262144"
    "memorysetup-temp-allocator-size-gi-baking-worker=262144"
    "memorysetup-temp-allocator-size-gi-baking-worker=262144"
    "memorysetup-temp-allocator-size-nav-mesh-worker=65536"
    "memorysetup-temp-allocator-size-audio-worker=65536"
    "memorysetup-temp-allocator-size-cloud-worker=32768"
    "memorysetup-temp-allocator-size-gfx=262144"
    "memorysetup-temp-allocator-size-preload-manager=33554432"
    "memorysetup-temp-allocator-size-job-worker=262144"
    "memorysetup-temp-allocator-size-background-worker=32768"
    "memorysetup-allocator-temp-initial-block-size-main=262144"
    "memorysetup-allocator-temp-initial-block-size-worker=262144"
    "memorysetup-bucket-allocator-granularity=16"
    "memorysetup-bucket-allocator-bucket-count=8"
    "memorysetup-bucket-allocator-block-size=33554432"
    "memorysetup-bucket-allocator-block-count=8"
    "memorysetup-main-allocator-block-size=16777216"
    "memorysetup-thread-allocator-block-size=16777216"
    "memorysetup-gfx-main-allocator-block-size=16777216"
    "memorysetup-gfx-thread-allocator-block-size=16777216"
    "memorysetup-cache-allocator-block-size=4194304"
    "memorysetup-typetree-allocator-block-size=2097152"
    "memorysetup-profiler-bucket-allocator-granularity=16"
    "memorysetup-profiler-bucket-allocator-bucket-count=8"
    "memorysetup-profiler-bucket-allocator-block-size=33554432"
    "memorysetup-profiler-bucket-allocator-block-count=8"
    "memorysetup-profiler-allocator-block-size=16777216"
    "memorysetup-profiler-editor-allocator-block-size=1048576"
    "memorysetup-temp-allocator-size-main=16777216"
    "memorysetup-job-temp-allocator-block-size=2097152"
    "memorysetup-job-temp-allocator-block-size-background=1048576"
    "memorysetup-job-temp-allocator-reduction-small-platforms=262144"
Player connection [29380]  Target information:

Player connection [29380]  * "[IP] 10.0.0.34 [Port] 0 [Flags] 2 [Guid] 4188490543 [EditorId] 4188490543 [Version] 1048832 [Id] WindowsEditor(7,Basestation) [Debug] 1 [PackageName] WindowsEditor [ProjectName] Editor" 

Player connection [29380] Host joined multi-casting on [225.0.0.222:54997]...
Player connection [29380] Host joined alternative multi-casting on [225.0.0.222:34997]...
JobSystem: Creating JobQueue using job-worker-count value 11
Input System module state changed to: Initialized.
[Physics::Module] Initialized fallback backend.
[Physics::Module] Id: 0xdecafbad
Library Redirect Path: Library/
[Physics::Module] Selected backend.
[Physics::Module] Name: PhysX
[Physics::Module] Id: 0xf2b8ea05
[Physics::Module] SDK Version: 4.1.2
[Physics::Module] Integration Version: 1.0.0
[Physics::Module] Threading Mode: Multi-Threaded
Initialize engine version: 6000.4.1f1 (8535861f39e1)
[Subsystems] Discovering subsystems at path C:/Program Files/Unity/Hub/Editor/6000.4.1f1/Editor/Data/Resources/UnitySubsystems
[Subsystems] Discovering subsystems at path E:/IGB101/Assignment 3/IGB101 Assignment 3/Unity Project/Assets
Forcing GfxDevice: Direct3D 12
GfxDevice: creating device client; kGfxThreadingModeNonThreaded
d3d12: failed to query info queue interface (0x80004002).
Direct3D:
    Version:         Direct3D 12 [level 12.2]
    Renderer:        NVIDIA GeForce RTX 3060 Ti (ID=0x2489)
    Vendor:          NVIDIA
    VRAM:            8024 MB
    App VRAM Budget: 7256 MB
    Driver:          32.0.15.9649
Initialize mono
Mono path[0] = 'C:/Program Files/Unity/Hub/Editor/6000.4.1f1/Editor/Data/Managed'
Mono path[1] = 'C:/Program Files/Unity/Hub/Editor/6000.4.1f1/Editor/Data/MonoBleedingEdge/lib/mono/unityjit-win32'
Mono config path = 'C:/Program Files/Unity/Hub/Editor/6000.4.1f1/Editor/Data/MonoBleedingEdge/etc'
Using monoOptions --debugger-agent=transport=dt_socket,embedding=1,server=y,suspend=n,address=127.0.0.1:56240
CodeReloadManager initialized
Begin MonoManager ReloadAssembly
[Licensing::Client] Error: HandshakeResponse reported an error:
	ResponseCode: 505
	ResponseStatus: Unsupported protocol version '1.18.1'.
[Licensing::Module] Error: Failed to handshake to channel: "LicenseClient-Topher"
[Licensing::IpcConnector] LicenseClient-Topher channel disconnected successfully.
[Licensing::IpcConnector] Successfully connected to: "LicenseClient-Topher-6000.4.1" at "2026-05-31T04:37:17.8292082Z"
Registering precompiled unity dll's ...
Register platform support module: C:/Program Files/Unity/Hub/Editor/6000.4.1f1/Editor/Data/PlaybackEngines/WebGLSupport/UnityEditor.WebGL.Extensions.dll
Register platform support module: C:/Program Files/Unity/Hub/Editor/6000.4.1f1/Editor/Data/PlaybackEngines/MacStandaloneSupport/UnityEditor.OSXStandalone.Extensions.dll
Register platform support module: C:/Program Files/Unity/Hub/Editor/6000.4.1f1/Editor/Data/PlaybackEngines/WindowsStandaloneSupport/UnityEditor.WindowsStandalone.Extensions.dll
[Licensing::Module] Licensing is not yet initialized.
[Licensing::Client] Handshaking with LicensingClient:
  Version:                 1.18.1+9fbee8e
  Session Id:              b23b145178864562b83c930b371525e7
  Correlation Id:          56ed6f303a66c50b129709f648294ba6
  External correlation Id: 2346346538939876202
  Machine Id:              iUDX2bORcETEJuoiLUZ8i8pfw80=
[Licensing::Module] Successfully connected to LicensingClient on channel: "LicenseClient-Topher-6000.4.1" (connect: 0.00s, validation: 0.00s, handshake: 1.11s)
[Licensing::IpcConnector] Successfully connected to: "LicenseClient-Topher-6000.4.1-notifications" at "2026-05-31T04:37:18.9439911Z"
[Licensing::Module] Licensing Background thread has ended after 2.47s
[Licensing::Module] Licensing is initialized (took 0.91s).
[Licensing::Client] Successfully resolved entitlement details
[Licensing::Module] License group:
  Id: 16768250851423-UnityPersXXXX
  Product: Unity Personal
  Type: Assigned
  Expiration: Unlimited
Register platform support module: C:/Program Files/Unity/Hub/Editor/6000.4.1f1/Editor/Data/PlaybackEngines/MetroSupport/UnityEditor.UWP.Extensions.dll
Register platform support module: C:/Program Files/Unity/Hub/Editor/6000.4.1f1/Editor/Data/PlaybackEngines/LinuxStandaloneSupport/UnityEditor.LinuxStandalone.Extensions.dll
Registered in 0.918013 seconds.
Native extension for LinuxStandalone target not found
Native extension for UWP target not found
Native extension for WindowsStandalone target not found
Native extension for OSXStandalone target not found
Native extension for WebGL target not found
Package Manager log level set to [2]
[Package Manager] Failed to launch server process. Reason: Unity was launched with the -noUpm command-line argument
[Package Manager] Unable to send message (not connected to server process).
[Package Manager] Cannot connect to Unity Package Manager local server
[Package Manager] Failed to launch server process. Reason: Unity was launched with the -noUpm command-line argument
[Package Manager] Unable to send message (not connected to server process).
[Package Manager] Cannot connect to Unity Package Manager local server
ScheduleIndexationOnStartup MainProcess:False IndexOnStartup:True
Mono: successfully reloaded assembly
- Finished resetting the current domain, in  0.545 seconds
Domain Reload Profiling: 2062ms
	BeginReloadAssembly (174ms)
	RebuildCommonClasses (50ms)
	RebuildNativeTypeToScriptingClass (17ms)
	initialDomainReloadingComplete (1007ms)
	LoadAllAssembliesAndSetupDomain (266ms)
		LoadAssemblies (171ms)
		AnalyzeDomain (255ms)
			TypeCache.Refresh (254ms)
				TypeCache.ScanAssembly (240ms)
	FinalizeReload (547ms)
		SetupLoadedEditorAssemblies (0ms)
			InitializePlatformSupportModulesInManaged (63ms)
			BeforeProcessingInitializeOnLoad (109ms)
			ProcessInitializeOnLoadAttributes (152ms)
			ProcessInitializeOnLoadMethodAttributes (119ms)
========================================================================
Worker process is ready to serve import requests
Import Worker Mode flag is 0x00
Begin MonoManager ReloadAssembly
[Licensing::Client] Successfully resolved entitlement details
Assembly Assembly-CSharp-Editor-firstpass.dll at Library/ScriptAssemblies/Assembly-CSharp-Editor-firstpass.dll not valid. Loading of assembly skipped.
Assembly Assembly-CSharp-Editor.dll at Library/ScriptAssemblies/Assembly-CSharp-Editor.dll not valid. Loading of assembly skipped.
Assembly Assembly-CSharp-firstpass.dll at Library/ScriptAssemblies/Assembly-CSharp-firstpass.dll not valid. Loading of assembly skipped.
Assembly Assembly-CSharp.dll at Library/ScriptAssemblies/Assembly-CSharp.dll not valid. Loading of assembly skipped.
Assembly DocCodeExamples.dll at Library/ScriptAssemblies/DocCodeExamples.dll not valid. Loading of assembly skipped.
Assembly TestNewCustomAssembly.dll at Library/ScriptAssemblies/TestNewCustomAssembly.dll not valid. Loading of assembly skipped.
Assembly Unity.Collections.BurstCompatibilityGen.dll at Library/ScriptAssemblies/Unity.Collections.BurstCompatibilityGen.dll not valid. Loading of assembly skipped.
Assembly Unity.Collections.DocCodeSamples.dll at Library/ScriptAssemblies/Unity.Collections.DocCodeSamples.dll not valid. Loading of assembly skipped.
Assembly Unity.Collections.PerformanceTests.dll at Library/ScriptAssemblies/Unity.Collections.PerformanceTests.dll not valid. Loading of assembly skipped.
Assembly Unity.Collections.Tests.dll at Library/ScriptAssemblies/Unity.Collections.Tests.dll not valid. Loading of assembly skipped.
Assembly Unity.Collections.Tests.Playmode.dll at Library/ScriptAssemblies/Unity.Collections.Tests.Playmode.dll not valid. Loading of assembly skipped.
Assembly Unity.InputSystem.IntegrationTests.dll at Library/ScriptAssemblies/Unity.InputSystem.IntegrationTests.dll not valid. Loading of assembly skipped.
Assembly Unity.Mathematics.Tests.dll at Library/ScriptAssemblies/Unity.Mathematics.Tests.dll not valid. Loading of assembly skipped.
Assembly Unity.Multiplayer.Center.Editor.Tests.dll at Library/ScriptAssemblies/Unity.Multiplayer.Center.Editor.Tests.dll not valid. Loading of assembly skipped.
Assembly Unity.Multiplayer.Center.Tests.dll at Library/ScriptAssemblies/Unity.Multiplayer.Center.Tests.dll not valid. Loading of assembly skipped.
Assembly Unity.Nuget.Mono-Cecil.dll at Library/ScriptAssemblies/Unity.Nuget.Mono-Cecil.dll not valid. Loading of assembly skipped.
Assembly Unity.PathTracing.Editor.Tests.dll at Library/ScriptAssemblies/Unity.PathTracing.Editor.Tests.dll not valid. Loading of assembly skipped.
Assembly Unity.PathTracing.Runtime.Tests.dll at Library/ScriptAssemblies/Unity.PathTracing.Runtime.Tests.dll not valid. Loading of assembly skipped.
Assembly Unity.RenderPipelines.Core.Editor.Tests.dll at Library/ScriptAssemblies/Unity.RenderPipelines.Core.Editor.Tests.dll not valid. Loading of assembly skipped.
Assembly Unity.RenderPipelines.Core.Runtime.Tests.dll at Library/ScriptAssemblies/Unity.RenderPipelines.Core.Runtime.Tests.dll not valid. Loading of assembly skipped.
Assembly Unity.RenderPipelines.Universal.Config.Editor.Tests.dll at Library/ScriptAssemblies/Unity.RenderPipelines.Universal.Config.Editor.Tests.dll not valid. Loading of assembly skipped.
Assembly Unity.RenderPipelines.Universal.Editor.Tests.dll at Library/ScriptAssemblies/Unity.RenderPipelines.Universal.Editor.Tests.dll not valid. Loading of assembly skipped.
Assembly Unity.RenderPipelines.Universal.Runtime.Tests.dll at Library/ScriptAssemblies/Unity.RenderPipelines.Universal.Runtime.Tests.dll not valid. Loading of assembly skipped.
Assembly Unity.Searcher.EditorTests.dll at Library/ScriptAssemblies/Unity.Searcher.EditorTests.dll not valid. Loading of assembly skipped.
Assembly Unity.Settings.Tests.dll at Library/ScriptAssemblies/Unity.Settings.Tests.dll not valid. Loading of assembly skipped.
Assembly Unity.ShaderGraph.Editor.Tests.dll at Library/ScriptAssemblies/Unity.ShaderGraph.Editor.Tests.dll not valid. Loading of assembly skipped.
Assembly Unity.TextMeshPro.Editor.Tests.dll at Library/ScriptAssemblies/Unity.TextMeshPro.Editor.Tests.dll not valid. Loading of assembly skipped.
Assembly Unity.TextMeshPro.Tests.dll at Library/ScriptAssemblies/Unity.TextMeshPro.Tests.dll not valid. Loading of assembly skipped.
Assembly Unity.UnifiedRayTracing.Editor.Tests.dll at Library/ScriptAssemblies/Unity.UnifiedRayTracing.Editor.Tests.dll not valid. Loading of assembly skipped.
Assembly UnityEditor.UI.Common.Tests.dll at Library/ScriptAssemblies/UnityEditor.UI.Common.Tests.dll not valid. Loading of assembly skipped.
Assembly UnityEditor.UI.EditorTests.dll at Library/ScriptAssemblies/UnityEditor.UI.EditorTests.dll not valid. Loading of assembly skipped.
Assembly UnityEngine.UI.Tests.dll at Library/ScriptAssemblies/UnityEngine.UI.Tests.dll not valid. Loading of assembly skipped.
Native extension for LinuxStandalone target not found
Native extension for UWP target not found
Native extension for WindowsStandalone target not found
Native extension for OSXStandalone target not found
Native extension for WebGL target not found
[Package Manager] Failed to launch server process. Reason: Unity was launched with the -noUpm command-line argument
[Package Manager] Unable to send message (not connected to server process).
[Package Manager] Cannot connect to Unity Package Manager local server
[Package Manager] Failed to launch server process. Reason: Unity was launched with the -noUpm command-line argument
[Package Manager] Unable to send message (not connected to server process).
[Package Manager] Cannot connect to Unity Package Manager local server
[MODES] ModeService[none].Initialize
[MODES] ModeService[none].LoadModes
[MODES] Loading mode Default (0) for mode-current-id-Assignment 2
ScheduleIndexationOnStartup MainProcess:False IndexOnStartup:True
Mono: successfully reloaded assembly
- Finished resetting the current domain, in  0.973 seconds
Domain Reload Profiling: 1956ms
	BeginReloadAssembly (229ms)
		DisableScriptedObjects (7ms)
		CreateAndSetChildDomain (41ms)
	RebuildCommonClasses (44ms)
	RebuildNativeTypeToScriptingClass (15ms)
	initialDomainReloadingComplete (89ms)
	LoadAllAssembliesAndSetupDomain (605ms)
		LoadAssemblies (382ms)
		AnalyzeDomain (329ms)
			TypeCache.Refresh (220ms)
				TypeCache.ScanAssembly (202ms)
			BuildScriptInfoCaches (94ms)
			ResolveRequiredComponents (13ms)
	FinalizeReload (974ms)
		SetupLoadedEditorAssemblies (0ms)
			InitializePlatformSupportModulesInManaged (5ms)
			BeforeProcessingInitializeOnLoad (178ms)
			ProcessInitializeOnLoadAttributes (377ms)
			ProcessInitializeOnLoadMethodAttributes (136ms)
			AfterProcessingInitializeOnLoad (9ms)
		AwakeInstancesAfterBackupRestoration (8ms)
Launched and connected shader compiler UnityShaderCompiler.exe after 0.01 seconds
Unloading 25 Unused Serialized files (Serialized files now loaded: 0)
Unloading 6671 unused Assets / (5.3 MB). Loaded Objects now: 7512.
Memory consumption went from 161.5 MB to 156.1 MB.
Total: 10.181200 ms (FindLiveObjects: 0.681800 ms CreateObjectMapping: 0.402800 ms MarkObjects: 6.382400 ms  DeleteObjects: 2.712000 ms)

========================================================================
Received Import Request.
  Time since last request: 34726.190156 seconds.
  path: Assets/Scenes
  importAddress: Guid(f7918360f213a674e8d344b7b1b7b3e9) Importer(2089858483,b0f066a214c2f5e87bad3c948f4d605d)
Start importing Assets/Scenes using Guid(f7918360f213a674e8d344b7b1b7b3e9) Importer(2089858483,b0f066a214c2f5e87bad3c948f4d605d) (ScriptedImporter) -> (Import Result ID: '022043674dd935299af07ccfbde30299') in 0.0876308 seconds [static and dynamic dependencies]. Details - ImportResultOutputID=facafc0f8e5aef95124af7c81bd2aee4 DependenciesID=4f6d72bbca2ef56c936072d5ed328465 StaticDependenciesID=828cad7040267fa48daea7cba33c8284 
Number of updated asset objects reloaded before import = 0Number of asset objects unloaded after import = 1

========================================================================
Received Import Request.
  Time since last request: 0.000053 seconds.
  path: Assets/Jensen Assets/ProBuilder Data/Default Color Palette.asset
  importAddress: Guid(b04a9e61ce5e09240a31cc1c79f127b3) Importer(2089858483,b0f066a214c2f5e87bad3c948f4d605d)
Start importing Assets/Jensen Assets/ProBuilder Data/Default Color Palette.asset using Guid(b04a9e61ce5e09240a31cc1c79f127b3) Importer(2089858483,b0f066a214c2f5e87bad3c948f4d605d) (ScriptedImporter) -> (Import Result ID: '32d1699676e38eb54112d6c5c46d12a8') in 0.0396946 seconds [static and dynamic dependencies]. Details - ImportResultOutputID=0686e498d2f3d8800ea3ea7c890309c1 DependenciesID=e9dc36306e362504e82517309801d14a StaticDependenciesID=061246aa81bc654d0af462f9d7740be7 
Number of updated asset objects reloaded before import = 0Number of asset objects unloaded after import = 1

========================================================================
Received Import Request.
  Time since last request: 0.000026 seconds.
  path: Assets/Jensen Assets/Materials and Textures
  importAddress: Guid(63c9606c7332b64489e10dc90e2f26e2) Importer(2089858483,b0f066a214c2f5e87bad3c948f4d605d)
Start importing Assets/Jensen Assets/Materials and Textures using Guid(63c9606c7332b64489e10dc90e2f26e2) Importer(2089858483,b0f066a214c2f5e87bad3c948f4d605d) (ScriptedImporter) -> (Import Result ID: '1db8348059fbdce47155cdf0daaf78a6') in 0.0114062 seconds [static and dynamic dependencies]. Details - ImportResultOutputID=25c4ad7a683fad433c02597f605747df DependenciesID=59bc75af1400321bbef06bd0bbb7a578 StaticDependenciesID=795f5afbc1757c5d5a9dfa43873a1f50 
Number of updated asset objects reloaded before import = 0Number of asset objects unloaded after import = 1

========================================================================
Received Import Request.
  Time since last request: 0.000029 seconds.
  path: Assets/Jensen Assets/Door/Wooden Double Door front handle entrance/Textures/T_door1_medium_MetallicSmoothness.png
  importAddress: Guid(4ec0fee7e37ce024f8948d7e7d4a1799) Importer(2089858483,b0f066a214c2f5e87bad3c948f4d605d)
Start importing Assets/Jensen Assets/Door/Wooden Double Door front handle entrance/Textures/T_door1_medium_MetallicSmoothness.png using Guid(4ec0fee7e37ce024f8948d7e7d4a1799) Importer(2089858483,b0f066a214c2f5e87bad3c948f4d605d) (ScriptedImporter) -> (Import Result ID: 'abef90b85247b9d2f906987af44c8cdd') in 0.0689844 seconds [static and dynamic dependencies]. Details - ImportResultOutputID=84eb38c82f196397164b112eff83cd51 DependenciesID=f21b229c85ebc73b799a4b9c7dd49d66 StaticDependenciesID=278a05f980018ced55e226fb1ff0eccf 
Number of updated asset objects reloaded before import = 0Number of asset objects unloaded after import = 1

========================================================================
Received Import Request.
  Time since last request: 0.000017 seconds.
  path: Assets/Jensen Assets/Third Person Controller/Animations/idle.fbx
  importAddress: Guid(5c7663cb3145a6a4fbdb26f16d98b98d) Importer(2089858483,b0f066a214c2f5e87bad3c948f4d605d)
Start importing Assets/Jensen Assets/Third Person Controller/Animations/idle.fbx using Guid(5c7663cb3145a6a4fbdb26f16d98b98d) Importer(2089858483,b0f066a214c2f5e87bad3c948f4d605d) (ScriptedImporter) -> (Import Result ID: '338c4c38be1bbf36260a6dafe4f8c00d') in 0.0569788 seconds [static and dynamic dependencies]. Details - ImportResultOutputID=5663a22e7233df7cddf62e85dac0185f DependenciesID=8691681ab6dbefcce0b93700441625dd StaticDependenciesID=3eb81784d935a396eab7490a7a0bcc7e 
Number of updated asset objects reloaded before import = 0Number of asset objects unloaded after import = 138

========================================================================
Received Import Request.
  Time since last request: 0.000021 seconds.
  path: Assets/Jensen Assets/Models and Prefabs/Walls and Floors/Prefabs/Stone/Walls/Wall-Stone (3).prefab
  importAddress: Guid(04e6a0d45eab6a24180f11ac74ab0e71) Importer(2089858483,b0f066a214c2f5e87bad3c948f4d605d)
Start importing Assets/Jensen Assets/Models and Prefabs/Walls and Floors/Prefabs/Stone/Walls/Wall-Stone (3).prefab using Guid(04e6a0d45eab6a24180f11ac74ab0e71) Importer(2089858483,b0f066a214c2f5e87bad3c948f4d605d) (ScriptedImporter) -> (Import Result ID: '2d941f6f8e688a699d6a4d0e808afb39') in 0.037228 seconds [static and dynamic dependencies]. Details - ImportResultOutputID=2c534e1a91f87a423d29b13460afaa44 DependenciesID=c53f99cbb00c2a064423c0e74b0918ff StaticDependenciesID=2863d6b4a0209f7af90e006c248599ca 
Number of updated asset objects reloaded before import = 0Number of asset objects unloaded after import = 9

========================================================================
Received Import Request.
  Time since last request: 0.000042 seconds.
  path: Assets/Jensen Assets/Models and Prefabs/Walls and Floors/Models/Stone/materials/Floor-Stone-Model-01.png
  importAddress: Guid(b23359ca8f9cca44f85121625463e5d0) Importer(2089858483,b0f066a214c2f5e87bad3c948f4d605d)
Start importing Assets/Jensen Assets/Models and Prefabs/Walls and Floors/Models/Stone/materials/Floor-Stone-Model-01.png using Guid(b23359ca8f9cca44f85121625463e5d0) Importer(2089858483,b0f066a214c2f5e87bad3c948f4d605d) (ScriptedImporter) -> (Import Result ID: '2854108d97f0785e4c85ebcb2eecc381') in 0.0185245 seconds [static and dynamic dependencies]. Details - ImportResultOutputID=ce100bd9e8c814a0ecc7342409230eb8 DependenciesID=02db327b958fbac55bc6cace2bf67c11 StaticDependenciesID=e586a908c9f3e12e13fb318998de89f8 
Number of updated asset objects reloaded before import = 0Number of asset objects unloaded after import = 1

========================================================================
Received Import Request.
  Time since last request: 0.000033 seconds.
  path: Assets/Jensen Assets/Scenes/SampleScene.unity
  importAddress: Guid(99c9720ab356a0642a771bea13969a05) Importer(2089858483,b0f066a214c2f5e87bad3c948f4d605d)
Start importing Assets/Jensen Assets/Scenes/SampleScene.unity using Guid(99c9720ab356a0642a771bea13969a05) Importer(2089858483,b0f066a214c2f5e87bad3c948f4d605d) (ScriptedImporter) -> (Import Result ID: 'c80ba144e14b3fe92e78664c43f03654') in 0.0135576 seconds [static and dynamic dependencies]. Details - ImportResultOutputID=e5cd670747399d5ae10ca4859ab58c11 DependenciesID=67f3dc000e7d4585e5ae858d1436da09 StaticDependenciesID=4dc8767c71deff0c6124ea2088247f84 
Number of updated asset objects reloaded before import = 0Number of asset objects unloaded after import = 1

========================================================================
Received Import Request.
  Time since last request: 0.000022 seconds.
  path: Assets/Jensen Assets/Materials and Textures/Stones/Textures/T_YFPM_JaggedSquare_d.tga
  importAddress: Guid(f007cd348aa15ec44be2e6cde87333cb) Importer(2089858483,b0f066a214c2f5e87bad3c948f4d605d)
Start importing Assets/Jensen Assets/Materials and Textures/Stones/Textures/T_YFPM_JaggedSquare_d.tga using Guid(f007cd348aa15ec44be2e6cde87333cb) Importer(2089858483,b0f066a214c2f5e87bad3c948f4d605d) (ScriptedImporter) -> (Import Result ID: 'ceac77f0c0fae0bc76fbde08e470c9c1') in 0.0188305 seconds [static and dynamic dependencies]. Details - ImportResultOutputID=a207291f830ce55ff2a0cd42a8bb3050 DependenciesID=24c9d6dd6a10c3c10d2822e5264f0286 StaticDependenciesID=0fffab97d5573a30c1a273578bbbe164 
Number of updated asset objects reloaded before import = 0Number of asset objects unloaded after import = 1

========================================================================
Received Import Request.
  Time since last request: 0.000029 seconds.
  path: Assets/Jensen Assets/Materials and Textures/Concrete/Materials/Clean_Concrete_GroundSpecular.png
  importAddress: Guid(66a8691bb7178d04a8f71b5311c43098) Importer(2089858483,b0f066a214c2f5e87bad3c948f4d605d)
Start importing Assets/Jensen Assets/Materials and Textures/Concrete/Materials/Clean_Concrete_GroundSpecular.png using Guid(66a8691bb7178d04a8f71b5311c43098) Importer(2089858483,b0f066a214c2f5e87bad3c948f4d605d) (ScriptedImporter) -> (Import Result ID: '46dbcc006984f91de12ce3db0904ef8e') in 0.0181562 seconds [static and dynamic dependencies]. Details - ImportResultOutputID=47c02469fa6bb047fb304830d9faed22 DependenciesID=929d72eb54d33e8b828e20184d6ac7c6 StaticDependenciesID=8154bc9586b6bc044c4376dca319e3e5 
Number of updated asset objects reloaded before import = 0Number of asset objects unloaded after import = 1

========================================================================
Received Import Request.
  Time since last request: 0.000028 seconds.
  path: Assets/Jensen Assets/Models and Prefabs/Walls and Floors/Models/Stone/materials/Wall-Stone-Model-12.png
  importAddress: Guid(a484a1cab5c216e4593450e16523b630) Importer(2089858483,b0f066a214c2f5e87bad3c948f4d605d)
Start importing Assets/Jensen Assets/Models and Prefabs/Walls and Floors/Models/Stone/materials/Wall-Stone-Model-12.png using Guid(a484a1cab5c216e4593450e16523b630) Importer(2089858483,b0f066a214c2f5e87bad3c948f4d605d) (ScriptedImporter) -> (Import Result ID: '108c2e32ed637e1fe5fc4724b42e8bb2') in 0.0214968 seconds [static and dynamic dependencies]. Details - ImportResultOutputID=3dcbc17af61db0849fdc330a007c9aa8 DependenciesID=c0eb1a17900d9301d82656fb2d20392f StaticDependenciesID=d21d9d8489fc9734c4caa8fc330e2d2f 
Number of updated asset objects reloaded before import = 0Number of asset objects unloaded after import = 1

========================================================================
Received Import Request.
  Time since last request: 0.000018 seconds.
  path: Assets/Jensen Assets/Materials and Textures/Concrete/Materials/Clean_Concrete_GroundNormal.png
  importAddress: Guid(d4d086a7cdd1c59469906c8afb3da47f) Importer(2089858483,b0f066a214c2f5e87bad3c948f4d605d)
Start importing Assets/Jensen Assets/Materials and Textures/Concrete/Materials/Clean_Concrete_GroundNormal.png using Guid(d4d086a7cdd1c59469906c8afb3da47f) Importer(2089858483,b0f066a214c2f5e87bad3c948f4d605d) (ScriptedImporter) -> (Import Result ID: '89653efd19a19250d9f11ef7a48cabed') in 0.0204344 seconds [static and dynamic dependencies]. Details - ImportResultOutputID=4d16d8b1d591208489db8bae941da64e DependenciesID=8fe07be05ad252b892f223988c95b7af StaticDependenciesID=c00b0a1e4edcf057c5da5b4853bfce45 
Number of updated asset objects reloaded before import = 0Number of asset objects unloaded after import = 1

========================================================================
Received Import Request.
  Time since last request: 0.000047 seconds.
  path: Assets/Jensen Assets/Skybox/Readme.txt
  importAddress: Guid(53399a9960b4d94419f1b8fa47c146b7) Importer(2089858483,b0f066a214c2f5e87bad3c948f4d605d)
Start importing Assets/Jensen Assets/Skybox/Readme.txt using Guid(53399a9960b4d94419f1b8fa47c146b7) Importer(2089858483,b0f066a214c2f5e87bad3c948f4d605d) (ScriptedImporter) -> (Import Result ID: 'de29a43c8c5f2c615eb299636e1266f7') in 0.0950549 seconds [static and dynamic dependencies]. Details - ImportResultOutputID=06431b938fc015355b8694df744b9823 DependenciesID=8bad2924df5b3a550e6831a7e0abf1b4 StaticDependenciesID=c23027db448ddca5a12ca0d2317f7460 
Number of updated asset objects reloaded before import = 0Number of asset objects unloaded after import = 1

========================================================================
Received Import Request.
  Time since last request: 0.000020 seconds.
  path: Assets/Jensen Assets/Models and Prefabs/Walls and Floors/Models/Stone/Corner-Stone-Model-03.fbx
  importAddress: Guid(c9a2f8ec850b892478e8fd57cc866047) Importer(2089858483,b0f066a214c2f5e87bad3c948f4d605d)
Start importing Assets/Jensen Assets/Models and Prefabs/Walls and Floors/Models/Stone/Corner-Stone-Model-03.fbx using Guid(c9a2f8ec850b892478e8fd57cc866047) Importer(2089858483,b0f066a214c2f5e87bad3c948f4d605d) (ScriptedImporter) -> (Import Result ID: '062eb2909c330d846fde9e7971b888c8') in 0.0484806 seconds [static and dynamic dependencies]. Details - ImportResultOutputID=21f280d7fb7c40c2a73dc38d0bf51520 DependenciesID=b0ef0f805e5b105f6b7a0b8b396707d7 StaticDependenciesID=64048e0777f9774744b92c4e984101ba 
Number of updated asset objects reloaded before import = 0Number of asset objects unloaded after import = 9

========================================================================
Received Import Request.
  Time since last request: 0.000031 seconds.
  path: Assets/Jensen Assets/Models and Prefabs/Walls and Floors/Models/Stone/Door-Stone-Model-02.fbx
  importAddress: Guid(81ecf8888cf4a7d49b85a85bf47cbc1b) Importer(2089858483,b0f066a214c2f5e87bad3c948f4d605d)
Start importing Assets/Jensen Assets/Models and Prefabs/Walls and Floors/Models/Stone/Door-Stone-Model-02.fbx using Guid(81ecf8888cf4a7d49b85a85bf47cbc1b) Importer(2089858483,b0f066a214c2f5e87bad3c948f4d605d) (ScriptedImporter) -> (Import Result ID: '81727589c96a32564ccd97c193de2d6e') in 0.0228751 seconds [static and dynamic dependencies]. Details - ImportResultOutputID=a5f658286ac29a76ab688b0413aaf9ee DependenciesID=c7457fca301dc2c2fdb3313468e6f94c StaticDependenciesID=43fd7a5e164c7e1bced6781f9978238d 
Number of updated asset objects reloaded before import = 0Number of asset objects unloaded after import = 9

========================================================================
Received Import Request.
  Time since last request: 0.000023 seconds.
  path: Assets/Jensen Assets/Materials and Textures/Guitar/AcousticGuitar/ModelAndTextures
  importAddress: Guid(7e3d4937665c8554592173694c62df4a) Importer(2089858483,b0f066a214c2f5e87bad3c948f4d605d)
Start importing Assets/Jensen Assets/Materials and Textures/Guitar/AcousticGuitar/ModelAndTextures using Guid(7e3d4937665c8554592173694c62df4a) Importer(2089858483,b0f066a214c2f5e87bad3c948f4d605d) (ScriptedImporter) -> (Import Result ID: '8e5a0cc4b44dcc9aa60876f9cea60692') in 0.0135305 seconds [static and dynamic dependencies]. Details - ImportResultOutputID=f20d5e4cbd2678fcc66dbb987f260de2 DependenciesID=77d46cc6dc874fad54bc66ab19b45d24 StaticDependenciesID=d540c1793eeb3d1097f443b7c2f3b89f 
Number of updated asset objects reloaded before import = 0Number of asset objects unloaded after import = 1

========================================================================
Received Import Request.
  Time since last request: 0.000022 seconds.
  path: Assets/Jensen Assets/Models and Prefabs/Walls and Floors/Models/Stone/materials/Wall-Stone-Model-08.mat
  importAddress: Guid(531ebf51a45f06748a01c51246b63597) Importer(2089858483,b0f066a214c2f5e87bad3c948f4d605d)
Start importing Assets/Jensen Assets/Models and Prefabs/Walls and Floors/Models/Stone/materials/Wall-Stone-Model-08.mat using Guid(531ebf51a45f06748a01c51246b63597) Importer(2089858483,b0f066a214c2f5e87bad3c948f4d605d) (ScriptedImporter) -> (Import Result ID: '15031f3a8f5ebdd7629986d5e451616d') in 0.0256759 seconds [static and dynamic dependencies]. Details - ImportResultOutputID=106ad0fd8a78f9ec1f998ca5c155dda0 DependenciesID=3b0ef889e47c2b7813c151c252dbda15 StaticDependenciesID=2b61164d98b833356049f8d4b159d85a 
Number of updated asset objects reloaded before import = 0Number of asset objects unloaded after import = 3

========================================================================
Received Import Request.
  Time since last request: 0.000024 seconds.
  path: Assets/Jensen Assets/Models and Prefabs/Walls and Floors/Models/Stone/materials/Corner-Stone-Model-02.mat
  importAddress: Guid(ac40411b9455773439ac8c5675392892) Importer(2089858483,b0f066a214c2f5e87bad3c948f4d605d)
Start importing Assets/Jensen Assets/Models and Prefabs/Walls and Floors/Models/Stone/materials/Corner-Stone-Model-02.mat using Guid(ac40411b9455773439ac8c5675392892) Importer(2089858483,b0f066a214c2f5e87bad3c948f4d605d) (ScriptedImporter) -> (Import Result ID: 'f9259457ed2546fd36dcbd20019ed017') in 0.0238396 seconds [static and dynamic dependencies]. Details - ImportResultOutputID=5b093a6ce2e8a1e93b6edb324337b453 DependenciesID=3cecf2f7dce043cdb85737b2f834f0fc StaticDependenciesID=34df6d42eabd58230a9b0667465b6166 
Number of updated asset objects reloaded before import = 0Number of asset objects unloaded after import = 3

========================================================================
Received Import Request.
  Time since last request: 0.000031 seconds.
  path: Assets/Jensen Assets/Models and Prefabs/Walls and Floors/Demo Scenes/Asset Lineup Scene/LightingData.asset
  importAddress: Guid(0ea5a93da0c93124399a60af79f86ffd) Importer(2089858483,b0f066a214c2f5e87bad3c948f4d605d)
Start importing Assets/Jensen Assets/Models and Prefabs/Walls and Floors/Demo Scenes/Asset Lineup Scene/LightingData.asset using Guid(0ea5a93da0c93124399a60af79f86ffd) Importer(2089858483,b0f066a214c2f5e87bad3c948f4d605d) (ScriptedImporter) -> (Import Result ID: 'ca5ebe815ee85b8e62d9e685a94da0eb') in 0.0396427 seconds [static and dynamic dependencies]. Details - ImportResultOutputID=b582b81d7e568e4a403cb756b1a76f01 DependenciesID=dbbb4cf253b68424e387706a36c21cd3 StaticDependenciesID=74dccb4ff4e92416366fb75e2918f835 
Number of updated asset objects reloaded before import = 0Number of asset objects unloaded after import = 2

========================================================================
Received Import Request.
  Time since last request: 0.000020 seconds.
  path: Assets/Jensen Assets/Materials and Textures/Stones/Textures/T_YFPM_Blocs_n.tga
  importAddress: Guid(b95298ff5d827074b9ffe7fc6e722ade) Importer(2089858483,b0f066a214c2f5e87bad3c948f4d605d)
Start importing Assets/Jensen Assets/Materials and Textures/Stones/Textures/T_YFPM_Blocs_n.tga using Guid(b95298ff5d827074b9ffe7fc6e722ade) Importer(2089858483,b0f066a214c2f5e87bad3c948f4d605d) (ScriptedImporter) -> (Import Result ID: 'ce5f2e5429860fe9726afe887977fcd8') in 0.0231026 seconds [static and dynamic dependencies]. Details - ImportResultOutputID=78443252fd589d6f6e548d609686cf57 DependenciesID=d67b40cc6426cda5bafd48659b72ed67 StaticDependenciesID=bc2ac83a5541f47ac45448f5a1b98b55 
Number of updated asset objects reloaded before import = 0Number of asset objects unloaded after import = 1

========================================================================
Received Import Request.
  Time since last request: 0.000022 seconds.
  path: Assets/Jensen Assets/Models and Prefabs/Walls and Floors/Demo Scenes/Demo Dungeons.unity
  importAddress: Guid(5d16060afb9b6a64e86da0304e3a615d) Importer(2089858483,b0f066a214c2f5e87bad3c948f4d605d)
Start importing Assets/Jensen Assets/Models and Prefabs/Walls and Floors/Demo Scenes/Demo Dungeons.unity using Guid(5d16060afb9b6a64e86da0304e3a615d) Importer(2089858483,b0f066a214c2f5e87bad3c948f4d605d) (ScriptedImporter) -> (Import Result ID: '140e67fa5d93e1738518fdd856f11747') in 0.0225429 seconds [static and dynamic dependencies]. Details - ImportResultOutputID=3ede5a459b4cabd09b353d7cfc7cbcf2 DependenciesID=7aae815fa0ab9b0cb735aa80664c595c StaticDependenciesID=93f2d31a5cf3550cb34c2b7c87641251 
Number of updated asset objects reloaded before import = 0Number of asset objects unloaded after import = 1

========================================================================
Received Import Request.
  Time since last request: 0.000019 seconds.
  path: Assets/Jensen Assets/Models and Prefabs/Walls and Floors/Prefabs/Stone/Floors
  importAddress: Guid(ed59fc8a832832c4eadfcfda09219fe7) Importer(2089858483,b0f066a214c2f5e87bad3c948f4d605d)
Start importing Assets/Jensen Assets/Models and Prefabs/Walls and Floors/Prefabs/Stone/Floors using Guid(ed59fc8a832832c4eadfcfda09219fe7) Importer(2089858483,b0f066a214c2f5e87bad3c948f4d605d) (ScriptedImporter) -> (Import Result ID: 'a0234014e68fff86c2be9f5c78aba542') in 0.018137 seconds [static and dynamic dependencies]. Details - ImportResultOutputID=df3397427b9a180d738a621162bfe59d DependenciesID=5cf6f5969f93b3320445ba5a2a6863d5 StaticDependenciesID=5af401a84ce9342aeb6d6fc1f9427fff 
Number of updated asset objects reloaded before import = 0Number of asset objects unloaded after import = 1

========================================================================
Received Import Request.
  Time since last request: 0.000026 seconds.
  path: Assets/Jensen Assets/Skybox/ReleaseNotes.txt
  importAddress: Guid(f4bb2358699d96a43b3bfb9dcd59213f) Importer(2089858483,b0f066a214c2f5e87bad3c948f4d605d)
Start importing Assets/Jensen Assets/Skybox/ReleaseNotes.txt using Guid(f4bb2358699d96a43b3bfb9dcd59213f) Importer(2089858483,b0f066a214c2f5e87bad3c948f4d605d) (ScriptedImporter) -> (Import Result ID: '094a77727c0665e544587771f211cb55') in 0.0220705 seconds [static and dynamic dependencies]. Details - ImportResultOutputID=638fe37bf0f8d9480051a91dc221df89 DependenciesID=8108052bc7356d621b5446bc70d3cd0c StaticDependenciesID=16dc0adaad033b388a668df9082e57b8 
Number of updated asset objects reloaded before import = 0Number of asset objects unloaded after import = 1

========================================================================
Received Import Request.
  Time since last request: 0.000018 seconds.
  path: Assets/Jensen Assets/Models and Prefabs/Walls and Floors/Prefabs/Stone/Floors/Floor-Stone (3).prefab
  importAddress: Guid(2e3557303b0b5774aba8c8e4f245d3a7) Importer(2089858483,b0f066a214c2f5e87bad3c948f4d605d)
Start importing Assets/Jensen Assets/Models and Prefabs/Walls and Floors/Prefabs/Stone/Floors/Floor-Stone (3).prefab using Guid(2e3557303b0b5774aba8c8e4f245d3a7) Importer(2089858483,b0f066a214c2f5e87bad3c948f4d605d) (ScriptedImporter) -> (Import Result ID: '60d7bdd6ec31daa69c5b0e3b102978ca') in 0.0317796 seconds [static and dynamic dependencies]. Details - ImportResultOutputID=958b087be31c9efb873170428312ce2b DependenciesID=4ae4fa96dcc613e322e73c04ef3f2517 StaticDependenciesID=c4b7891884dfd2f4d110b0c19673679e 
Number of updated asset objects reloaded before import = 0Number of asset objects unloaded after import = 9

========================================================================
Received Import Request.
  Time since last request: 0.000019 seconds.
  path: Assets/Jensen Assets/Settings/SampleSceneProfile.asset
  importAddress: Guid(cf41ec6648fe56841944df68c1820436) Importer(2089858483,b0f066a214c2f5e87bad3c948f4d605d)
Start importing Assets/Jensen Assets/Settings/SampleSceneProfile.asset using Guid(cf41ec6648fe56841944df68c1820436) Importer(2089858483,b0f066a214c2f5e87bad3c948f4d605d) (ScriptedImporter) -> (Import Result ID: 'ae288926c8957750afe24c959eed2ee0') in 0.0264901 seconds [static and dynamic dependencies]. Details - ImportResultOutputID=41a82ddf6eb27c6ab99e5ee0abfff0c3 DependenciesID=35ab0620416061b061ee482de568f2aa StaticDependenciesID=17d6bcedb8aaa8d829b6dcefba8490f0 
Number of updated asset objects reloaded before import = 0Number of asset objects unloaded after import = 5

========================================================================
Received Import Request.
  Time since last request: 0.000019 seconds.
  path: Assets/Jensen Assets/Models and Prefabs/Walls and Floors/Prefabs/Stone/Doors
  importAddress: Guid(a05221b2fd181c54b879864a4503c60d) Importer(2089858483,b0f066a214c2f5e87bad3c948f4d605d)
Start importing Assets/Jensen Assets/Models and Prefabs/Walls and Floors/Prefabs/Stone/Doors using Guid(a05221b2fd181c54b879864a4503c60d) Importer(2089858483,b0f066a214c2f5e87bad3c948f4d605d) (ScriptedImporter) -> (Import Result ID: 'df3a01befb3f1baad8edb9e156456115') in 0.0176448 seconds [static and dynamic dependencies]. Details - ImportResultOutputID=f66d697d445fe7a54a6f1efc11898de1 DependenciesID=bcda9a6aadc429be15575f405534846f StaticDependenciesID=90272ae5e4ff8d10706d27d8fee652f5 
Number of updated asset objects reloaded before import = 0Number of asset objects unloaded after import = 1

========================================================================
Received Import Request.
  Time since last request: 0.000027 seconds.
  path: Assets/Jensen Assets/Models and Prefabs/Walls and Floors/Models/Stone/materials/Wall-Stone-Model-06.mat
  importAddress: Guid(b97ac9058d8efce46a1ce11971dd49bb) Importer(2089858483,b0f066a214c2f5e87bad3c948f4d605d)
Start importing Assets/Jensen Assets/Models and Prefabs/Walls and Floors/Models/Stone/materials/Wall-Stone-Model-06.mat using Guid(b97ac9058d8efce46a1ce11971dd49bb) Importer(2089858483,b0f066a214c2f5e87bad3c948f4d605d) (ScriptedImporter) -> (Import Result ID: '77fbafc6bb1fa2354b6d4a70956510bb') in 0.0167559 seconds [static and dynamic dependencies]. Details - ImportResultOutputID=a48725f5e4925f7aece193d1f89578a6 DependenciesID=e3ff8066bfa1c0112e298b9e6b6ad192 StaticDependenciesID=0123c295f16e862a778c62c9d67f14a7 
Number of updated asset objects reloaded before import = 0Number of asset objects unloaded after import = 3

========================================================================
Received Import Request.
  Time since last request: 0.000023 seconds.
  path: Assets/Jensen Assets/Models and Prefabs/Walls and Floors/Models/Stone/Wall-Stone-Model-02.fbx
  importAddress: Guid(bbc007129f2c6534c9e70e722e90499f) Importer(2089858483,b0f066a214c2f5e87bad3c948f4d605d)
Start importing Assets/Jensen Assets/Models and Prefabs/Walls and Floors/Models/Stone/Wall-Stone-Model-02.fbx using Guid(bbc007129f2c6534c9e70e722e90499f) Importer(2089858483,b0f066a214c2f5e87bad3c948f4d605d) (ScriptedImporter) -> (Import Result ID: '0115c199da975dae10ecba45305202b2') in 0.028618 seconds [static and dynamic dependencies]. Details - ImportResultOutputID=f983a9702c1a1fda8f8bf9a0e08012c4 DependenciesID=53018e24915a8d3e7e4f66c5d7d45558 StaticDependenciesID=7e569dd4224c9b519b7d16da78e1f1df 
Number of updated asset objects reloaded before import = 0Number of asset objects unloaded after import = 9

========================================================================
Received Import Request.
  Time since last request: 0.000020 seconds.
  path: Assets/Jensen Assets/Models and Prefabs/Walls and Floors/Models/Stone/materials/Floor-Stone-Model-02.png
  importAddress: Guid(2aa5b41a596bc424e852c02af81b563b) Importer(2089858483,b0f066a214c2f5e87bad3c948f4d605d)
Start importing Assets/Jensen Assets/Models and Prefabs/Walls and Floors/Models/Stone/materials/Floor-Stone-Model-02.png using Guid(2aa5b41a596bc424e852c02af81b563b) Importer(2089858483,b0f066a214c2f5e87bad3c948f4d605d) (ScriptedImporter) -> (Import Result ID: 'b233621128e6eb2b03a2a3bd39bee09c') in 0.0518385 seconds [static and dynamic dependencies]. Details - ImportResultOutputID=6ee07119125b0179cf72dac1f0cecbd1 DependenciesID=fd60e478809d32b92c326288fcd9ef69 StaticDependenciesID=393ff4eed90739fcea75aa9106a7d5be 
Number of updated asset objects reloaded before import = 0Number of asset objects unloaded after import = 1

========================================================================
Received Import Request.
  Time since last request: 0.000019 seconds.
  path: Assets/Jensen Assets/Materials and Textures/Stones/Textures/T_YFPM_BrokenRectangles_n.tga
  importAddress: Guid(d91b0f78db92f3b46ab6c2b21148196f) Importer(2089858483,b0f066a214c2f5e87bad3c948f4d605d)
Start importing Assets/Jensen Assets/Materials and Textures/Stones/Textures/T_YFPM_BrokenRectangles_n.tga using Guid(d91b0f78db92f3b46ab6c2b21148196f) Importer(2089858483,b0f066a214c2f5e87bad3c948f4d605d) (ScriptedImporter) -> (Import Result ID: '65a86939a365901c19532726d50c2af9') in 0.0330516 seconds [static and dynamic dependencies]. Details - ImportResultOutputID=f1e7a503a6ebd47986bc71d0f5cf86cd DependenciesID=2daab7f34c6489a929df9f6108a9d06d StaticDependenciesID=48aa093a5ad71250bb1568610a82343e 
Number of updated asset objects reloaded before import = 0Number of asset objects unloaded after import = 1

========================================================================
Received Import Request.
  Time since last request: 0.000027 seconds.
  path: Assets/Jensen Assets/Materials and Textures/Smoothed Textures/Materials/smoothed rock.mat
  importAddress: Guid(d10d850b2fbc52f48a8d2bb09d79014c) Importer(2089858483,b0f066a214c2f5e87bad3c948f4d605d)
Start importing Assets/Jensen Assets/Materials and Textures/Smoothed Textures/Materials/smoothed rock.mat using Guid(d10d850b2fbc52f48a8d2bb09d79014c) Importer(2089858483,b0f066a214c2f5e87bad3c948f4d605d) (ScriptedImporter) -> (Import Result ID: '5f4f95655262e2a53a7e4baca2489bba') in 0.0227411 seconds [static and dynamic dependencies]. Details - ImportResultOutputID=10c278c0ba5257378f1bb42ff9343d4e DependenciesID=a27a23ee965ec2deb6fd10942787fc2d StaticDependenciesID=9932eab1d990d78dcdd900493bd5b0e3 
Number of updated asset objects reloaded before import = 0Number of asset objects unloaded after import = 2

========================================================================
Received Import Request.
  Time since last request: 0.000020 seconds.
  path: Assets/Jensen Assets/Models and Prefabs/Walls and Floors/Models/Stone/Floor-Stone-Model-01.fbx
  importAddress: Guid(f82ce6fd18315eb44ad3a7799a799667) Importer(2089858483,b0f066a214c2f5e87bad3c948f4d605d)
Start importing Assets/Jensen Assets/Models and Prefabs/Walls and Floors/Models/Stone/Floor-Stone-Model-01.fbx using Guid(f82ce6fd18315eb44ad3a7799a799667) Importer(2089858483,b0f066a214c2f5e87bad3c948f4d605d) (ScriptedImporter) -> (Import Result ID: '12ae09846f2ac9eaecc3e12267f45db0') in 0.0324663 seconds [static and dynamic dependencies]. Details - ImportResultOutputID=01696adc5ab8bfd83c331a5603316bfc DependenciesID=06c0d6f525a6cf79545876770589be54 StaticDependenciesID=7a0b05839b3edda1f812d9dbe382edee 
Number of updated asset objects reloaded before import = 0Number of asset objects unloaded after import = 9

========================================================================
Received Import Request.
  Time since last request: 0.000016 seconds.
  path: Assets/Jensen Assets/Third Person Controller/Animations/walking.fbx
  importAddress: Guid(999cbd01591b53640986f5c364d5346b) Importer(2089858483,b0f066a214c2f5e87bad3c948f4d605d)
Start importing Assets/Jensen Assets/Third Person Controller/Animations/walking.fbx using Guid(999cbd01591b53640986f5c364d5346b) Importer(2089858483,b0f066a214c2f5e87bad3c948f4d605d) (ScriptedImporter)MaterialLocation.External is obsolete. External Material Location is no longer supported. (Assets/Jensen Assets/Third Person Controller/Animations/walking.fbx)
 -> (Import Result ID: '72a96f4897ff30bddbd7970702f66c7c') in 0.0350399 seconds [static and dynamic dependencies]. Details - ImportResultOutputID=5db12855aea1637195818a1a5c74f0b4 DependenciesID=e057d6dde2f78b73516d0a7b72a8ee66 StaticDependenciesID=4b73ea66e88dc0def2d767d441eb714f 
Number of updated asset objects reloaded before import = 0Number of asset objects unloaded after import = 138

========================================================================
Received Import Request.
  Time since last request: 0.000020 seconds.
  path: Assets/Jensen Assets/Models and Prefabs/Walls and Floors/Prefabs/Stone/Floors/Floor-Stone (2).prefab
  importAddress: Guid(bf6eae279b80dd743be4cb4fbc4b4334) Importer(2089858483,b0f066a214c2f5e87bad3c948f4d605d)
Start importing Assets/Jensen Assets/Models and Prefabs/Walls and Floors/Prefabs/Stone/Floors/Floor-Stone (2).prefab using Guid(bf6eae279b80dd743be4cb4fbc4b4334) Importer(2089858483,b0f066a214c2f5e87bad3c948f4d605d) (ScriptedImporter) -> (Import Result ID: 'e22e832e3e83557cb5aa5b36e8ce69f4') in 0.027565 seconds [static and dynamic dependencies]. Details - ImportResultOutputID=4962a830a8bb41b41916f34139056890 DependenciesID=28445c108991f4403096b2dfbd66df8b StaticDependenciesID=c92d66ec21571a2964ec50bc8ffbcfee 
Number of updated asset objects reloaded before import = 0Number of asset objects unloaded after import = 9

========================================================================
Received Import Request.
  Time since last request: 0.000029 seconds.
  path: Assets/Jensen Assets/Materials and Textures/Stones/Textures/T_YFPM_JaggedSquare_n.tga
  importAddress: Guid(f87b526408c33f34aad8eb366985b976) Importer(2089858483,b0f066a214c2f5e87bad3c948f4d605d)
Start importing Assets/Jensen Assets/Materials and Textures/Stones/Textures/T_YFPM_JaggedSquare_n.tga using Guid(f87b526408c33f34aad8eb366985b976) Importer(2089858483,b0f066a214c2f5e87bad3c948f4d605d) (ScriptedImporter) -> (Import Result ID: 'e417fc06ef78e3b85da9b4f0cbac3ff0') in 0.0222938 seconds [static and dynamic dependencies]. Details - ImportResultOutputID=8887a05c2eba29543c79f95d1486c613 DependenciesID=6230b6c5b570e26ec48dd680690bc813 StaticDependenciesID=068a9c19346638eb6cb7699b744dac3a 
Number of updated asset objects reloaded before import = 0Number of asset objects unloaded after import = 1

========================================================================
Received Import Request.
  Time since last request: 0.000017 seconds.
  path: Assets/Jensen Assets/Models and Prefabs/Walls and Floors/Models/Stone/materials/Wall-Stone-Model-11.png
  importAddress: Guid(92fdb74de751e4f4a83b8a1d7bfeb29e) Importer(2089858483,b0f066a214c2f5e87bad3c948f4d605d)
Start importing Assets/Jensen Assets/Models and Prefabs/Walls and Floors/Models/Stone/materials/Wall-Stone-Model-11.png using Guid(92fdb74de751e4f4a83b8a1d7bfeb29e) Importer(2089858483,b0f066a214c2f5e87bad3c948f4d605d) (ScriptedImporter) -> (Import Result ID: '844fde4a500e381e66b5dd43adf25f0e') in 0.0226081 seconds [static and dynamic dependencies]. Details - ImportResultOutputID=bb2424cfd9de71bbc11092238cc477af DependenciesID=2733ad95b796d083728757295230a8d0 StaticDependenciesID=d61f259ec6a8eafb1c137d0799a931e8 
Number of updated asset objects reloaded before import = 0Number of asset objects unloaded after import = 1

========================================================================
Received Import Request.
  Time since last request: 0.000015 seconds.
  path: Assets/Jensen Assets/Models and Prefabs/Walls and Floors/Models/Stone/materials/Corner-Stone-Model-03.png
  importAddress: Guid(b5b67259540d6bf4b9e825e43b59b410) Importer(2089858483,b0f066a214c2f5e87bad3c948f4d605d)
Start importing Assets/Jensen Assets/Models and Prefabs/Walls and Floors/Models/Stone/materials/Corner-Stone-Model-03.png using Guid(b5b67259540d6bf4b9e825e43b59b410) Importer(2089858483,b0f066a214c2f5e87bad3c948f4d605d) (ScriptedImporter) -> (Import Result ID: 'd673b8a34105acb3bb7a02c4538bada1') in 0.019574 seconds [static and dynamic dependencies]. Details - ImportResultOutputID=d7788dff675634e0a4892719f5d24af8 DependenciesID=24982c0f4d4f282802cba3f85e4f1ba2 StaticDependenciesID=690416defea031983f47be89ffa6795f 
Number of updated asset objects reloaded before import = 0Number of asset objects unloaded after import = 1

========================================================================
Received Import Request.
  Time since last request: 0.000017 seconds.
  path: Assets/Jensen Assets/Materials and Textures/Stones/Textures/T_YFPM_Blocs_s.tga
  importAddress: Guid(1078e073ca020cd49931aea67ccfa0d5) Importer(2089858483,b0f066a214c2f5e87bad3c948f4d605d)
Start importing Assets/Jensen Assets/Materials and Textures/Stones/Textures/T_YFPM_Blocs_s.tga using Guid(1078e073ca020cd49931aea67ccfa0d5) Importer(2089858483,b0f066a214c2f5e87bad3c948f4d605d) (ScriptedImporter) -> (Import Result ID: '3cb512db1b30192cb587e5bad11deaff') in 0.023782 seconds [static and dynamic dependencies]. Details - ImportResultOutputID=d02812956456b4efea0744815bda7130 DependenciesID=00d2faed4f17c0bf35f0d78578b58746 StaticDependenciesID=8cc95ba7e7eb64cdf3d11f8743974fe9 
Number of updated asset objects reloaded before import = 0Number of asset objects unloaded after import = 1

========================================================================
Received Import Request.
  Time since last request: 0.000027 seconds.
  path: Assets/Jensen Assets/Models and Prefabs/Walls and Floors/Demo Scenes/Asset Lineup Scene/ReflectionProbe-0.exr
  importAddress: Guid(be6e149ec6a8f9246b24aa1aba0e989f) Importer(2089858483,b0f066a214c2f5e87bad3c948f4d605d)
Start importing Assets/Jensen Assets/Models and Prefabs/Walls and Floors/Demo Scenes/Asset Lineup Scene/ReflectionProbe-0.exr using Guid(be6e149ec6a8f9246b24aa1aba0e989f) Importer(2089858483,b0f066a214c2f5e87bad3c948f4d605d) (ScriptedImporter) -> (Import Result ID: '3ead840cfdb1df23e1c9047c13a8390a') in 0.0332062 seconds [static and dynamic dependencies]. Details - ImportResultOutputID=7044fa6451df9da3d6920df97c85bd0b DependenciesID=f315a2d69a9751455149890bbd9a067b StaticDependenciesID=04dc6f4b43c239196c809c8eebe82772 
Number of updated asset objects reloaded before import = 0Number of asset objects unloaded after import = 1

========================================================================
Received Import Request.
  Time since last request: 0.000023 seconds.
  path: Assets/Jensen Assets/Scripts/Pickup.cs
  importAddress: Guid(9a184efe41ba35c4d8ad5840a8de6e7d) Importer(2089858483,b0f066a214c2f5e87bad3c948f4d605d)
Start importing Assets/Jensen Assets/Scripts/Pickup.cs using Guid(9a184efe41ba35c4d8ad5840a8de6e7d) Importer(2089858483,b0f066a214c2f5e87bad3c948f4d605d) (ScriptedImporter) -> (Import Result ID: '88fdb559ad3f8f87465a82c1b0f229d0') in 0.0274041 seconds [static and dynamic dependencies]. Details - ImportResultOutputID=6d48df69d0b21d8ec5f099bf85da4096 DependenciesID=0ec73df81a727c433b710fb0776b6f6a StaticDependenciesID=d25dc51b7662343eb74ce9b05d905390 
Number of updated asset objects reloaded before import = 0Number of asset objects unloaded after import = 0

========================================================================
Received Import Request.
  Time since last request: 0.000015 seconds.
  path: Assets/Jensen Assets/Models and Prefabs/Walls and Floors/Models/Stone/materials/Wall-Stone-Model-10.png
  importAddress: Guid(b7290229929885845b1665e4c7d323fb) Importer(2089858483,b0f066a214c2f5e87bad3c948f4d605d)
Start importing Assets/Jensen Assets/Models and Prefabs/Walls and Floors/Models/Stone/materials/Wall-Stone-Model-10.png using Guid(b7290229929885845b1665e4c7d323fb) Importer(2089858483,b0f066a214c2f5e87bad3c948f4d605d) (ScriptedImporter) -> (Import Result ID: 'af49317116cf3c2b564ba25146a58fdf') in 0.0181931 seconds [static and dynamic dependencies]. Details - ImportResultOutputID=435123976ef444750da3a5eebf6e487f DependenciesID=f7b8893bd0c52047a64d02f5928ca477 StaticDependenciesID=91cba965cadad7d2b36cbe20c5e8c5aa 
Number of updated asset objects reloaded before import = 0Number of asset objects unloaded after import = 1

========================================================================
Received Import Request.
  Time since last request: 0.000018 seconds.
  path: Assets/Jensen Assets/Models and Prefabs/Walls and Floors/Prefabs/Stone/Doors/Door-Stone (1).prefab
  importAddress: Guid(3026cfe035107be4eb17b0ed93596957) Importer(2089858483,b0f066a214c2f5e87bad3c948f4d605d)
Start importing Assets/Jensen Assets/Models and Prefabs/Walls and Floors/Prefabs/Stone/Doors/Door-Stone (1).prefab using Guid(3026cfe035107be4eb17b0ed93596957) Importer(2089858483,b0f066a214c2f5e87bad3c948f4d605d) (ScriptedImporter) -> (Import Result ID: '7018ebba880bce0862f575dfe184089f') in 0.0165488 seconds [static and dynamic dependencies]. Details - ImportResultOutputID=20d2713e5a51a5764c62824aa42f2900 DependenciesID=2f9e87d46c6cd23357534abf42c19031 StaticDependenciesID=1914f90f7f6ac1cce129527eb502b964 
Number of updated asset objects reloaded before import = 0Number of asset objects unloaded after import = 11

========================================================================
Received Import Request.
  Time since last request: 0.000029 seconds.
  path: Assets/Jensen Assets/Models and Prefabs/Walls and Floors/Demo Scenes/Demo Dungeons/LightingData.asset
  importAddress: Guid(265a45d5200e5f64da06beb9456cf752) Importer(2089858483,b0f066a214c2f5e87bad3c948f4d605d)
Start importing Assets/Jensen Assets/Models and Prefabs/Walls and Floors/Demo Scenes/Demo Dungeons/LightingData.asset using Guid(265a45d5200e5f64da06beb9456cf752) Importer(2089858483,b0f066a214c2f5e87bad3c948f4d605d) (ScriptedImporter) -> (Import Result ID: '8721e660d244f4319a953a0b576f6317') in 0.0137329 seconds [static and dynamic dependencies]. Details - ImportResultOutputID=63d72ab9d7c13c03167d09a557abf732 DependenciesID=997add62c1504e8a14dad6475fe634cf StaticDependenciesID=a7e5195f3b30f7b2b0a2c5a4dc27a719 
Number of updated asset objects reloaded before import = 0Number of asset objects unloaded after import = 2

========================================================================
Received Import Request.
  Time since last request: 0.000015 seconds.
  path: Assets/Jensen Assets/Settings/Mobile_RPAsset.asset
  importAddress: Guid(c1f5710cc0d3f3a489495ba952d50f74) Importer(2089858483,b0f066a214c2f5e87bad3c948f4d605d)
Start importing Assets/Jensen Assets/Settings/Mobile_RPAsset.asset using Guid(c1f5710cc0d3f3a489495ba952d50f74) Importer(2089858483,b0f066a214c2f5e87bad3c948f4d605d) (ScriptedImporter) -> (Import Result ID: '40d9724e450e7d9e6e3e86494fff0a81') in 0.0663203 seconds [static and dynamic dependencies]. Details - ImportResultOutputID=f9fda92af4fc80636babee5ce9654dae DependenciesID=9003f365a8e450325342123d8a301e57 StaticDependenciesID=adb7ab39294b5dbb8b3b50f96027d46d 
Number of updated asset objects reloaded before import = 0Number of asset objects unloaded after import = 2

========================================================================
Received Import Request.
  Time since last request: 51.863242 seconds.
  path: Assets/Topher Assets/Assignment 3 provided materials/Third Person Controller/PlayerMovement.cs
  importAddress: Guid(39d7cb1f7aa15304ca069dabfe2dc04d) Importer(815301076,1909f56bfc062723c751e8b465ee728b)
Start importing Assets/Topher Assets/Assignment 3 provided materials/Third Person Controller/PlayerMovement.cs using Guid(39d7cb1f7aa15304ca069dabfe2dc04d) Importer(815301076,1909f56bfc062723c751e8b465ee728b) (PreviewImporter) -> (Import Result ID: '9886af481ec88aa62cb297b8e64bd722') in 0.0005836 seconds [static and dynamic dependencies]. Details - ImportResultOutputID=815d407250bc161f840b3f7e213787b3 DependenciesID=7dfc200bb90f9e697ccf788fa86464ba StaticDependenciesID=9c98d06e57d85a22faf0074488f9a28c 
Number of updated asset objects reloaded before import = 0Number of asset objects unloaded after import = 0

========================================================================
Received Prepare
Unloading 25 Unused Serialized files (Serialized files now loaded: 0)
Unloading 6664 unused Assets / (5.2 MB). Loaded Objects now: 7514.
Memory consumption went from 164.2 MB to 159.0 MB.
Total: 11.703500 ms (FindLiveObjects: 0.821000 ms CreateObjectMapping: 0.392900 ms MarkObjects: 7.688700 ms  DeleteObjects: 2.799900 ms)

Prepare: number of updated asset objects reloaded= 0
========================================================================
Received Import Request.
  Time since last request: 27.762368 seconds.
  path: Assets/Topher Assets/Assignment 3 provided materials/Third Person Controller/PlayerMovement.cs
  importAddress: Guid(39d7cb1f7aa15304ca069dabfe2dc04d) Importer(815301076,1909f56bfc062723c751e8b465ee728b)
Start importing Assets/Topher Assets/Assignment 3 provided materials/Third Person Controller/PlayerMovement.cs using Guid(39d7cb1f7aa15304ca069dabfe2dc04d) Importer(815301076,1909f56bfc062723c751e8b465ee728b) (PreviewImporter) -> (Import Result ID: 'b515da12315f096e581496a68fc3d493') in 0.0006287 seconds [static and dynamic dependencies]. Details - ImportResultOutputID=815d407250bc161f840b3f7e213787b3 DependenciesID=094a408d7a41bd52409427e54849683d StaticDependenciesID=fe19c836643efaa36a19651e3901dd83 
Number of updated asset objects reloaded before import = 0Number of asset objects unloaded after import = 0

========================================================================
Received Import Request.
  Time since last request: 0.250671 seconds.
  path: Assets/Topher Assets/Assignment 3 provided materials/Third Person Controller/PlayerMovement.cs
  importAddress: Guid(39d7cb1f7aa15304ca069dabfe2dc04d) Importer(2089858483,b0f066a214c2f5e87bad3c948f4d605d)
Start importing Assets/Topher Assets/Assignment 3 provided materials/Third Person Controller/PlayerMovement.cs using Guid(39d7cb1f7aa15304ca069dabfe2dc04d) Importer(2089858483,b0f066a214c2f5e87bad3c948f4d605d) (ScriptedImporter) -> (Import Result ID: '98cc8fe855a202e5a23276a51a386150') in 0.0155944 seconds [static and dynamic dependencies]. Details - ImportResultOutputID=0a8a9b3a96834cb16e526753e745b99c DependenciesID=38aee062c70bb3bdd885836765813a9a StaticDependenciesID=b690352bd2b917f8f60e15d00acff48d 
Number of updated asset objects reloaded before import = 0Number of asset objects unloaded after import = 0

========================================================================
Received Prepare
Unloading 25 Unused Serialized files (Serialized files now loaded: 0)
Unloading 6663 unused Assets / (5.2 MB). Loaded Objects now: 7514.
Memory consumption went from 164.2 MB to 159.0 MB.
Total: 11.253300 ms (FindLiveObjects: 0.680000 ms CreateObjectMapping: 0.455800 ms MarkObjects: 7.629300 ms  DeleteObjects: 2.486600 ms)

Prepare: number of updated asset objects reloaded= 0
========================================================================
Received Import Request.
  Time since last request: 100.605937 seconds.
  path: Assets/Topher Assets/Scripts/DoorScript.cs
  importAddress: Guid(8a9392014f843894da7de086937f7726) Importer(2089858483,b0f066a214c2f5e87bad3c948f4d605d)
Start importing Assets/Topher Assets/Scripts/DoorScript.cs using Guid(8a9392014f843894da7de086937f7726) Importer(2089858483,b0f066a214c2f5e87bad3c948f4d605d) (ScriptedImporter) -> (Import Result ID: '43fbb1c73f05f35bf049accadd3f6ab7') in 0.0122633 seconds [static and dynamic dependencies]. Details - ImportResultOutputID=c0802032ab3a0e1942355128fb866e8c DependenciesID=ec9e77fa8ade5805c0b38a1211db0b4f StaticDependenciesID=eefa688ed4ccd8df24d99fa3ccfb6206 
Number of updated asset objects reloaded before import = 0Number of asset objects unloaded after import = 0

========================================================================
Received Prepare
Unloading 25 Unused Serialized files (Serialized files now loaded: 0)
Unloading 6663 unused Assets / (5.8 MB). Loaded Objects now: 7514.
Memory consumption went from 164.2 MB to 158.5 MB.
Total: 13.416900 ms (FindLiveObjects: 1.166200 ms CreateObjectMapping: 0.781800 ms MarkObjects: 8.166200 ms  DeleteObjects: 3.301400 ms)

Prepare: number of updated asset objects reloaded= 0
========================================================================
Received Import Request.
  Time since last request: 76.863107 seconds.
  path: Assets/Topher Assets/Scripts/LevelSwitch.cs
  importAddress: Guid(e31cc70663138a44dbcb3a0705e854ad) Importer(2089858483,b0f066a214c2f5e87bad3c948f4d605d)
Start importing Assets/Topher Assets/Scripts/LevelSwitch.cs using Guid(e31cc70663138a44dbcb3a0705e854ad) Importer(2089858483,b0f066a214c2f5e87bad3c948f4d605d) (ScriptedImporter) -> (Import Result ID: 'f3064045fd2d2aa9caa1c408403b49a1') in 0.0135523 seconds [static and dynamic dependencies]. Details - ImportResultOutputID=70ce120fe45855d6e6c61adcdbbef82e DependenciesID=0f7103b7712dd85b4bba0a962796f8e3 StaticDependenciesID=a7aa9466f58f320f36ee968f589e7432 
Number of updated asset objects reloaded before import = 0Number of asset objects unloaded after import = 0

========================================================================
Received Import Request.
  Time since last request: 0.000048 seconds.
  path: Assets/Topher Assets/Scripts/TestScript.cs
  importAddress: Guid(36495bb66aeba55469bd1bae03202a89) Importer(2089858483,b0f066a214c2f5e87bad3c948f4d605d)
Start importing Assets/Topher Assets/Scripts/TestScript.cs using Guid(36495bb66aeba55469bd1bae03202a89) Importer(2089858483,b0f066a214c2f5e87bad3c948f4d605d) (ScriptedImporter) -> (Import Result ID: '99466957be5c1aeb8e26a7f438015706') in 0.0121994 seconds [static and dynamic dependencies]. Details - ImportResultOutputID=4a02c024ae442441807714a3ae8f2d6c DependenciesID=ae033f928b143d4c946eee074fe443a3 StaticDependenciesID=05c1d372046cdaaa66b68e36b69b8aa4 
Number of updated asset objects reloaded before import = 0Number of asset objects unloaded after import = 0

========================================================================
Received Prepare
Unloading 25 Unused Serialized files (Serialized files now loaded: 0)
Unloading 6663 unused Assets / (5.7 MB). Loaded Objects now: 7514.
Memory consumption went from 164.2 MB to 158.5 MB.
Total: 12.045700 ms (FindLiveObjects: 0.746400 ms CreateObjectMapping: 0.411900 ms MarkObjects: 7.821200 ms  DeleteObjects: 3.065200 ms)

Prepare: number of updated asset objects reloaded= 0
========================================================================
Received Import Request.
  Time since last request: 20.530709 seconds.
  path: Assets/Topher Assets/Scripts/CameraMovement.cs
  importAddress: Guid(ead5869e9e555314d9d0ab576427dc38) Importer(2089858483,b0f066a214c2f5e87bad3c948f4d605d)
Start importing Assets/Topher Assets/Scripts/CameraMovement.cs using Guid(ead5869e9e555314d9d0ab576427dc38) Importer(2089858483,b0f066a214c2f5e87bad3c948f4d605d) (ScriptedImporter) -> (Import Result ID: '7bcbf8baf9cbd94bb9a8ce0049dff5f7') in 0.0129545 seconds [static and dynamic dependencies]. Details - ImportResultOutputID=c490500e1817a9a03e3c5267252c73ad DependenciesID=7a7180dd7bb175d59a841822a41732ad StaticDependenciesID=1f615356c0d79d08b71e39cd81ec5552 
Number of updated asset objects reloaded before import = 0Number of asset objects unloaded after import = 0

========================================================================
Received Prepare
Unloading 25 Unused Serialized files (Serialized files now loaded: 0)
Unloading 6663 unused Assets / (5.5 MB). Loaded Objects now: 7514.
Memory consumption went from 164.2 MB to 158.7 MB.
Total: 12.386000 ms (FindLiveObjects: 0.824700 ms CreateObjectMapping: 1.079700 ms MarkObjects: 7.305500 ms  DeleteObjects: 3.175200 ms)

Prepare: number of updated asset objects reloaded= 0
========================================================================
Received Import Request.
  Time since last request: 30.680005 seconds.
  path: Assets/Topher Assets/Scripts/Exit.cs
  importAddress: Guid(8affff86d44ea4745be687b38485f7f3) Importer(2089858483,b0f066a214c2f5e87bad3c948f4d605d)
Start importing Assets/Topher Assets/Scripts/Exit.cs using Guid(8affff86d44ea4745be687b38485f7f3) Importer(2089858483,b0f066a214c2f5e87bad3c948f4d605d) (ScriptedImporter) -> (Import Result ID: 'b4b0fe4c37968d3c2088c241f6c44096') in 0.0214574 seconds [static and dynamic dependencies]. Details - ImportResultOutputID=38ca34ba5a38889f780ca9f0b448913e DependenciesID=6c11d3d54ba66bc0c2a3036f20ed9f72 StaticDependenciesID=c1776d64f83d1d83e0a497f6cc1a6aee 
Number of updated asset objects reloaded before import = 0Number of asset objects unloaded after import = 0

========================================================================
Received Prepare
Begin MonoManager ReloadAssembly
[Licensing::Client] Successfully resolved entitlement details
Assembly Assembly-CSharp-Editor-firstpass.dll at Library/ScriptAssemblies/Assembly-CSharp-Editor-firstpass.dll not valid. Loading of assembly skipped.
Assembly Assembly-CSharp-Editor.dll at Library/ScriptAssemblies/Assembly-CSharp-Editor.dll not valid. Loading of assembly skipped.
Assembly Assembly-CSharp-firstpass.dll at Library/ScriptAssemblies/Assembly-CSharp-firstpass.dll not valid. Loading of assembly skipped.
Assembly DocCodeExamples.dll at Library/ScriptAssemblies/DocCodeExamples.dll not valid. Loading of assembly skipped.
Assembly TestNewCustomAssembly.dll at Library/ScriptAssemblies/TestNewCustomAssembly.dll not valid. Loading of assembly skipped.
Assembly Unity.Collections.BurstCompatibilityGen.dll at Library/ScriptAssemblies/Unity.Collections.BurstCompatibilityGen.dll not valid. Loading of assembly skipped.
Assembly Unity.Collections.DocCodeSamples.dll at Library/ScriptAssemblies/Unity.Collections.DocCodeSamples.dll not valid. Loading of assembly skipped.
Assembly Unity.Collections.PerformanceTests.dll at Library/ScriptAssemblies/Unity.Collections.PerformanceTests.dll not valid. Loading of assembly skipped.
Assembly Unity.Collections.Tests.dll at Library/ScriptAssemblies/Unity.Collections.Tests.dll not valid. Loading of assembly skipped.
Assembly Unity.Collections.Tests.Playmode.dll at Library/ScriptAssemblies/Unity.Collections.Tests.Playmode.dll not valid. Loading of assembly skipped.
Assembly Unity.InputSystem.IntegrationTests.dll at Library/ScriptAssemblies/Unity.InputSystem.IntegrationTests.dll not valid. Loading of assembly skipped.
Assembly Unity.Mathematics.Tests.dll at Library/ScriptAssemblies/Unity.Mathematics.Tests.dll not valid. Loading of assembly skipped.
Assembly Unity.Multiplayer.Center.Editor.Tests.dll at Library/ScriptAssemblies/Unity.Multiplayer.Center.Editor.Tests.dll not valid. Loading of assembly skipped.
Assembly Unity.Multiplayer.Center.Tests.dll at Library/ScriptAssemblies/Unity.Multiplayer.Center.Tests.dll not valid. Loading of assembly skipped.
Assembly Unity.Nuget.Mono-Cecil.dll at Library/ScriptAssemblies/Unity.Nuget.Mono-Cecil.dll not valid. Loading of assembly skipped.
Assembly Unity.PathTracing.Editor.Tests.dll at Library/ScriptAssemblies/Unity.PathTracing.Editor.Tests.dll not valid. Loading of assembly skipped.
Assembly Unity.PathTracing.Runtime.Tests.dll at Library/ScriptAssemblies/Unity.PathTracing.Runtime.Tests.dll not valid. Loading of assembly skipped.
Assembly Unity.RenderPipelines.Core.Editor.Tests.dll at Library/ScriptAssemblies/Unity.RenderPipelines.Core.Editor.Tests.dll not valid. Loading of assembly skipped.
Assembly Unity.RenderPipelines.Core.Runtime.Tests.dll at Library/ScriptAssemblies/Unity.RenderPipelines.Core.Runtime.Tests.dll not valid. Loading of assembly skipped.
Assembly Unity.RenderPipelines.Universal.Config.Editor.Tests.dll at Library/ScriptAssemblies/Unity.RenderPipelines.Universal.Config.Editor.Tests.dll not valid. Loading of assembly skipped.
Assembly Unity.RenderPipelines.Universal.Editor.Tests.dll at Library/ScriptAssemblies/Unity.RenderPipelines.Universal.Editor.Tests.dll not valid. Loading of assembly skipped.
Assembly Unity.RenderPipelines.Universal.Runtime.Tests.dll at Library/ScriptAssemblies/Unity.RenderPipelines.Universal.Runtime.Tests.dll not valid. Loading of assembly skipped.
Assembly Unity.Searcher.EditorTests.dll at Library/ScriptAssemblies/Unity.Searcher.EditorTests.dll not valid. Loading of assembly skipped.
Assembly Unity.Settings.Tests.dll at Library/ScriptAssemblies/Unity.Settings.Tests.dll not valid. Loading of assembly skipped.
Assembly Unity.ShaderGraph.Editor.Tests.dll at Library/ScriptAssemblies/Unity.ShaderGraph.Editor.Tests.dll not valid. Loading of assembly skipped.
Assembly Unity.TextMeshPro.Editor.Tests.dll at Library/ScriptAssemblies/Unity.TextMeshPro.Editor.Tests.dll not valid. Loading of assembly skipped.
Assembly Unity.TextMeshPro.Tests.dll at Library/ScriptAssemblies/Unity.TextMeshPro.Tests.dll not valid. Loading of assembly skipped.
Assembly Unity.UnifiedRayTracing.Editor.Tests.dll at Library/ScriptAssemblies/Unity.UnifiedRayTracing.Editor.Tests.dll not valid. Loading of assembly skipped.
Assembly UnityEditor.UI.Common.Tests.dll at Library/ScriptAssemblies/UnityEditor.UI.Common.Tests.dll not valid. Loading of assembly skipped.
Assembly UnityEditor.UI.EditorTests.dll at Library/ScriptAssemblies/UnityEditor.UI.EditorTests.dll not valid. Loading of assembly skipped.
Assembly UnityEngine.UI.Tests.dll at Library/ScriptAssemblies/UnityEngine.UI.Tests.dll not valid. Loading of assembly skipped.
Native extension for LinuxStandalone target not found
Native extension for UWP target not found
Native extension for WindowsStandalone target not found
Native extension for OSXStandalone target not found
Native extension for WebGL target not found
[Package Manager] Failed to launch server process. Reason: Unity was launched with the -noUpm command-line argument
[Package Manager] Unable to send message (not connected to server process).
[Package Manager] Cannot connect to Unity Package Manager local server
[Package Manager] Failed to launch server process. Reason: Unity was launched with the -noUpm command-line argument
[Package Manager] Unable to send message (not connected to server process).
[Package Manager] Cannot connect to Unity Package Manager local server
[MODES] ModeService[none].Initialize
[MODES] ModeService[none].LoadModes
ScheduleIndexationOnStartup MainProcess:False IndexOnStartup:True
Mono: successfully reloaded assembly
- Finished resetting the current domain, in  0.900 seconds
Domain Reload Profiling: 1768ms
	BeginReloadAssembly (237ms)
		DisableScriptedObjects (7ms)
		CreateAndSetChildDomain (55ms)
	RebuildCommonClasses (43ms)
	RebuildNativeTypeToScriptingClass (14ms)
	initialDomainReloadingComplete (72ms)
	LoadAllAssembliesAndSetupDomain (502ms)
		LoadAssemblies (376ms)
		AnalyzeDomain (229ms)
			TypeCache.Refresh (10ms)
			BuildScriptInfoCaches (204ms)
			ResolveRequiredComponents (13ms)
	FinalizeReload (901ms)
		SetupLoadedEditorAssemblies (0ms)
			InitializePlatformSupportModulesInManaged (5ms)
			BeforeProcessingInitializeOnLoad (174ms)
			ProcessInitializeOnLoadAttributes (358ms)
			ProcessInitializeOnLoadMethodAttributes (133ms)
			AfterProcessingInitializeOnLoad (8ms)
		AwakeInstancesAfterBackupRestoration (22ms)
Unloading 25 Unused Serialized files (Serialized files now loaded: 0)
Unloading 6669 unused Assets / (6.1 MB). Loaded Objects now: 7530.
Memory consumption went from 170.9 MB to 164.8 MB.
Total: 10.005700 ms (FindLiveObjects: 0.730100 ms CreateObjectMapping: 0.432700 ms MarkObjects: 5.805000 ms  DeleteObjects: 3.036600 ms)

Prepare: number of updated asset objects reloaded= 0
========================================================================
Received Prepare
Begin MonoManager ReloadAssembly
Assembly Assembly-CSharp-Editor-firstpass.dll at Library/ScriptAssemblies/Assembly-CSharp-Editor-firstpass.dll not valid. Loading of assembly skipped.
Assembly Assembly-CSharp-Editor.dll at Library/ScriptAssemblies/Assembly-CSharp-Editor.dll not valid. Loading of assembly skipped.
Assembly Assembly-CSharp-firstpass.dll at Library/ScriptAssemblies/Assembly-CSharp-firstpass.dll not valid. Loading of assembly skipped.
Assembly DocCodeExamples.dll at Library/ScriptAssemblies/DocCodeExamples.dll not valid. Loading of assembly skipped.
Assembly TestNewCustomAssembly.dll at Library/ScriptAssemblies/TestNewCustomAssembly.dll not valid. Loading of assembly skipped.
Assembly Unity.Collections.BurstCompatibilityGen.dll at Library/ScriptAssemblies/Unity.Collections.BurstCompatibilityGen.dll not valid. Loading of assembly skipped.
Assembly Unity.Collections.DocCodeSamples.dll at Library/ScriptAssemblies/Unity.Collections.DocCodeSamples.dll not valid. Loading of assembly skipped.
Assembly Unity.Collections.PerformanceTests.dll at Library/ScriptAssemblies/Unity.Collections.PerformanceTests.dll not valid. Loading of assembly skipped.
Assembly Unity.Collections.Tests.dll at Library/ScriptAssemblies/Unity.Collections.Tests.dll not valid. Loading of assembly skipped.
Assembly Unity.Collections.Tests.Playmode.dll at Library/ScriptAssemblies/Unity.Collections.Tests.Playmode.dll not valid. Loading of assembly skipped.
Assembly Unity.InputSystem.IntegrationTests.dll at Library/ScriptAssemblies/Unity.InputSystem.IntegrationTests.dll not valid. Loading of assembly skipped.
Assembly Unity.Mathematics.Tests.dll at Library/ScriptAssemblies/Unity.Mathematics.Tests.dll not valid. Loading of assembly skipped.
Assembly Unity.Multiplayer.Center.Editor.Tests.dll at Library/ScriptAssemblies/Unity.Multiplayer.Center.Editor.Tests.dll not valid. Loading of assembly skipped.
Assembly Unity.Multiplayer.Center.Tests.dll at Library/ScriptAssemblies/Unity.Multiplayer.Center.Tests.dll not valid. Loading of assembly skipped.
Assembly Unity.Nuget.Mono-Cecil.dll at Library/ScriptAssemblies/Unity.Nuget.Mono-Cecil.dll not valid. Loading of assembly skipped.
Assembly Unity.PathTracing.Editor.Tests.dll at Library/ScriptAssemblies/Unity.PathTracing.Editor.Tests.dll not valid. Loading of assembly skipped.
Assembly Unity.PathTracing.Runtime.Tests.dll at Library/ScriptAssemblies/Unity.PathTracing.Runtime.Tests.dll not valid. Loading of assembly skipped.
Assembly Unity.RenderPipelines.Core.Editor.Tests.dll at Library/ScriptAssemblies/Unity.RenderPipelines.Core.Editor.Tests.dll not valid. Loading of assembly skipped.
Assembly Unity.RenderPipelines.Core.Runtime.Tests.dll at Library/ScriptAssemblies/Unity.RenderPipelines.Core.Runtime.Tests.dll not valid. Loading of assembly skipped.
Assembly Unity.RenderPipelines.Universal.Config.Editor.Tests.dll at Library/ScriptAssemblies/Unity.RenderPipelines.Universal.Config.Editor.Tests.dll not valid. Loading of assembly skipped.
Assembly Unity.RenderPipelines.Universal.Editor.Tests.dll at Library/ScriptAssemblies/Unity.RenderPipelines.Universal.Editor.Tests.dll not valid. Loading of assembly skipped.
Assembly Unity.RenderPipelines.Universal.Runtime.Tests.dll at Library/ScriptAssemblies/Unity.RenderPipelines.Universal.Runtime.Tests.dll not valid. Loading of assembly skipped.
Assembly Unity.Searcher.EditorTests.dll at Library/ScriptAssemblies/Unity.Searcher.EditorTests.dll not valid. Loading of assembly skipped.
Assembly Unity.Settings.Tests.dll at Library/ScriptAssemblies/Unity.Settings.Tests.dll not valid. Loading of assembly skipped.
Assembly Unity.ShaderGraph.Editor.Tests.dll at Library/ScriptAssemblies/Unity.ShaderGraph.Editor.Tests.dll not valid. Loading of assembly skipped.
Assembly Unity.TextMeshPro.Editor.Tests.dll at Library/ScriptAssemblies/Unity.TextMeshPro.Editor.Tests.dll not valid. Loading of assembly skipped.
Assembly Unity.TextMeshPro.Tests.dll at Library/ScriptAssemblies/Unity.TextMeshPro.Tests.dll not valid. Loading of assembly skipped.
Assembly Unity.UnifiedRayTracing.Editor.Tests.dll at Library/ScriptAssemblies/Unity.UnifiedRayTracing.Editor.Tests.dll not valid. Loading of assembly skipped.
Assembly UnityEditor.UI.Common.Tests.dll at Library/ScriptAssemblies/UnityEditor.UI.Common.Tests.dll not valid. Loading of assembly skipped.
Assembly UnityEditor.UI.EditorTests.dll at Library/ScriptAssemblies/UnityEditor.UI.EditorTests.dll not valid. Loading of assembly skipped.
Assembly UnityEngine.UI.Tests.dll at Library/ScriptAssemblies/UnityEngine.UI.Tests.dll not valid. Loading of assembly skipped.
Native extension for LinuxStandalone target not found
Native extension for UWP target not found
Native extension for WindowsStandalone target not found
Native extension for OSXStandalone target not found
Native extension for WebGL target not found
[Package Manager] Failed to launch server process. Reason: Unity was launched with the -noUpm command-line argument
[Package Manager] Unable to send message (not connected to server process).
[Package Manager] Cannot connect to Unity Package Manager local server
[Package Manager] Failed to launch server process. Reason: Unity was launched with the -noUpm command-line argument
[Package Manager] Unable to send message (not connected to server process).
[Package Manager] Cannot connect to Unity Package Manager local server
[MODES] ModeService[none].Initialize
[MODES] ModeService[none].LoadModes
ScheduleIndexationOnStartup MainProcess:False IndexOnStartup:True
Mono: successfully reloaded assembly
- Finished resetting the current domain, in  0.884 seconds
Domain Reload Profiling: 1729ms
	BeginReloadAssembly (227ms)
		DisableScriptedObjects (6ms)
		CreateAndSetChildDomain (49ms)
	RebuildCommonClasses (42ms)
	RebuildNativeTypeToScriptingClass (15ms)
	initialDomainReloadingComplete (61ms)
	LoadAllAssembliesAndSetupDomain (499ms)
		LoadAssemblies (369ms)
		AnalyzeDomain (236ms)
			TypeCache.Refresh (7ms)
			BuildScriptInfoCaches (214ms)
			ResolveRequiredComponents (13ms)
	FinalizeReload (885ms)
		SetupLoadedEditorAssemblies (0ms)
			InitializePlatformSupportModulesInManaged (4ms)
			BeforeProcessingInitializeOnLoad (168ms)
			ProcessInitializeOnLoadAttributes (354ms)
			ProcessInitializeOnLoadMethodAttributes (139ms)
			AfterProcessingInitializeOnLoad (7ms)
		AwakeInstancesAfterBackupRestoration (20ms)
Unloading 25 Unused Serialized files (Serialized files now loaded: 0)
Unloading 6669 unused Assets / (5.5 MB). Loaded Objects now: 7533.
Memory consumption went from 174.6 MB to 169.0 MB.
Total: 9.290100 ms (FindLiveObjects: 0.677300 ms CreateObjectMapping: 0.388300 ms MarkObjects: 5.871400 ms  DeleteObjects: 2.352300 ms)

Prepare: number of updated asset objects reloaded= 0
========================================================================
Received Import Request.
  Time since last request: 213.621176 seconds.
  path: ProjectSettings/TagManager.asset
  importAddress: Guid(00000000000000003000000000000000) Importer(815301076,1909f56bfc062723c751e8b465ee728b)
Start importing ProjectSettings/TagManager.asset using Guid(00000000000000003000000000000000) Importer(815301076,1909f56bfc062723c751e8b465ee728b) (PreviewImporter) -> (Import Result ID: '62fd8e7a1955bf9254dd21e70a0d352b') in 0.0275251 seconds [static and dynamic dependencies]. Details - ImportResultOutputID=29f54aeb3707b7e7ec67b36508eeded7 DependenciesID=d04d93af51b3e12ad5f67db70ede43c2 StaticDependenciesID=53c0c098809b3829a578dffcad018cdd 
Number of updated asset objects reloaded before import = 0Number of asset objects unloaded after import = 0

========================================================================
Received Prepare
Begin MonoManager ReloadAssembly
[Licensing::Client] Successfully resolved entitlement details
Assembly Assembly-CSharp-Editor-firstpass.dll at Library/ScriptAssemblies/Assembly-CSharp-Editor-firstpass.dll not valid. Loading of assembly skipped.
Assembly Assembly-CSharp-Editor.dll at Library/ScriptAssemblies/Assembly-CSharp-Editor.dll not valid. Loading of assembly skipped.
Assembly Assembly-CSharp-firstpass.dll at Library/ScriptAssemblies/Assembly-CSharp-firstpass.dll not valid. Loading of assembly skipped.
Assembly DocCodeExamples.dll at Library/ScriptAssemblies/DocCodeExamples.dll not valid. Loading of assembly skipped.
Assembly TestNewCustomAssembly.dll at Library/ScriptAssemblies/TestNewCustomAssembly.dll not valid. Loading of assembly skipped.
Assembly Unity.Collections.BurstCompatibilityGen.dll at Library/ScriptAssemblies/Unity.Collections.BurstCompatibilityGen.dll not valid. Loading of assembly skipped.
Assembly Unity.Collections.DocCodeSamples.dll at Library/ScriptAssemblies/Unity.Collections.DocCodeSamples.dll not valid. Loading of assembly skipped.
Assembly Unity.Collections.PerformanceTests.dll at Library/ScriptAssemblies/Unity.Collections.PerformanceTests.dll not valid. Loading of assembly skipped.
Assembly Unity.Collections.Tests.dll at Library/ScriptAssemblies/Unity.Collections.Tests.dll not valid. Loading of assembly skipped.
Assembly Unity.Collections.Tests.Playmode.dll at Library/ScriptAssemblies/Unity.Collections.Tests.Playmode.dll not valid. Loading of assembly skipped.
Assembly Unity.InputSystem.IntegrationTests.dll at Library/ScriptAssemblies/Unity.InputSystem.IntegrationTests.dll not valid. Loading of assembly skipped.
Assembly Unity.Mathematics.Tests.dll at Library/ScriptAssemblies/Unity.Mathematics.Tests.dll not valid. Loading of assembly skipped.
Assembly Unity.Multiplayer.Center.Editor.Tests.dll at Library/ScriptAssemblies/Unity.Multiplayer.Center.Editor.Tests.dll not valid. Loading of assembly skipped.
Assembly Unity.Multiplayer.Center.Tests.dll at Library/ScriptAssemblies/Unity.Multiplayer.Center.Tests.dll not valid. Loading of assembly skipped.
Assembly Unity.Nuget.Mono-Cecil.dll at Library/ScriptAssemblies/Unity.Nuget.Mono-Cecil.dll not valid. Loading of assembly skipped.
Assembly Unity.PathTracing.Editor.Tests.dll at Library/ScriptAssemblies/Unity.PathTracing.Editor.Tests.dll not valid. Loading of assembly skipped.
Assembly Unity.PathTracing.Runtime.Tests.dll at Library/ScriptAssemblies/Unity.PathTracing.Runtime.Tests.dll not valid. Loading of assembly skipped.
Assembly Unity.RenderPipelines.Core.Editor.Tests.dll at Library/ScriptAssemblies/Unity.RenderPipelines.Core.Editor.Tests.dll not valid. Loading of assembly skipped.
Assembly Unity.RenderPipelines.Core.Runtime.Tests.dll at Library/ScriptAssemblies/Unity.RenderPipelines.Core.Runtime.Tests.dll not valid. Loading of assembly skipped.
Assembly Unity.RenderPipelines.Universal.Config.Editor.Tests.dll at Library/ScriptAssemblies/Unity.RenderPipelines.Universal.Config.Editor.Tests.dll not valid. Loading of assembly skipped.
Assembly Unity.RenderPipelines.Universal.Editor.Tests.dll at Library/ScriptAssemblies/Unity.RenderPipelines.Universal.Editor.Tests.dll not valid. Loading of assembly skipped.
Assembly Unity.RenderPipelines.Universal.Runtime.Tests.dll at Library/ScriptAssemblies/Unity.RenderPipelines.Universal.Runtime.Tests.dll not valid. Loading of assembly skipped.
Assembly Unity.Searcher.EditorTests.dll at Library/ScriptAssemblies/Unity.Searcher.EditorTests.dll not valid. Loading of assembly skipped.
Assembly Unity.Settings.Tests.dll at Library/ScriptAssemblies/Unity.Settings.Tests.dll not valid. Loading of assembly skipped.
Assembly Unity.ShaderGraph.Editor.Tests.dll at Library/ScriptAssemblies/Unity.ShaderGraph.Editor.Tests.dll not valid. Loading of assembly skipped.
Assembly Unity.TextMeshPro.Editor.Tests.dll at Library/ScriptAssemblies/Unity.TextMeshPro.Editor.Tests.dll not valid. Loading of assembly skipped.
Assembly Unity.TextMeshPro.Tests.dll at Library/ScriptAssemblies/Unity.TextMeshPro.Tests.dll not valid. Loading of assembly skipped.
Assembly Unity.UnifiedRayTracing.Editor.Tests.dll at Library/ScriptAssemblies/Unity.UnifiedRayTracing.Editor.Tests.dll not valid. Loading of assembly skipped.
Assembly UnityEditor.UI.Common.Tests.dll at Library/ScriptAssemblies/UnityEditor.UI.Common.Tests.dll not valid. Loading of assembly skipped.
Assembly UnityEditor.UI.EditorTests.dll at Library/ScriptAssemblies/UnityEditor.UI.EditorTests.dll not valid. Loading of assembly skipped.
Assembly UnityEngine.UI.Tests.dll at Library/ScriptAssemblies/UnityEngine.UI.Tests.dll not valid. Loading of assembly skipped.
Native extension for LinuxStandalone target not found
Native extension for UWP target not found
Native extension for WindowsStandalone target not found
Native extension for OSXStandalone target not found
Native extension for WebGL target not found
[Package Manager] Failed to launch server process. Reason: Unity was launched with the -noUpm command-line argument
[Package Manager] Unable to send message (not connected to server process).
[Package Manager] Cannot connect to Unity Package Manager local server
[Package Manager] Failed to launch server process. Reason: Unity was launched with the -noUpm command-line argument
[Package Manager] Unable to send message (not connected to server process).
[Package Manager] Cannot connect to Unity Package Manager local server
[MODES] ModeService[none].Initialize
[MODES] ModeService[none].LoadModes
ScheduleIndexationOnStartup MainProcess:False IndexOnStartup:True
Mono: successfully reloaded assembly
- Finished resetting the current domain, in  0.864 seconds
Domain Reload Profiling: 1719ms
	BeginReloadAssembly (226ms)
		DisableScriptedObjects (6ms)
		CreateAndSetChildDomain (48ms)
	RebuildCommonClasses (43ms)
	RebuildNativeTypeToScriptingClass (15ms)
	initialDomainReloadingComplete (72ms)
	LoadAllAssembliesAndSetupDomain (499ms)
		LoadAssemblies (369ms)
		AnalyzeDomain (232ms)
			TypeCache.Refresh (10ms)
			BuildScriptInfoCaches (208ms)
			ResolveRequiredComponents (13ms)
	FinalizeReload (865ms)
		SetupLoadedEditorAssemblies (0ms)
			InitializePlatformSupportModulesInManaged (4ms)
			BeforeProcessingInitializeOnLoad (168ms)
			ProcessInitializeOnLoadAttributes (344ms)
			ProcessInitializeOnLoadMethodAttributes (128ms)
			AfterProcessingInitializeOnLoad (8ms)
		AwakeInstancesAfterBackupRestoration (20ms)
Unloading 25 Unused Serialized files (Serialized files now loaded: 0)
Unloading 6670 unused Assets / (5.5 MB). Loaded Objects now: 7537.
Memory consumption went from 171.1 MB to 165.7 MB.
Total: 9.915100 ms (FindLiveObjects: 0.745900 ms CreateObjectMapping: 0.544400 ms MarkObjects: 5.947300 ms  DeleteObjects: 2.676400 ms)

Prepare: number of updated asset objects reloaded= 0
========================================================================
Received Prepare
Begin MonoManager ReloadAssembly
Assembly Assembly-CSharp-Editor-firstpass.dll at Library/ScriptAssemblies/Assembly-CSharp-Editor-firstpass.dll not valid. Loading of assembly skipped.
Assembly Assembly-CSharp-Editor.dll at Library/ScriptAssemblies/Assembly-CSharp-Editor.dll not valid. Loading of assembly skipped.
Assembly Assembly-CSharp-firstpass.dll at Library/ScriptAssemblies/Assembly-CSharp-firstpass.dll not valid. Loading of assembly skipped.
Assembly DocCodeExamples.dll at Library/ScriptAssemblies/DocCodeExamples.dll not valid. Loading of assembly skipped.
Assembly TestNewCustomAssembly.dll at Library/ScriptAssemblies/TestNewCustomAssembly.dll not valid. Loading of assembly skipped.
Assembly Unity.Collections.BurstCompatibilityGen.dll at Library/ScriptAssemblies/Unity.Collections.BurstCompatibilityGen.dll not valid. Loading of assembly skipped.
Assembly Unity.Collections.DocCodeSamples.dll at Library/ScriptAssemblies/Unity.Collections.DocCodeSamples.dll not valid. Loading of assembly skipped.
Assembly Unity.Collections.PerformanceTests.dll at Library/ScriptAssemblies/Unity.Collections.PerformanceTests.dll not valid. Loading of assembly skipped.
Assembly Unity.Collections.Tests.dll at Library/ScriptAssemblies/Unity.Collections.Tests.dll not valid. Loading of assembly skipped.
Assembly Unity.Collections.Tests.Playmode.dll at Library/ScriptAssemblies/Unity.Collections.Tests.Playmode.dll not valid. Loading of assembly skipped.
Assembly Unity.InputSystem.IntegrationTests.dll at Library/ScriptAssemblies/Unity.InputSystem.IntegrationTests.dll not valid. Loading of assembly skipped.
Assembly Unity.Mathematics.Tests.dll at Library/ScriptAssemblies/Unity.Mathematics.Tests.dll not valid. Loading of assembly skipped.
Assembly Unity.Multiplayer.Center.Editor.Tests.dll at Library/ScriptAssemblies/Unity.Multiplayer.Center.Editor.Tests.dll not valid. Loading of assembly skipped.
Assembly Unity.Multiplayer.Center.Tests.dll at Library/ScriptAssemblies/Unity.Multiplayer.Center.Tests.dll not valid. Loading of assembly skipped.
Assembly Unity.Nuget.Mono-Cecil.dll at Library/ScriptAssemblies/Unity.Nuget.Mono-Cecil.dll not valid. Loading of assembly skipped.
Assembly Unity.PathTracing.Editor.Tests.dll at Library/ScriptAssemblies/Unity.PathTracing.Editor.Tests.dll not valid. Loading of assembly skipped.
Assembly Unity.PathTracing.Runtime.Tests.dll at Library/ScriptAssemblies/Unity.PathTracing.Runtime.Tests.dll not valid. Loading of assembly skipped.
Assembly Unity.RenderPipelines.Core.Editor.Tests.dll at Library/ScriptAssemblies/Unity.RenderPipelines.Core.Editor.Tests.dll not valid. Loading of assembly skipped.
Assembly Unity.RenderPipelines.Core.Runtime.Tests.dll at Library/ScriptAssemblies/Unity.RenderPipelines.Core.Runtime.Tests.dll not valid. Loading of assembly skipped.
Assembly Unity.RenderPipelines.Universal.Config.Editor.Tests.dll at Library/ScriptAssemblies/Unity.RenderPipelines.Universal.Config.Editor.Tests.dll not valid. Loading of assembly skipped.
Assembly Unity.RenderPipelines.Universal.Editor.Tests.dll at Library/ScriptAssemblies/Unity.RenderPipelines.Universal.Editor.Tests.dll not valid. Loading of assembly skipped.
Assembly Unity.RenderPipelines.Universal.Runtime.Tests.dll at Library/ScriptAssemblies/Unity.RenderPipelines.Universal.Runtime.Tests.dll not valid. Loading of assembly skipped.
Assembly Unity.Searcher.EditorTests.dll at Library/ScriptAssemblies/Unity.Searcher.EditorTests.dll not valid. Loading of assembly skipped.
Assembly Unity.Settings.Tests.dll at Library/ScriptAssemblies/Unity.Settings.Tests.dll not valid. Loading of assembly skipped.
Assembly Unity.ShaderGraph.Editor.Tests.dll at Library/ScriptAssemblies/Unity.ShaderGraph.Editor.Tests.dll not valid. Loading of assembly skipped.
Assembly Unity.TextMeshPro.Editor.Tests.dll at Library/ScriptAssemblies/Unity.TextMeshPro.Editor.Tests.dll not valid. Loading of assembly skipped.
Assembly Unity.TextMeshPro.Tests.dll at Library/ScriptAssemblies/Unity.TextMeshPro.Tests.dll not valid. Loading of assembly skipped.
Assembly Unity.UnifiedRayTracing.Editor.Tests.dll at Library/ScriptAssemblies/Unity.UnifiedRayTracing.Editor.Tests.dll not valid. Loading of assembly skipped.
Assembly UnityEditor.UI.Common.Tests.dll at Library/ScriptAssemblies/UnityEditor.UI.Common.Tests.dll not valid. Loading of assembly skipped.
Assembly UnityEditor.UI.EditorTests.dll at Library/ScriptAssemblies/UnityEditor.UI.EditorTests.dll not valid. Loading of assembly skipped.
Assembly UnityEngine.UI.Tests.dll at Library/ScriptAssemblies/UnityEngine.UI.Tests.dll not valid. Loading of assembly skipped.
Native extension for LinuxStandalone target not found
Native extension for UWP target not found
Native extension for WindowsStandalone target not found
Native extension for OSXStandalone target not found
Native extension for WebGL target not found
[Package Manager] Failed to launch server process. Reason: Unity was launched with the -noUpm command-line argument
[Package Manager] Unable to send message (not connected to server process).
[Package Manager] Cannot connect to Unity Package Manager local server
[Package Manager] Failed to launch server process. Reason: Unity was launched with the -noUpm command-line argument
[Package Manager] Unable to send message (not connected to server process).
[Package Manager] Cannot connect to Unity Package Manager local server
[MODES] ModeService[none].Initialize
[MODES] ModeService[none].LoadModes
ScheduleIndexationOnStartup MainProcess:False IndexOnStartup:True
Mono: successfully reloaded assembly
- Finished resetting the current domain, in  0.858 seconds
Domain Reload Profiling: 1696ms
	BeginReloadAssembly (223ms)
		DisableScriptedObjects (7ms)
		CreateAndSetChildDomain (48ms)
	RebuildCommonClasses (42ms)
	RebuildNativeTypeToScriptingClass (15ms)
	initialDomainReloadingComplete (64ms)
	LoadAllAssembliesAndSetupDomain (494ms)
		LoadAssemblies (362ms)
		AnalyzeDomain (234ms)
			TypeCache.Refresh (7ms)
			BuildScriptInfoCaches (211ms)
			ResolveRequiredComponents (13ms)
	FinalizeReload (858ms)
		SetupLoadedEditorAssemblies (0ms)
			InitializePlatformSupportModulesInManaged (4ms)
			BeforeProcessingInitializeOnLoad (170ms)
			ProcessInitializeOnLoadAttributes (340ms)
			ProcessInitializeOnLoadMethodAttributes (125ms)
			AfterProcessingInitializeOnLoad (7ms)
		AwakeInstancesAfterBackupRestoration (19ms)
Unloading 25 Unused Serialized files (Serialized files now loaded: 0)
Unloading 6669 unused Assets / (5.7 MB). Loaded Objects now: 7540.
Memory consumption went from 174.7 MB to 169.0 MB.
Total: 9.376100 ms (FindLiveObjects: 0.714400 ms CreateObjectMapping: 0.415800 ms MarkObjects: 5.770100 ms  DeleteObjects: 2.474800 ms)

Prepare: number of updated asset objects reloaded= 0
========================================================================
Received Prepare
Begin MonoManager ReloadAssembly
[Licensing::Client] Successfully resolved entitlement details
Assembly Assembly-CSharp-Editor-firstpass.dll at Library/ScriptAssemblies/Assembly-CSharp-Editor-firstpass.dll not valid. Loading of assembly skipped.
Assembly Assembly-CSharp-Editor.dll at Library/ScriptAssemblies/Assembly-CSharp-Editor.dll not valid. Loading of assembly skipped.
Assembly Assembly-CSharp-firstpass.dll at Library/ScriptAssemblies/Assembly-CSharp-firstpass.dll not valid. Loading of assembly skipped.
Assembly DocCodeExamples.dll at Library/ScriptAssemblies/DocCodeExamples.dll not valid. Loading of assembly skipped.
Assembly TestNewCustomAssembly.dll at Library/ScriptAssemblies/TestNewCustomAssembly.dll not valid. Loading of assembly skipped.
Assembly Unity.Collections.BurstCompatibilityGen.dll at Library/ScriptAssemblies/Unity.Collections.BurstCompatibilityGen.dll not valid. Loading of assembly skipped.
Assembly Unity.Collections.DocCodeSamples.dll at Library/ScriptAssemblies/Unity.Collections.DocCodeSamples.dll not valid. Loading of assembly skipped.
Assembly Unity.Collections.PerformanceTests.dll at Library/ScriptAssemblies/Unity.Collections.PerformanceTests.dll not valid. Loading of assembly skipped.
Assembly Unity.Collections.Tests.dll at Library/ScriptAssemblies/Unity.Collections.Tests.dll not valid. Loading of assembly skipped.
Assembly Unity.Collections.Tests.Playmode.dll at Library/ScriptAssemblies/Unity.Collections.Tests.Playmode.dll not valid. Loading of assembly skipped.
Assembly Unity.InputSystem.IntegrationTests.dll at Library/ScriptAssemblies/Unity.InputSystem.IntegrationTests.dll not valid. Loading of assembly skipped.
Assembly Unity.Mathematics.Tests.dll at Library/ScriptAssemblies/Unity.Mathematics.Tests.dll not valid. Loading of assembly skipped.
Assembly Unity.Multiplayer.Center.Editor.Tests.dll at Library/ScriptAssemblies/Unity.Multiplayer.Center.Editor.Tests.dll not valid. Loading of assembly skipped.
Assembly Unity.Multiplayer.Center.Tests.dll at Library/ScriptAssemblies/Unity.Multiplayer.Center.Tests.dll not valid. Loading of assembly skipped.
Assembly Unity.Nuget.Mono-Cecil.dll at Library/ScriptAssemblies/Unity.Nuget.Mono-Cecil.dll not valid. Loading of assembly skipped.
Assembly Unity.PathTracing.Editor.Tests.dll at Library/ScriptAssemblies/Unity.PathTracing.Editor.Tests.dll not valid. Loading of assembly skipped.
Assembly Unity.PathTracing.Runtime.Tests.dll at Library/ScriptAssemblies/Unity.PathTracing.Runtime.Tests.dll not valid. Loading of assembly skipped.
Assembly Unity.RenderPipelines.Core.Editor.Tests.dll at Library/ScriptAssemblies/Unity.RenderPipelines.Core.Editor.Tests.dll not valid. Loading of assembly skipped.
Assembly Unity.RenderPipelines.Core.Runtime.Tests.dll at Library/ScriptAssemblies/Unity.RenderPipelines.Core.Runtime.Tests.dll not valid. Loading of assembly skipped.
Assembly Unity.RenderPipelines.Universal.Config.Editor.Tests.dll at Library/ScriptAssemblies/Unity.RenderPipelines.Universal.Config.Editor.Tests.dll not valid. Loading of assembly skipped.
Assembly Unity.RenderPipelines.Universal.Editor.Tests.dll at Library/ScriptAssemblies/Unity.RenderPipelines.Universal.Editor.Tests.dll not valid. Loading of assembly skipped.
Assembly Unity.RenderPipelines.Universal.Runtime.Tests.dll at Library/ScriptAssemblies/Unity.RenderPipelines.Universal.Runtime.Tests.dll not valid. Loading of assembly skipped.
Assembly Unity.Searcher.EditorTests.dll at Library/ScriptAssemblies/Unity.Searcher.EditorTests.dll not valid. Loading of assembly skipped.
Assembly Unity.Settings.Tests.dll at Library/ScriptAssemblies/Unity.Settings.Tests.dll not valid. Loading of assembly skipped.
Assembly Unity.ShaderGraph.Editor.Tests.dll at Library/ScriptAssemblies/Unity.ShaderGraph.Editor.Tests.dll not valid. Loading of assembly skipped.
Assembly Unity.TextMeshPro.Editor.Tests.dll at Library/ScriptAssemblies/Unity.TextMeshPro.Editor.Tests.dll not valid. Loading of assembly skipped.
Assembly Unity.TextMeshPro.Tests.dll at Library/ScriptAssemblies/Unity.TextMeshPro.Tests.dll not valid. Loading of assembly skipped.
Assembly Unity.UnifiedRayTracing.Editor.Tests.dll at Library/ScriptAssemblies/Unity.UnifiedRayTracing.Editor.Tests.dll not valid. Loading of assembly skipped.
Assembly UnityEditor.UI.Common.Tests.dll at Library/ScriptAssemblies/UnityEditor.UI.Common.Tests.dll not valid. Loading of assembly skipped.
Assembly UnityEditor.UI.EditorTests.dll at Library/ScriptAssemblies/UnityEditor.UI.EditorTests.dll not valid. Loading of assembly skipped.
Assembly UnityEngine.UI.Tests.dll at Library/ScriptAssemblies/UnityEngine.UI.Tests.dll not valid. Loading of assembly skipped.
Native extension for LinuxStandalone target not found
Native extension for UWP target not found
Native extension for WindowsStandalone target not found
Native extension for OSXStandalone target not found
Native extension for WebGL target not found
[Package Manager] Failed to launch server process. Reason: Unity was launched with the -noUpm command-line argument
[Package Manager] Unable to send message (not connected to server process).
[Package Manager] Cannot connect to Unity Package Manager local server
[Package Manager] Failed to launch server process. Reason: Unity was launched with the -noUpm command-line argument
[Package Manager] Unable to send message (not connected to server process).
[Package Manager] Cannot connect to Unity Package Manager local server
[MODES] ModeService[none].Initialize
[MODES] ModeService[none].LoadModes
ScheduleIndexationOnStartup MainProcess:False IndexOnStartup:True
Mono: successfully reloaded assembly
- Finished resetting the current domain, in  0.845 seconds
Domain Reload Profiling: 1686ms
	BeginReloadAssembly (229ms)
		DisableScriptedObjects (7ms)
		CreateAndSetChildDomain (47ms)
	RebuildCommonClasses (42ms)
	RebuildNativeTypeToScriptingClass (15ms)
	initialDomainReloadingComplete (69ms)
	LoadAllAssembliesAndSetupDomain (485ms)
		LoadAssemblies (364ms)
		AnalyzeDomain (223ms)
			TypeCache.Refresh (7ms)
			BuildScriptInfoCaches (202ms)
			ResolveRequiredComponents (13ms)
	FinalizeReload (846ms)
		SetupLoadedEditorAssemblies (0ms)
			InitializePlatformSupportModulesInManaged (4ms)
			BeforeProcessingInitializeOnLoad (167ms)
			ProcessInitializeOnLoadAttributes (344ms)
			ProcessInitializeOnLoadMethodAttributes (120ms)
			AfterProcessingInitializeOnLoad (7ms)
		AwakeInstancesAfterBackupRestoration (18ms)
Unloading 25 Unused Serialized files (Serialized files now loaded: 0)
Unloading 6669 unused Assets / (6.0 MB). Loaded Objects now: 7543.
Memory consumption went from 178.2 MB to 172.2 MB.
Total: 11.095900 ms (FindLiveObjects: 0.793400 ms CreateObjectMapping: 0.971600 ms MarkObjects: 6.472100 ms  DeleteObjects: 2.857800 ms)

Prepare: number of updated asset objects reloaded= 0
========================================================================
Received Prepare
Begin MonoManager ReloadAssembly
[Licensing::Client] Successfully resolved entitlement details
Assembly Assembly-CSharp-Editor-firstpass.dll at Library/ScriptAssemblies/Assembly-CSharp-Editor-firstpass.dll not valid. Loading of assembly skipped.
Assembly Assembly-CSharp-Editor.dll at Library/ScriptAssemblies/Assembly-CSharp-Editor.dll not valid. Loading of assembly skipped.
Assembly Assembly-CSharp-firstpass.dll at Library/ScriptAssemblies/Assembly-CSharp-firstpass.dll not valid. Loading of assembly skipped.
Assembly DocCodeExamples.dll at Library/ScriptAssemblies/DocCodeExamples.dll not valid. Loading of assembly skipped.
Assembly TestNewCustomAssembly.dll at Library/ScriptAssemblies/TestNewCustomAssembly.dll not valid. Loading of assembly skipped.
Assembly Unity.Collections.BurstCompatibilityGen.dll at Library/ScriptAssemblies/Unity.Collections.BurstCompatibilityGen.dll not valid. Loading of assembly skipped.
Assembly Unity.Collections.DocCodeSamples.dll at Library/ScriptAssemblies/Unity.Collections.DocCodeSamples.dll not valid. Loading of assembly skipped.
Assembly Unity.Collections.PerformanceTests.dll at Library/ScriptAssemblies/Unity.Collections.PerformanceTests.dll not valid. Loading of assembly skipped.
Assembly Unity.Collections.Tests.dll at Library/ScriptAssemblies/Unity.Collections.Tests.dll not valid. Loading of assembly skipped.
Assembly Unity.Collections.Tests.Playmode.dll at Library/ScriptAssemblies/Unity.Collections.Tests.Playmode.dll not valid. Loading of assembly skipped.
Assembly Unity.InputSystem.IntegrationTests.dll at Library/ScriptAssemblies/Unity.InputSystem.IntegrationTests.dll not valid. Loading of assembly skipped.
Assembly Unity.Mathematics.Tests.dll at Library/ScriptAssemblies/Unity.Mathematics.Tests.dll not valid. Loading of assembly skipped.
Assembly Unity.Multiplayer.Center.Editor.Tests.dll at Library/ScriptAssemblies/Unity.Multiplayer.Center.Editor.Tests.dll not valid. Loading of assembly skipped.
Assembly Unity.Multiplayer.Center.Tests.dll at Library/ScriptAssemblies/Unity.Multiplayer.Center.Tests.dll not valid. Loading of assembly skipped.
Assembly Unity.Nuget.Mono-Cecil.dll at Library/ScriptAssemblies/Unity.Nuget.Mono-Cecil.dll not valid. Loading of assembly skipped.
Assembly Unity.PathTracing.Editor.Tests.dll at Library/ScriptAssemblies/Unity.PathTracing.Editor.Tests.dll not valid. Loading of assembly skipped.
Assembly Unity.PathTracing.Runtime.Tests.dll at Library/ScriptAssemblies/Unity.PathTracing.Runtime.Tests.dll not valid. Loading of assembly skipped.
Assembly Unity.RenderPipelines.Core.Editor.Tests.dll at Library/ScriptAssemblies/Unity.RenderPipelines.Core.Editor.Tests.dll not valid. Loading of assembly skipped.
Assembly Unity.RenderPipelines.Core.Runtime.Tests.dll at Library/ScriptAssemblies/Unity.RenderPipelines.Core.Runtime.Tests.dll not valid. Loading of assembly skipped.
Assembly Unity.RenderPipelines.Universal.Config.Editor.Tests.dll at Library/ScriptAssemblies/Unity.RenderPipelines.Universal.Config.Editor.Tests.dll not valid. Loading of assembly skipped.
Assembly Unity.RenderPipelines.Universal.Editor.Tests.dll at Library/ScriptAssemblies/Unity.RenderPipelines.Universal.Editor.Tests.dll not valid. Loading of assembly skipped.
Assembly Unity.RenderPipelines.Universal.Runtime.Tests.dll at Library/ScriptAssemblies/Unity.RenderPipelines.Universal.Runtime.Tests.dll not valid. Loading of assembly skipped.
Assembly Unity.Searcher.EditorTests.dll at Library/ScriptAssemblies/Unity.Searcher.EditorTests.dll not valid. Loading of assembly skipped.
Assembly Unity.Settings.Tests.dll at Library/ScriptAssemblies/Unity.Settings.Tests.dll not valid. Loading of assembly skipped.
Assembly Unity.ShaderGraph.Editor.Tests.dll at Library/ScriptAssemblies/Unity.ShaderGraph.Editor.Tests.dll not valid. Loading of assembly skipped.
Assembly Unity.TextMeshPro.Editor.Tests.dll at Library/ScriptAssemblies/Unity.TextMeshPro.Editor.Tests.dll not valid. Loading of assembly skipped.
Assembly Unity.TextMeshPro.Tests.dll at Library/ScriptAssemblies/Unity.TextMeshPro.Tests.dll not valid. Loading of assembly skipped.
Assembly Unity.UnifiedRayTracing.Editor.Tests.dll at Library/ScriptAssemblies/Unity.UnifiedRayTracing.Editor.Tests.dll not valid. Loading of assembly skipped.
Assembly UnityEditor.UI.Common.Tests.dll at Library/ScriptAssemblies/UnityEditor.UI.Common.Tests.dll not valid. Loading of assembly skipped.
Assembly UnityEditor.UI.EditorTests.dll at Library/ScriptAssemblies/UnityEditor.UI.EditorTests.dll not valid. Loading of assembly skipped.
Assembly UnityEngine.UI.Tests.dll at Library/ScriptAssemblies/UnityEngine.UI.Tests.dll not valid. Loading of assembly skipped.
Native extension for LinuxStandalone target not found
Native extension for UWP target not found
Native extension for WindowsStandalone target not found
Native extension for OSXStandalone target not found
Native extension for WebGL target not found
[Package Manager] Failed to launch server process. Reason: Unity was launched with the -noUpm command-line argument
[Package Manager] Unable to send message (not connected to server process).
[Package Manager] Cannot connect to Unity Package Manager local server
[Package Manager] Failed to launch server process. Reason: Unity was launched with the -noUpm command-line argument
[Package Manager] Unable to send message (not connected to server process).
[Package Manager] Cannot connect to Unity Package Manager local server
[MODES] ModeService[none].Initialize
[MODES] ModeService[none].LoadModes
ScheduleIndexationOnStartup MainProcess:False IndexOnStartup:True
Mono: successfully reloaded assembly
- Finished resetting the current domain, in  0.880 seconds
Domain Reload Profiling: 1725ms
	BeginReloadAssembly (233ms)
		DisableScriptedObjects (7ms)
		CreateAndSetChildDomain (50ms)
	RebuildCommonClasses (42ms)
	RebuildNativeTypeToScriptingClass (14ms)
	initialDomainReloadingComplete (65ms)
	LoadAllAssembliesAndSetupDomain (491ms)
		LoadAssemblies (366ms)
		AnalyzeDomain (229ms)
			TypeCache.Refresh (7ms)
			BuildScriptInfoCaches (207ms)
			ResolveRequiredComponents (13ms)
	FinalizeReload (880ms)
		SetupLoadedEditorAssemblies (0ms)
			InitializePlatformSupportModulesInManaged (4ms)
			BeforeProcessingInitializeOnLoad (171ms)
			ProcessInitializeOnLoadAttributes (353ms)
			ProcessInitializeOnLoadMethodAttributes (133ms)
			AfterProcessingInitializeOnLoad (8ms)
		AwakeInstancesAfterBackupRestoration (20ms)
Unloading 25 Unused Serialized files (Serialized files now loaded: 0)
Unloading 6669 unused Assets / (5.8 MB). Loaded Objects now: 7546.
Memory consumption went from 181.9 MB to 176.1 MB.
Total: 10.901400 ms (FindLiveObjects: 0.774200 ms CreateObjectMapping: 0.490900 ms MarkObjects: 6.687400 ms  DeleteObjects: 2.947500 ms)

Prepare: number of updated asset objects reloaded= 0
========================================================================
Received Prepare
Begin MonoManager ReloadAssembly
[Licensing::Client] Successfully resolved entitlement details
Assembly Assembly-CSharp-Editor-firstpass.dll at Library/ScriptAssemblies/Assembly-CSharp-Editor-firstpass.dll not valid. Loading of assembly skipped.
Assembly Assembly-CSharp-Editor.dll at Library/ScriptAssemblies/Assembly-CSharp-Editor.dll not valid. Loading of assembly skipped.
Assembly Assembly-CSharp-firstpass.dll at Library/ScriptAssemblies/Assembly-CSharp-firstpass.dll not valid. Loading of assembly skipped.
Assembly DocCodeExamples.dll at Library/ScriptAssemblies/DocCodeExamples.dll not valid. Loading of assembly skipped.
Assembly TestNewCustomAssembly.dll at Library/ScriptAssemblies/TestNewCustomAssembly.dll not valid. Loading of assembly skipped.
Assembly Unity.Collections.BurstCompatibilityGen.dll at Library/ScriptAssemblies/Unity.Collections.BurstCompatibilityGen.dll not valid. Loading of assembly skipped.
Assembly Unity.Collections.DocCodeSamples.dll at Library/ScriptAssemblies/Unity.Collections.DocCodeSamples.dll not valid. Loading of assembly skipped.
Assembly Unity.Collections.PerformanceTests.dll at Library/ScriptAssemblies/Unity.Collections.PerformanceTests.dll not valid. Loading of assembly skipped.
Assembly Unity.Collections.Tests.dll at Library/ScriptAssemblies/Unity.Collections.Tests.dll not valid. Loading of assembly skipped.
Assembly Unity.Collections.Tests.Playmode.dll at Library/ScriptAssemblies/Unity.Collections.Tests.Playmode.dll not valid. Loading of assembly skipped.
Assembly Unity.InputSystem.IntegrationTests.dll at Library/ScriptAssemblies/Unity.InputSystem.IntegrationTests.dll not valid. Loading of assembly skipped.
Assembly Unity.Mathematics.Tests.dll at Library/ScriptAssemblies/Unity.Mathematics.Tests.dll not valid. Loading of assembly skipped.
Assembly Unity.Multiplayer.Center.Editor.Tests.dll at Library/ScriptAssemblies/Unity.Multiplayer.Center.Editor.Tests.dll not valid. Loading of assembly skipped.
Assembly Unity.Multiplayer.Center.Tests.dll at Library/ScriptAssemblies/Unity.Multiplayer.Center.Tests.dll not valid. Loading of assembly skipped.
Assembly Unity.Nuget.Mono-Cecil.dll at Library/ScriptAssemblies/Unity.Nuget.Mono-Cecil.dll not valid. Loading of assembly skipped.
Assembly Unity.PathTracing.Editor.Tests.dll at Library/ScriptAssemblies/Unity.PathTracing.Editor.Tests.dll not valid. Loading of assembly skipped.
Assembly Unity.PathTracing.Runtime.Tests.dll at Library/ScriptAssemblies/Unity.PathTracing.Runtime.Tests.dll not valid. Loading of assembly skipped.
Assembly Unity.RenderPipelines.Core.Editor.Tests.dll at Library/ScriptAssemblies/Unity.RenderPipelines.Core.Editor.Tests.dll not valid. Loading of assembly skipped.
Assembly Unity.RenderPipelines.Core.Runtime.Tests.dll at Library/ScriptAssemblies/Unity.RenderPipelines.Core.Runtime.Tests.dll not valid. Loading of assembly skipped.
Assembly Unity.RenderPipelines.Universal.Config.Editor.Tests.dll at Library/ScriptAssemblies/Unity.RenderPipelines.Universal.Config.Editor.Tests.dll not valid. Loading of assembly skipped.
Assembly Unity.RenderPipelines.Universal.Editor.Tests.dll at Library/ScriptAssemblies/Unity.RenderPipelines.Universal.Editor.Tests.dll not valid. Loading of assembly skipped.
Assembly Unity.RenderPipelines.Universal.Runtime.Tests.dll at Library/ScriptAssemblies/Unity.RenderPipelines.Universal.Runtime.Tests.dll not valid. Loading of assembly skipped.
Assembly Unity.Searcher.EditorTests.dll at Library/ScriptAssemblies/Unity.Searcher.EditorTests.dll not valid. Loading of assembly skipped.
Assembly Unity.Settings.Tests.dll at Library/ScriptAssemblies/Unity.Settings.Tests.dll not valid. Loading of assembly skipped.
Assembly Unity.ShaderGraph.Editor.Tests.dll at Library/ScriptAssemblies/Unity.ShaderGraph.Editor.Tests.dll not valid. Loading of assembly skipped.
Assembly Unity.TextMeshPro.Editor.Tests.dll at Library/ScriptAssemblies/Unity.TextMeshPro.Editor.Tests.dll not valid. Loading of assembly skipped.
Assembly Unity.TextMeshPro.Tests.dll at Library/ScriptAssemblies/Unity.TextMeshPro.Tests.dll not valid. Loading of assembly skipped.
Assembly Unity.UnifiedRayTracing.Editor.Tests.dll at Library/ScriptAssemblies/Unity.UnifiedRayTracing.Editor.Tests.dll not valid. Loading of assembly skipped.
Assembly UnityEditor.UI.Common.Tests.dll at Library/ScriptAssemblies/UnityEditor.UI.Common.Tests.dll not valid. Loading of assembly skipped.
Assembly UnityEditor.UI.EditorTests.dll at Library/ScriptAssemblies/UnityEditor.UI.EditorTests.dll not valid. Loading of assembly skipped.
Assembly UnityEngine.UI.Tests.dll at Library/ScriptAssemblies/UnityEngine.UI.Tests.dll not valid. Loading of assembly skipped.
Native extension for LinuxStandalone target not found
Native extension for UWP target not found
Native extension for WindowsStandalone target not found
Native extension for OSXStandalone target not found
Native extension for WebGL target not found
[Package Manager] Failed to launch server process. Reason: Unity was launched with the -noUpm command-line argument
[Package Manager] Unable to send message (not connected to server process).
[Package Manager] Cannot connect to Unity Package Manager local server
[Package Manager] Failed to launch server process. Reason: Unity was launched with the -noUpm command-line argument
[Package Manager] Unable to send message (not connected to server process).
[Package Manager] Cannot connect to Unity Package Manager local server
[MODES] ModeService[none].Initialize
[MODES] ModeService[none].LoadModes
ScheduleIndexationOnStartup MainProcess:False IndexOnStartup:True
Mono: successfully reloaded assembly
- Finished resetting the current domain, in  0.881 seconds
Domain Reload Profiling: 1731ms
	BeginReloadAssembly (224ms)
		DisableScriptedObjects (7ms)
		CreateAndSetChildDomain (48ms)
	RebuildCommonClasses (41ms)
	RebuildNativeTypeToScriptingClass (16ms)
	initialDomainReloadingComplete (67ms)
	LoadAllAssembliesAndSetupDomain (501ms)
		LoadAssemblies (370ms)
		AnalyzeDomain (230ms)
			TypeCache.Refresh (10ms)
			BuildScriptInfoCaches (205ms)
			ResolveRequiredComponents (13ms)
	FinalizeReload (882ms)
		SetupLoadedEditorAssemblies (0ms)
			InitializePlatformSupportModulesInManaged (4ms)
			BeforeProcessingInitializeOnLoad (168ms)
			ProcessInitializeOnLoadAttributes (359ms)
			ProcessInitializeOnLoadMethodAttributes (132ms)
			AfterProcessingInitializeOnLoad (8ms)
		AwakeInstancesAfterBackupRestoration (20ms)
Unloading 25 Unused Serialized files (Serialized files now loaded: 0)
Unloading 6669 unused Assets / (5.6 MB). Loaded Objects now: 7549.
Memory consumption went from 185.6 MB to 180.0 MB.
Total: 9.217200 ms (FindLiveObjects: 0.680600 ms CreateObjectMapping: 0.395800 ms MarkObjects: 5.768000 ms  DeleteObjects: 2.372000 ms)

Prepare: number of updated asset objects reloaded= 0
========================================================================
Received Prepare
Begin MonoManager ReloadAssembly
Assembly Assembly-CSharp-Editor-firstpass.dll at Library/ScriptAssemblies/Assembly-CSharp-Editor-firstpass.dll not valid. Loading of assembly skipped.
Assembly Assembly-CSharp-Editor.dll at Library/ScriptAssemblies/Assembly-CSharp-Editor.dll not valid. Loading of assembly skipped.
Assembly Assembly-CSharp-firstpass.dll at Library/ScriptAssemblies/Assembly-CSharp-firstpass.dll not valid. Loading of assembly skipped.
Assembly DocCodeExamples.dll at Library/ScriptAssemblies/DocCodeExamples.dll not valid. Loading of assembly skipped.
Assembly TestNewCustomAssembly.dll at Library/ScriptAssemblies/TestNewCustomAssembly.dll not valid. Loading of assembly skipped.
Assembly Unity.Collections.BurstCompatibilityGen.dll at Library/ScriptAssemblies/Unity.Collections.BurstCompatibilityGen.dll not valid. Loading of assembly skipped.
Assembly Unity.Collections.DocCodeSamples.dll at Library/ScriptAssemblies/Unity.Collections.DocCodeSamples.dll not valid. Loading of assembly skipped.
Assembly Unity.Collections.PerformanceTests.dll at Library/ScriptAssemblies/Unity.Collections.PerformanceTests.dll not valid. Loading of assembly skipped.
Assembly Unity.Collections.Tests.dll at Library/ScriptAssemblies/Unity.Collections.Tests.dll not valid. Loading of assembly skipped.
Assembly Unity.Collections.Tests.Playmode.dll at Library/ScriptAssemblies/Unity.Collections.Tests.Playmode.dll not valid. Loading of assembly skipped.
Assembly Unity.InputSystem.IntegrationTests.dll at Library/ScriptAssemblies/Unity.InputSystem.IntegrationTests.dll not valid. Loading of assembly skipped.
Assembly Unity.Mathematics.Tests.dll at Library/ScriptAssemblies/Unity.Mathematics.Tests.dll not valid. Loading of assembly skipped.
Assembly Unity.Multiplayer.Center.Editor.Tests.dll at Library/ScriptAssemblies/Unity.Multiplayer.Center.Editor.Tests.dll not valid. Loading of assembly skipped.
Assembly Unity.Multiplayer.Center.Tests.dll at Library/ScriptAssemblies/Unity.Multiplayer.Center.Tests.dll not valid. Loading of assembly skipped.
Assembly Unity.Nuget.Mono-Cecil.dll at Library/ScriptAssemblies/Unity.Nuget.Mono-Cecil.dll not valid. Loading of assembly skipped.
Assembly Unity.PathTracing.Editor.Tests.dll at Library/ScriptAssemblies/Unity.PathTracing.Editor.Tests.dll not valid. Loading of assembly skipped.
Assembly Unity.PathTracing.Runtime.Tests.dll at Library/ScriptAssemblies/Unity.PathTracing.Runtime.Tests.dll not valid. Loading of assembly skipped.
Assembly Unity.RenderPipelines.Core.Editor.Tests.dll at Library/ScriptAssemblies/Unity.RenderPipelines.Core.Editor.Tests.dll not valid. Loading of assembly skipped.
Assembly Unity.RenderPipelines.Core.Runtime.Tests.dll at Library/ScriptAssemblies/Unity.RenderPipelines.Core.Runtime.Tests.dll not valid. Loading of assembly skipped.
Assembly Unity.RenderPipelines.Universal.Config.Editor.Tests.dll at Library/ScriptAssemblies/Unity.RenderPipelines.Universal.Config.Editor.Tests.dll not valid. Loading of assembly skipped.
Assembly Unity.RenderPipelines.Universal.Editor.Tests.dll at Library/ScriptAssemblies/Unity.RenderPipelines.Universal.Editor.Tests.dll not valid. Loading of assembly skipped.
Assembly Unity.RenderPipelines.Universal.Runtime.Tests.dll at Library/ScriptAssemblies/Unity.RenderPipelines.Universal.Runtime.Tests.dll not valid. Loading of assembly skipped.
Assembly Unity.Searcher.EditorTests.dll at Library/ScriptAssemblies/Unity.Searcher.EditorTests.dll not valid. Loading of assembly skipped.
Assembly Unity.Settings.Tests.dll at Library/ScriptAssemblies/Unity.Settings.Tests.dll not valid. Loading of assembly skipped.
Assembly Unity.ShaderGraph.Editor.Tests.dll at Library/ScriptAssemblies/Unity.ShaderGraph.Editor.Tests.dll not valid. Loading of assembly skipped.
Assembly Unity.TextMeshPro.Editor.Tests.dll at Library/ScriptAssemblies/Unity.TextMeshPro.Editor.Tests.dll not valid. Loading of assembly skipped.
Assembly Unity.TextMeshPro.Tests.dll at Library/ScriptAssemblies/Unity.TextMeshPro.Tests.dll not valid. Loading of assembly skipped.
Assembly Unity.UnifiedRayTracing.Editor.Tests.dll at Library/ScriptAssemblies/Unity.UnifiedRayTracing.Editor.Tests.dll not valid. Loading of assembly skipped.
Assembly UnityEditor.UI.Common.Tests.dll at Library/ScriptAssemblies/UnityEditor.UI.Common.Tests.dll not valid. Loading of assembly skipped.
Assembly UnityEditor.UI.EditorTests.dll at Library/ScriptAssemblies/UnityEditor.UI.EditorTests.dll not valid. Loading of assembly skipped.
Assembly UnityEngine.UI.Tests.dll at Library/ScriptAssemblies/UnityEngine.UI.Tests.dll not valid. Loading of assembly skipped.
Native extension for LinuxStandalone target not found
Native extension for UWP target not found
Native extension for WindowsStandalone target not found
Native extension for OSXStandalone target not found
Native extension for WebGL target not found
[Package Manager] Failed to launch server process. Reason: Unity was launched with the -noUpm command-line argument
[Package Manager] Unable to send message (not connected to server process).
[Package Manager] Cannot connect to Unity Package Manager local server
[Package Manager] Failed to launch server process. Reason: Unity was launched with the -noUpm command-line argument
[Package Manager] Unable to send message (not connected to server process).
[Package Manager] Cannot connect to Unity Package Manager local server
[MODES] ModeService[none].Initialize
[MODES] ModeService[none].LoadModes
ScheduleIndexationOnStartup MainProcess:False IndexOnStartup:True
Mono: successfully reloaded assembly
- Finished resetting the current domain, in  0.861 seconds
Domain Reload Profiling: 1699ms
	BeginReloadAssembly (234ms)
		DisableScriptedObjects (6ms)
		CreateAndSetChildDomain (50ms)
	RebuildCommonClasses (42ms)
	RebuildNativeTypeToScriptingClass (14ms)
	initialDomainReloadingComplete (60ms)
	LoadAllAssembliesAndSetupDomain (488ms)
		LoadAssemblies (364ms)
		AnalyzeDomain (229ms)
			TypeCache.Refresh (8ms)
			BuildScriptInfoCaches (206ms)
			ResolveRequiredComponents (13ms)
	FinalizeReload (862ms)
		SetupLoadedEditorAssemblies (0ms)
			InitializePlatformSupportModulesInManaged (4ms)
			BeforeProcessingInitializeOnLoad (173ms)
			ProcessInitializeOnLoadAttributes (348ms)
			ProcessInitializeOnLoadMethodAttributes (125ms)
			AfterProcessingInitializeOnLoad (7ms)
		AwakeInstancesAfterBackupRestoration (18ms)
Unloading 25 Unused Serialized files (Serialized files now loaded: 0)
Unloading 6669 unused Assets / (5.6 MB). Loaded Objects now: 7552.
Memory consumption went from 189.2 MB to 183.6 MB.
Total: 10.793800 ms (FindLiveObjects: 0.810500 ms CreateObjectMapping: 0.842500 ms MarkObjects: 6.132300 ms  DeleteObjects: 3.007300 ms)

Prepare: number of updated asset objects reloaded= 0
========================================================================
Received Import Request.
  Time since last request: 523.642283 seconds.
  path: Assets/Jensen Assets/Scripts
  importAddress: Guid(a8b91268a8c14ec4d9ed60d0f77b4096) Importer(815301076,1909f56bfc062723c751e8b465ee728b)
Start importing Assets/Jensen Assets/Scripts using Guid(a8b91268a8c14ec4d9ed60d0f77b4096) Importer(815301076,1909f56bfc062723c751e8b465ee728b) (PreviewImporter) -> (Import Result ID: '03d109d72b3fdc35ff767ef485e2e2ca') in 0.0019626 seconds [static and dynamic dependencies]. Details - ImportResultOutputID=acfe80ffd36f9039a1c972bdbeeff133 DependenciesID=53890681c05e72783560c460bc915021 StaticDependenciesID=278846790e6722238bc3961260a26ffe 
Number of updated asset objects reloaded before import = 0Number of asset objects unloaded after import = 0

========================================================================
Received Import Request.
  Time since last request: 2.195309 seconds.
  path: Assets/Scenes/Topher - IGB101 Assignment Level.unity
  importAddress: Guid(4a5a11d3b9e003a4cbc59fc4a276c4c6) Importer(815301076,1909f56bfc062723c751e8b465ee728b)
Start importing Assets/Scenes/Topher - IGB101 Assignment Level.unity using Guid(4a5a11d3b9e003a4cbc59fc4a276c4c6) Importer(815301076,1909f56bfc062723c751e8b465ee728b) (PreviewImporter) -> (Import Result ID: '66ba8bd8e1461a5a3f212b27141dfd31') in 0.0006435 seconds [static and dynamic dependencies]. Details - ImportResultOutputID=c815dfc19cc392a2ab3169bdfd26b3d4 DependenciesID=77c112f947a50752548ddf525c21070e StaticDependenciesID=d16e7ae1787d86cabab820962692f7cd 
Number of updated asset objects reloaded before import = 0Number of asset objects unloaded after import = 0

========================================================================
Received Import Request.
  Time since last request: 3.189974 seconds.
  path: Assets/Topher Assets/Scripts/Pickup.cs
  importAddress: Guid(abf8ac7ea1f5dac46a64b3d2dec1a9ef) Importer(2089858483,b0f066a214c2f5e87bad3c948f4d605d)
Start importing Assets/Topher Assets/Scripts/Pickup.cs using Guid(abf8ac7ea1f5dac46a64b3d2dec1a9ef) Importer(2089858483,b0f066a214c2f5e87bad3c948f4d605d) (ScriptedImporter) -> (Import Result ID: '423ee2eed8af6daa294638d034d6e35b') in 0.088789 seconds [static and dynamic dependencies]. Details - ImportResultOutputID=7fdd5a14afb603143d006db38edcb3d1 DependenciesID=6a5cfd9f80f48f11e5e6a07b176483e1 StaticDependenciesID=8170262702503fabf52a4a8f4cbfd9ad 
Number of updated asset objects reloaded before import = 0Number of asset objects unloaded after import = 0

========================================================================
Received Import Request.
  Time since last request: 0.000024 seconds.
  path: Assets/Jensen Assets/Scripts/GameManager.cs
  importAddress: Guid(8fd1664eeb4e0d84580456cde9c2344c) Importer(2089858483,b0f066a214c2f5e87bad3c948f4d605d)
Start importing Assets/Jensen Assets/Scripts/GameManager.cs using Guid(8fd1664eeb4e0d84580456cde9c2344c) Importer(2089858483,b0f066a214c2f5e87bad3c948f4d605d) (ScriptedImporter) -> (Import Result ID: '73cc5ade3b8cb69d4b20d26d8c2f56a1') in 0.011744 seconds [static and dynamic dependencies]. Details - ImportResultOutputID=294b292cba1ac373aa0f905d023b072d DependenciesID=c231ccf822fff16697b9af1f9804fc51 StaticDependenciesID=75353148d26b6cd369f52007093629dd 
Number of updated asset objects reloaded before import = 0Number of asset objects unloaded after import = 0

========================================================================
Received Import Request.
  Time since last request: 0.000030 seconds.
  path: Assets/Scenes/IFB101 Scene Final.unity
  importAddress: Guid(d8a1427bfb37b3747aa366f2dd2825fb) Importer(2089858483,b0f066a214c2f5e87bad3c948f4d605d)
Start importing Assets/Scenes/IFB101 Scene Final.unity using Guid(d8a1427bfb37b3747aa366f2dd2825fb) Importer(2089858483,b0f066a214c2f5e87bad3c948f4d605d) (ScriptedImporter) -> (Import Result ID: '2903f0b34dfb7dfadc47b462b302dac0') in 0.030346 seconds [static and dynamic dependencies]. Details - ImportResultOutputID=0e568180da984bcdefc7258aa7768e36 DependenciesID=489aa028e1ddf6498641d9367138e344 StaticDependenciesID=e0d99f327528fa71224907961e90cac2 
Number of updated asset objects reloaded before import = 0Number of asset objects unloaded after import = 1

========================================================================
Received Import Request.
  Time since last request: 11.579315 seconds.
  path: Assets/Scenes/Topher - Assignment Level.unity
  importAddress: Guid(4a5a11d3b9e003a4cbc59fc4a276c4c6) Importer(815301076,1909f56bfc062723c751e8b465ee728b)
Start importing Assets/Scenes/Topher - Assignment Level.unity using Guid(4a5a11d3b9e003a4cbc59fc4a276c4c6) Importer(815301076,1909f56bfc062723c751e8b465ee728b) (PreviewImporter) -> (Import Result ID: 'b50c740640138f9048f6c93445928e6c') in 0.0005719 seconds [static and dynamic dependencies]. Details - ImportResultOutputID=c815dfc19cc392a2ab3169bdfd26b3d4 DependenciesID=ed08d2752879df20496a324d0cf2911d StaticDependenciesID=e4f09e743ef803f1b0658fd91f7b42eb 
Number of updated asset objects reloaded before import = 0Number of asset objects unloaded after import = 0

========================================================================
Received Import Request.
  Time since last request: 0.910683 seconds.
  path: Assets/Scenes/Topher - Assignment Level.unity
  importAddress: Guid(4a5a11d3b9e003a4cbc59fc4a276c4c6) Importer(2089858483,b0f066a214c2f5e87bad3c948f4d605d)
Start importing Assets/Scenes/Topher - Assignment Level.unity using Guid(4a5a11d3b9e003a4cbc59fc4a276c4c6) Importer(2089858483,b0f066a214c2f5e87bad3c948f4d605d) (ScriptedImporter) -> (Import Result ID: '6e416ff509d8cdba41b330a2b5ae0385') in 0.0232666 seconds [static and dynamic dependencies]. Details - ImportResultOutputID=22ae321e07768c58b59635c2389f1e74 DependenciesID=9ee9e03b302379327f636a88bcedccb5 StaticDependenciesID=f50719f55c44ce1f2e90e2d3c28d4cd5 
Number of updated asset objects reloaded before import = 0Number of asset objects unloaded after import = 1

========================================================================
Received Import Request.
  Time since last request: 16.625073 seconds.
  path: Assets/Scenes/IFB101 Scene Final.unity
  importAddress: Guid(d8a1427bfb37b3747aa366f2dd2825fb) Importer(2089858483,b0f066a214c2f5e87bad3c948f4d605d)
Start importing Assets/Scenes/IFB101 Scene Final.unity using Guid(d8a1427bfb37b3747aa366f2dd2825fb) Importer(2089858483,b0f066a214c2f5e87bad3c948f4d605d) (ScriptedImporter) -> (Import Result ID: '005e46e8f004bef4e50e59f091e4d8a4') in 0.0281879 seconds [static and dynamic dependencies]. Details - ImportResultOutputID=1f1c50bc8d7ee5a308f831ef026d7f49 DependenciesID=fd860878fa53f8f795f126faa19e9fa2 StaticDependenciesID=1775b878d02851d0970c70b2e2afa083 
Number of updated asset objects reloaded before import = 0Number of asset objects unloaded after import = 1

========================================================================
Received Import Request.
  Time since last request: 19.229779 seconds.
  path: Assets/Scenes/IFB101 Scene Final.unity
  importAddress: Guid(d8a1427bfb37b3747aa366f2dd2825fb) Importer(815301076,1909f56bfc062723c751e8b465ee728b)
Start importing Assets/Scenes/IFB101 Scene Final.unity using Guid(d8a1427bfb37b3747aa366f2dd2825fb) Importer(815301076,1909f56bfc062723c751e8b465ee728b) (PreviewImporter) -> (Import Result ID: '660c74774cdef21439424b589512a077') in 0.0005988 seconds [static and dynamic dependencies]. Details - ImportResultOutputID=513cc52538cad30d19149f1716abaece DependenciesID=ca15dfd31fcf3593e0812586833873fc StaticDependenciesID=d28cc6b19fb6dfde3ee46996da8993dc 
Number of updated asset objects reloaded before import = 0Number of asset objects unloaded after import = 0

========================================================================
Received Prepare
Begin MonoManager ReloadAssembly
[Licensing::Client] Successfully resolved entitlement details
Assembly Assembly-CSharp-Editor-firstpass.dll at Library/ScriptAssemblies/Assembly-CSharp-Editor-firstpass.dll not valid. Loading of assembly skipped.
Assembly Assembly-CSharp-Editor.dll at Library/ScriptAssemblies/Assembly-CSharp-Editor.dll not valid. Loading of assembly skipped.
Assembly Assembly-CSharp-firstpass.dll at Library/ScriptAssemblies/Assembly-CSharp-firstpass.dll not valid. Loading of assembly skipped.
Assembly DocCodeExamples.dll at Library/ScriptAssemblies/DocCodeExamples.dll not valid. Loading of assembly skipped.
Assembly TestNewCustomAssembly.dll at Library/ScriptAssemblies/TestNewCustomAssembly.dll not valid. Loading of assembly skipped.
Assembly Unity.Collections.BurstCompatibilityGen.dll at Library/ScriptAssemblies/Unity.Collections.BurstCompatibilityGen.dll not valid. Loading of assembly skipped.
Assembly Unity.Collections.DocCodeSamples.dll at Library/ScriptAssemblies/Unity.Collections.DocCodeSamples.dll not valid. Loading of assembly skipped.
Assembly Unity.Collections.PerformanceTests.dll at Library/ScriptAssemblies/Unity.Collections.PerformanceTests.dll not valid. Loading of assembly skipped.
Assembly Unity.Collections.Tests.dll at Library/ScriptAssemblies/Unity.Collections.Tests.dll not valid. Loading of assembly skipped.
Assembly Unity.Collections.Tests.Playmode.dll at Library/ScriptAssemblies/Unity.Collections.Tests.Playmode.dll not valid. Loading of assembly skipped.
Assembly Unity.InputSystem.IntegrationTests.dll at Library/ScriptAssemblies/Unity.InputSystem.IntegrationTests.dll not valid. Loading of assembly skipped.
Assembly Unity.Mathematics.Tests.dll at Library/ScriptAssemblies/Unity.Mathematics.Tests.dll not valid. Loading of assembly skipped.
Assembly Unity.Multiplayer.Center.Editor.Tests.dll at Library/ScriptAssemblies/Unity.Multiplayer.Center.Editor.Tests.dll not valid. Loading of assembly skipped.
Assembly Unity.Multiplayer.Center.Tests.dll at Library/ScriptAssemblies/Unity.Multiplayer.Center.Tests.dll not valid. Loading of assembly skipped.
Assembly Unity.Nuget.Mono-Cecil.dll at Library/ScriptAssemblies/Unity.Nuget.Mono-Cecil.dll not valid. Loading of assembly skipped.
Assembly Unity.PathTracing.Editor.Tests.dll at Library/ScriptAssemblies/Unity.PathTracing.Editor.Tests.dll not valid. Loading of assembly skipped.
Assembly Unity.PathTracing.Runtime.Tests.dll at Library/ScriptAssemblies/Unity.PathTracing.Runtime.Tests.dll not valid. Loading of assembly skipped.
Assembly Unity.RenderPipelines.Core.Editor.Tests.dll at Library/ScriptAssemblies/Unity.RenderPipelines.Core.Editor.Tests.dll not valid. Loading of assembly skipped.
Assembly Unity.RenderPipelines.Core.Runtime.Tests.dll at Library/ScriptAssemblies/Unity.RenderPipelines.Core.Runtime.Tests.dll not valid. Loading of assembly skipped.
Assembly Unity.RenderPipelines.Universal.Config.Editor.Tests.dll at Library/ScriptAssemblies/Unity.RenderPipelines.Universal.Config.Editor.Tests.dll not valid. Loading of assembly skipped.
Assembly Unity.RenderPipelines.Universal.Editor.Tests.dll at Library/ScriptAssemblies/Unity.RenderPipelines.Universal.Editor.Tests.dll not valid. Loading of assembly skipped.
Assembly Unity.RenderPipelines.Universal.Runtime.Tests.dll at Library/ScriptAssemblies/Unity.RenderPipelines.Universal.Runtime.Tests.dll not valid. Loading of assembly skipped.
Assembly Unity.Searcher.EditorTests.dll at Library/ScriptAssemblies/Unity.Searcher.EditorTests.dll not valid. Loading of assembly skipped.
Assembly Unity.Settings.Tests.dll at Library/ScriptAssemblies/Unity.Settings.Tests.dll not valid. Loading of assembly skipped.
Assembly Unity.ShaderGraph.Editor.Tests.dll at Library/ScriptAssemblies/Unity.ShaderGraph.Editor.Tests.dll not valid. Loading of assembly skipped.
Assembly Unity.TextMeshPro.Editor.Tests.dll at Library/ScriptAssemblies/Unity.TextMeshPro.Editor.Tests.dll not valid. Loading of assembly skipped.
Assembly Unity.TextMeshPro.Tests.dll at Library/ScriptAssemblies/Unity.TextMeshPro.Tests.dll not valid. Loading of assembly skipped.
Assembly Unity.UnifiedRayTracing.Editor.Tests.dll at Library/ScriptAssemblies/Unity.UnifiedRayTracing.Editor.Tests.dll not valid. Loading of assembly skipped.
Assembly UnityEditor.UI.Common.Tests.dll at Library/ScriptAssemblies/UnityEditor.UI.Common.Tests.dll not valid. Loading of assembly skipped.
Assembly UnityEditor.UI.EditorTests.dll at Library/ScriptAssemblies/UnityEditor.UI.EditorTests.dll not valid. Loading of assembly skipped.
Assembly UnityEngine.UI.Tests.dll at Library/ScriptAssemblies/UnityEngine.UI.Tests.dll not valid. Loading of assembly skipped.
Native extension for LinuxStandalone target not found
Native extension for UWP target not found
Native extension for WindowsStandalone target not found
Native extension for OSXStandalone target not found
Native extension for WebGL target not found
[Package Manager] Failed to launch server process. Reason: Unity was launched with the -noUpm command-line argument
[Package Manager] Unable to send message (not connected to server process).
[Package Manager] Cannot connect to Unity Package Manager local server
[Package Manager] Failed to launch server process. Reason: Unity was launched with the -noUpm command-line argument
[Package Manager] Unable to send message (not connected to server process).
[Package Manager] Cannot connect to Unity Package Manager local server
[MODES] ModeService[none].Initialize
[MODES] ModeService[none].LoadModes
ScheduleIndexationOnStartup MainProcess:False IndexOnStartup:True
Mono: successfully reloaded assembly
- Finished resetting the current domain, in  0.850 seconds
Domain Reload Profiling: 1674ms
	BeginReloadAssembly (219ms)
		DisableScriptedObjects (7ms)
		CreateAndSetChildDomain (48ms)
	RebuildCommonClasses (42ms)
	RebuildNativeTypeToScriptingClass (14ms)
	initialDomainReloadingComplete (69ms)
	LoadAllAssembliesAndSetupDomain (480ms)
		LoadAssemblies (353ms)
		AnalyzeDomain (222ms)
			TypeCache.Refresh (7ms)
			BuildScriptInfoCaches (201ms)
			ResolveRequiredComponents (13ms)
	FinalizeReload (850ms)
		SetupLoadedEditorAssemblies (0ms)
			InitializePlatformSupportModulesInManaged (5ms)
			BeforeProcessingInitializeOnLoad (172ms)
			ProcessInitializeOnLoadAttributes (334ms)
			ProcessInitializeOnLoadMethodAttributes (123ms)
			AfterProcessingInitializeOnLoad (8ms)
		AwakeInstancesAfterBackupRestoration (19ms)
Unloading 25 Unused Serialized files (Serialized files now loaded: 0)
Unloading 6669 unused Assets / (5.1 MB). Loaded Objects now: 7555.
Memory consumption went from 171.5 MB to 166.4 MB.
Total: 10.081500 ms (FindLiveObjects: 0.720200 ms CreateObjectMapping: 0.444800 ms MarkObjects: 6.238600 ms  DeleteObjects: 2.676800 ms)

Prepare: number of updated asset objects reloaded= 0
========================================================================
Received Prepare
Begin MonoManager ReloadAssembly
[Licensing::Client] Successfully resolved entitlement details
Assembly Assembly-CSharp-Editor-firstpass.dll at Library/ScriptAssemblies/Assembly-CSharp-Editor-firstpass.dll not valid. Loading of assembly skipped.
Assembly Assembly-CSharp-Editor.dll at Library/ScriptAssemblies/Assembly-CSharp-Editor.dll not valid. Loading of assembly skipped.
Assembly Assembly-CSharp-firstpass.dll at Library/ScriptAssemblies/Assembly-CSharp-firstpass.dll not valid. Loading of assembly skipped.
Assembly DocCodeExamples.dll at Library/ScriptAssemblies/DocCodeExamples.dll not valid. Loading of assembly skipped.
Assembly TestNewCustomAssembly.dll at Library/ScriptAssemblies/TestNewCustomAssembly.dll not valid. Loading of assembly skipped.
Assembly Unity.Collections.BurstCompatibilityGen.dll at Library/ScriptAssemblies/Unity.Collections.BurstCompatibilityGen.dll not valid. Loading of assembly skipped.
Assembly Unity.Collections.DocCodeSamples.dll at Library/ScriptAssemblies/Unity.Collections.DocCodeSamples.dll not valid. Loading of assembly skipped.
Assembly Unity.Collections.PerformanceTests.dll at Library/ScriptAssemblies/Unity.Collections.PerformanceTests.dll not valid. Loading of assembly skipped.
Assembly Unity.Collections.Tests.dll at Library/ScriptAssemblies/Unity.Collections.Tests.dll not valid. Loading of assembly skipped.
Assembly Unity.Collections.Tests.Playmode.dll at Library/ScriptAssemblies/Unity.Collections.Tests.Playmode.dll not valid. Loading of assembly skipped.
Assembly Unity.InputSystem.IntegrationTests.dll at Library/ScriptAssemblies/Unity.InputSystem.IntegrationTests.dll not valid. Loading of assembly skipped.
Assembly Unity.Mathematics.Tests.dll at Library/ScriptAssemblies/Unity.Mathematics.Tests.dll not valid. Loading of assembly skipped.
Assembly Unity.Multiplayer.Center.Editor.Tests.dll at Library/ScriptAssemblies/Unity.Multiplayer.Center.Editor.Tests.dll not valid. Loading of assembly skipped.
Assembly Unity.Multiplayer.Center.Tests.dll at Library/ScriptAssemblies/Unity.Multiplayer.Center.Tests.dll not valid. Loading of assembly skipped.
Assembly Unity.Nuget.Mono-Cecil.dll at Library/ScriptAssemblies/Unity.Nuget.Mono-Cecil.dll not valid. Loading of assembly skipped.
Assembly Unity.PathTracing.Editor.Tests.dll at Library/ScriptAssemblies/Unity.PathTracing.Editor.Tests.dll not valid. Loading of assembly skipped.
Assembly Unity.PathTracing.Runtime.Tests.dll at Library/ScriptAssemblies/Unity.PathTracing.Runtime.Tests.dll not valid. Loading of assembly skipped.
Assembly Unity.RenderPipelines.Core.Editor.Tests.dll at Library/ScriptAssemblies/Unity.RenderPipelines.Core.Editor.Tests.dll not valid. Loading of assembly skipped.
Assembly Unity.RenderPipelines.Core.Runtime.Tests.dll at Library/ScriptAssemblies/Unity.RenderPipelines.Core.Runtime.Tests.dll not valid. Loading of assembly skipped.
Assembly Unity.RenderPipelines.Universal.Config.Editor.Tests.dll at Library/ScriptAssemblies/Unity.RenderPipelines.Universal.Config.Editor.Tests.dll not valid. Loading of assembly skipped.
Assembly Unity.RenderPipelines.Universal.Editor.Tests.dll at Library/ScriptAssemblies/Unity.RenderPipelines.Universal.Editor.Tests.dll not valid. Loading of assembly skipped.
Assembly Unity.RenderPipelines.Universal.Runtime.Tests.dll at Library/ScriptAssemblies/Unity.RenderPipelines.Universal.Runtime.Tests.dll not valid. Loading of assembly skipped.
Assembly Unity.Searcher.EditorTests.dll at Library/ScriptAssemblies/Unity.Searcher.EditorTests.dll not valid. Loading of assembly skipped.
Assembly Unity.Settings.Tests.dll at Library/ScriptAssemblies/Unity.Settings.Tests.dll not valid. Loading of assembly skipped.
Assembly Unity.ShaderGraph.Editor.Tests.dll at Library/ScriptAssemblies/Unity.ShaderGraph.Editor.Tests.dll not valid. Loading of assembly skipped.
Assembly Unity.TextMeshPro.Editor.Tests.dll at Library/ScriptAssemblies/Unity.TextMeshPro.Editor.Tests.dll not valid. Loading of assembly skipped.
Assembly Unity.TextMeshPro.Tests.dll at Library/ScriptAssemblies/Unity.TextMeshPro.Tests.dll not valid. Loading of assembly skipped.
Assembly Unity.UnifiedRayTracing.Editor.Tests.dll at Library/ScriptAssemblies/Unity.UnifiedRayTracing.Editor.Tests.dll not valid. Loading of assembly skipped.
Assembly UnityEditor.UI.Common.Tests.dll at Library/ScriptAssemblies/UnityEditor.UI.Common.Tests.dll not valid. Loading of assembly skipped.
Assembly UnityEditor.UI.EditorTests.dll at Library/ScriptAssemblies/UnityEditor.UI.EditorTests.dll not valid. Loading of assembly skipped.
Assembly UnityEngine.UI.Tests.dll at Library/ScriptAssemblies/UnityEngine.UI.Tests.dll not valid. Loading of assembly skipped.
Native extension for LinuxStandalone target not found
Native extension for UWP target not found
Native extension for WindowsStandalone target not found
Native extension for OSXStandalone target not found
Native extension for WebGL target not found
[Package Manager] Failed to launch server process. Reason: Unity was launched with the -noUpm command-line argument
[Package Manager] Unable to send message (not connected to server process).
[Package Manager] Cannot connect to Unity Package Manager local server
[Package Manager] Failed to launch server process. Reason: Unity was launched with the -noUpm command-line argument
[Package Manager] Unable to send message (not connected to server process).
[Package Manager] Cannot connect to Unity Package Manager local server
[MODES] ModeService[none].Initialize
[MODES] ModeService[none].LoadModes
ScheduleIndexationOnStartup MainProcess:False IndexOnStartup:True
Mono: successfully reloaded assembly
- Finished resetting the current domain, in  0.867 seconds
Domain Reload Profiling: 1710ms
	BeginReloadAssembly (236ms)
		DisableScriptedObjects (7ms)
		CreateAndSetChildDomain (52ms)
	RebuildCommonClasses (43ms)
	RebuildNativeTypeToScriptingClass (15ms)
	initialDomainReloadingComplete (65ms)
	LoadAllAssembliesAndSetupDomain (483ms)
		LoadAssemblies (360ms)
		AnalyzeDomain (228ms)
			TypeCache.Refresh (10ms)
			BuildScriptInfoCaches (204ms)
			ResolveRequiredComponents (12ms)
	FinalizeReload (868ms)
		SetupLoadedEditorAssemblies (0ms)
			InitializePlatformSupportModulesInManaged (5ms)
			BeforeProcessingInitializeOnLoad (165ms)
			ProcessInitializeOnLoadAttributes (353ms)
			ProcessInitializeOnLoadMethodAttributes (132ms)
			AfterProcessingInitializeOnLoad (8ms)
		AwakeInstancesAfterBackupRestoration (19ms)
Unloading 25 Unused Serialized files (Serialized files now loaded: 0)
Unloading 6669 unused Assets / (5.5 MB). Loaded Objects now: 7558.
Memory consumption went from 175.0 MB to 169.5 MB.
Total: 9.137000 ms (FindLiveObjects: 0.703800 ms CreateObjectMapping: 0.396500 ms MarkObjects: 5.609300 ms  DeleteObjects: 2.426200 ms)

Prepare: number of updated asset objects reloaded= 0
========================================================================
Received Prepare
Begin MonoManager ReloadAssembly
Assembly Assembly-CSharp-Editor-firstpass.dll at Library/ScriptAssemblies/Assembly-CSharp-Editor-firstpass.dll not valid. Loading of assembly skipped.
Assembly Assembly-CSharp-Editor.dll at Library/ScriptAssemblies/Assembly-CSharp-Editor.dll not valid. Loading of assembly skipped.
Assembly Assembly-CSharp-firstpass.dll at Library/ScriptAssemblies/Assembly-CSharp-firstpass.dll not valid. Loading of assembly skipped.
Assembly DocCodeExamples.dll at Library/ScriptAssemblies/DocCodeExamples.dll not valid. Loading of assembly skipped.
Assembly TestNewCustomAssembly.dll at Library/ScriptAssemblies/TestNewCustomAssembly.dll not valid. Loading of assembly skipped.
Assembly Unity.Collections.BurstCompatibilityGen.dll at Library/ScriptAssemblies/Unity.Collections.BurstCompatibilityGen.dll not valid. Loading of assembly skipped.
Assembly Unity.Collections.DocCodeSamples.dll at Library/ScriptAssemblies/Unity.Collections.DocCodeSamples.dll not valid. Loading of assembly skipped.
Assembly Unity.Collections.PerformanceTests.dll at Library/ScriptAssemblies/Unity.Collections.PerformanceTests.dll not valid. Loading of assembly skipped.
Assembly Unity.Collections.Tests.dll at Library/ScriptAssemblies/Unity.Collections.Tests.dll not valid. Loading of assembly skipped.
Assembly Unity.Collections.Tests.Playmode.dll at Library/ScriptAssemblies/Unity.Collections.Tests.Playmode.dll not valid. Loading of assembly skipped.
Assembly Unity.InputSystem.IntegrationTests.dll at Library/ScriptAssemblies/Unity.InputSystem.IntegrationTests.dll not valid. Loading of assembly skipped.
Assembly Unity.Mathematics.Tests.dll at Library/ScriptAssemblies/Unity.Mathematics.Tests.dll not valid. Loading of assembly skipped.
Assembly Unity.Multiplayer.Center.Editor.Tests.dll at Library/ScriptAssemblies/Unity.Multiplayer.Center.Editor.Tests.dll not valid. Loading of assembly skipped.
Assembly Unity.Multiplayer.Center.Tests.dll at Library/ScriptAssemblies/Unity.Multiplayer.Center.Tests.dll not valid. Loading of assembly skipped.
Assembly Unity.Nuget.Mono-Cecil.dll at Library/ScriptAssemblies/Unity.Nuget.Mono-Cecil.dll not valid. Loading of assembly skipped.
Assembly Unity.PathTracing.Editor.Tests.dll at Library/ScriptAssemblies/Unity.PathTracing.Editor.Tests.dll not valid. Loading of assembly skipped.
Assembly Unity.PathTracing.Runtime.Tests.dll at Library/ScriptAssemblies/Unity.PathTracing.Runtime.Tests.dll not valid. Loading of assembly skipped.
Assembly Unity.RenderPipelines.Core.Editor.Tests.dll at Library/ScriptAssemblies/Unity.RenderPipelines.Core.Editor.Tests.dll not valid. Loading of assembly skipped.
Assembly Unity.RenderPipelines.Core.Runtime.Tests.dll at Library/ScriptAssemblies/Unity.RenderPipelines.Core.Runtime.Tests.dll not valid. Loading of assembly skipped.
Assembly Unity.RenderPipelines.Universal.Config.Editor.Tests.dll at Library/ScriptAssemblies/Unity.RenderPipelines.Universal.Config.Editor.Tests.dll not valid. Loading of assembly skipped.
Assembly Unity.RenderPipelines.Universal.Editor.Tests.dll at Library/ScriptAssemblies/Unity.RenderPipelines.Universal.Editor.Tests.dll not valid. Loading of assembly skipped.
Assembly Unity.RenderPipelines.Universal.Runtime.Tests.dll at Library/ScriptAssemblies/Unity.RenderPipelines.Universal.Runtime.Tests.dll not valid. Loading of assembly skipped.
Assembly Unity.Searcher.EditorTests.dll at Library/ScriptAssemblies/Unity.Searcher.EditorTests.dll not valid. Loading of assembly skipped.
Assembly Unity.Settings.Tests.dll at Library/ScriptAssemblies/Unity.Settings.Tests.dll not valid. Loading of assembly skipped.
Assembly Unity.ShaderGraph.Editor.Tests.dll at Library/ScriptAssemblies/Unity.ShaderGraph.Editor.Tests.dll not valid. Loading of assembly skipped.
Assembly Unity.TextMeshPro.Editor.Tests.dll at Library/ScriptAssemblies/Unity.TextMeshPro.Editor.Tests.dll not valid. Loading of assembly skipped.
Assembly Unity.TextMeshPro.Tests.dll at Library/ScriptAssemblies/Unity.TextMeshPro.Tests.dll not valid. Loading of assembly skipped.
Assembly Unity.UnifiedRayTracing.Editor.Tests.dll at Library/ScriptAssemblies/Unity.UnifiedRayTracing.Editor.Tests.dll not valid. Loading of assembly skipped.
Assembly UnityEditor.UI.Common.Tests.dll at Library/ScriptAssemblies/UnityEditor.UI.Common.Tests.dll not valid. Loading of assembly skipped.
Assembly UnityEditor.UI.EditorTests.dll at Library/ScriptAssemblies/UnityEditor.UI.EditorTests.dll not valid. Loading of assembly skipped.
Assembly UnityEngine.UI.Tests.dll at Library/ScriptAssemblies/UnityEngine.UI.Tests.dll not valid. Loading of assembly skipped.
Native extension for LinuxStandalone target not found
Native extension for UWP target not found
Native extension for WindowsStandalone target not found
Native extension for OSXStandalone target not found
Native extension for WebGL target not found
[Package Manager] Failed to launch server process. Reason: Unity was launched with the -noUpm command-line argument
[Package Manager] Unable to send message (not connected to server process).
[Package Manager] Cannot connect to Unity Package Manager local server
[Package Manager] Failed to launch server process. Reason: Unity was launched with the -noUpm command-line argument
[Package Manager] Unable to send message (not connected to server process).
[Package Manager] Cannot connect to Unity Package Manager local server
[MODES] ModeService[none].Initialize
[MODES] ModeService[none].LoadModes
ScheduleIndexationOnStartup MainProcess:False IndexOnStartup:True
Mono: successfully reloaded assembly
- Finished resetting the current domain, in  0.840 seconds
Domain Reload Profiling: 1712ms
	BeginReloadAssembly (248ms)
		DisableScriptedObjects (7ms)
		CreateAndSetChildDomain (60ms)
	RebuildCommonClasses (40ms)
	RebuildNativeTypeToScriptingClass (14ms)
	initialDomainReloadingComplete (63ms)
	LoadAllAssembliesAndSetupDomain (505ms)
		LoadAssemblies (368ms)
		AnalyzeDomain (242ms)
			TypeCache.Refresh (7ms)
			BuildScriptInfoCaches (218ms)
			ResolveRequiredComponents (14ms)
	FinalizeReload (841ms)
		SetupLoadedEditorAssemblies (0ms)
			InitializePlatformSupportModulesInManaged (4ms)
			BeforeProcessingInitializeOnLoad (166ms)
			ProcessInitializeOnLoadAttributes (330ms)
			ProcessInitializeOnLoadMethodAttributes (124ms)
			AfterProcessingInitializeOnLoad (8ms)
		AwakeInstancesAfterBackupRestoration (19ms)
Unloading 25 Unused Serialized files (Serialized files now loaded: 0)
Unloading 6669 unused Assets / (5.5 MB). Loaded Objects now: 7561.
Memory consumption went from 180.6 MB to 175.1 MB.
Total: 10.065900 ms (FindLiveObjects: 0.783300 ms CreateObjectMapping: 0.455100 ms MarkObjects: 6.368700 ms  DeleteObjects: 2.457700 ms)

Prepare: number of updated asset objects reloaded= 0
========================================================================
Received Prepare
Begin MonoManager ReloadAssembly
[Licensing::Client] Successfully resolved entitlement details
Assembly Assembly-CSharp-Editor-firstpass.dll at Library/ScriptAssemblies/Assembly-CSharp-Editor-firstpass.dll not valid. Loading of assembly skipped.
Assembly Assembly-CSharp-Editor.dll at Library/ScriptAssemblies/Assembly-CSharp-Editor.dll not valid. Loading of assembly skipped.
Assembly Assembly-CSharp-firstpass.dll at Library/ScriptAssemblies/Assembly-CSharp-firstpass.dll not valid. Loading of assembly skipped.
Assembly DocCodeExamples.dll at Library/ScriptAssemblies/DocCodeExamples.dll not valid. Loading of assembly skipped.
Assembly TestNewCustomAssembly.dll at Library/ScriptAssemblies/TestNewCustomAssembly.dll not valid. Loading of assembly skipped.
Assembly Unity.Collections.BurstCompatibilityGen.dll at Library/ScriptAssemblies/Unity.Collections.BurstCompatibilityGen.dll not valid. Loading of assembly skipped.
Assembly Unity.Collections.DocCodeSamples.dll at Library/ScriptAssemblies/Unity.Collections.DocCodeSamples.dll not valid. Loading of assembly skipped.
Assembly Unity.Collections.PerformanceTests.dll at Library/ScriptAssemblies/Unity.Collections.PerformanceTests.dll not valid. Loading of assembly skipped.
Assembly Unity.Collections.Tests.dll at Library/ScriptAssemblies/Unity.Collections.Tests.dll not valid. Loading of assembly skipped.
Assembly Unity.Collections.Tests.Playmode.dll at Library/ScriptAssemblies/Unity.Collections.Tests.Playmode.dll not valid. Loading of assembly skipped.
Assembly Unity.InputSystem.IntegrationTests.dll at Library/ScriptAssemblies/Unity.InputSystem.IntegrationTests.dll not valid. Loading of assembly skipped.
Assembly Unity.Mathematics.Tests.dll at Library/ScriptAssemblies/Unity.Mathematics.Tests.dll not valid. Loading of assembly skipped.
Assembly Unity.Multiplayer.Center.Editor.Tests.dll at Library/ScriptAssemblies/Unity.Multiplayer.Center.Editor.Tests.dll not valid. Loading of assembly skipped.
Assembly Unity.Multiplayer.Center.Tests.dll at Library/ScriptAssemblies/Unity.Multiplayer.Center.Tests.dll not valid. Loading of assembly skipped.
Assembly Unity.Nuget.Mono-Cecil.dll at Library/ScriptAssemblies/Unity.Nuget.Mono-Cecil.dll not valid. Loading of assembly skipped.
Assembly Unity.PathTracing.Editor.Tests.dll at Library/ScriptAssemblies/Unity.PathTracing.Editor.Tests.dll not valid. Loading of assembly skipped.
Assembly Unity.PathTracing.Runtime.Tests.dll at Library/ScriptAssemblies/Unity.PathTracing.Runtime.Tests.dll not valid. Loading of assembly skipped.
Assembly Unity.RenderPipelines.Core.Editor.Tests.dll at Library/ScriptAssemblies/Unity.RenderPipelines.Core.Editor.Tests.dll not valid. Loading of assembly skipped.
Assembly Unity.RenderPipelines.Core.Runtime.Tests.dll at Library/ScriptAssemblies/Unity.RenderPipelines.Core.Runtime.Tests.dll not valid. Loading of assembly skipped.
Assembly Unity.RenderPipelines.Universal.Config.Editor.Tests.dll at Library/ScriptAssemblies/Unity.RenderPipelines.Universal.Config.Editor.Tests.dll not valid. Loading of assembly skipped.
Assembly Unity.RenderPipelines.Universal.Editor.Tests.dll at Library/ScriptAssemblies/Unity.RenderPipelines.Universal.Editor.Tests.dll not valid. Loading of assembly skipped.
Assembly Unity.RenderPipelines.Universal.Runtime.Tests.dll at Library/ScriptAssemblies/Unity.RenderPipelines.Universal.Runtime.Tests.dll not valid. Loading of assembly skipped.
Assembly Unity.Searcher.EditorTests.dll at Library/ScriptAssemblies/Unity.Searcher.EditorTests.dll not valid. Loading of assembly skipped.
Assembly Unity.Settings.Tests.dll at Library/ScriptAssemblies/Unity.Settings.Tests.dll not valid. Loading of assembly skipped.
Assembly Unity.ShaderGraph.Editor.Tests.dll at Library/ScriptAssemblies/Unity.ShaderGraph.Editor.Tests.dll not valid. Loading of assembly skipped.
Assembly Unity.TextMeshPro.Editor.Tests.dll at Library/ScriptAssemblies/Unity.TextMeshPro.Editor.Tests.dll not valid. Loading of assembly skipped.
Assembly Unity.TextMeshPro.Tests.dll at Library/ScriptAssemblies/Unity.TextMeshPro.Tests.dll not valid. Loading of assembly skipped.
Assembly Unity.UnifiedRayTracing.Editor.Tests.dll at Library/ScriptAssemblies/Unity.UnifiedRayTracing.Editor.Tests.dll not valid. Loading of assembly skipped.
Assembly UnityEditor.UI.Common.Tests.dll at Library/ScriptAssemblies/UnityEditor.UI.Common.Tests.dll not valid. Loading of assembly skipped.
Assembly UnityEditor.UI.EditorTests.dll at Library/ScriptAssemblies/UnityEditor.UI.EditorTests.dll not valid. Loading of assembly skipped.
Assembly UnityEngine.UI.Tests.dll at Library/ScriptAssemblies/UnityEngine.UI.Tests.dll not valid. Loading of assembly skipped.
Native extension for LinuxStandalone target not found
Native extension for UWP target not found
Native extension for WindowsStandalone target not found
Native extension for OSXStandalone target not found
Native extension for WebGL target not found
[Package Manager] Failed to launch server process. Reason: Unity was launched with the -noUpm command-line argument
[Package Manager] Unable to send message (not connected to server process).
[Package Manager] Cannot connect to Unity Package Manager local server
[Package Manager] Failed to launch server process. Reason: Unity was launched with the -noUpm command-line argument
[Package Manager] Unable to send message (not connected to server process).
[Package Manager] Cannot connect to Unity Package Manager local server
[MODES] ModeService[none].Initialize
[MODES] ModeService[none].LoadModes
ScheduleIndexationOnStartup MainProcess:False IndexOnStartup:True
Mono: successfully reloaded assembly
- Finished resetting the current domain, in  0.864 seconds
Domain Reload Profiling: 1726ms
	BeginReloadAssembly (239ms)
		DisableScriptedObjects (7ms)
		CreateAndSetChildDomain (56ms)
	RebuildCommonClasses (43ms)
	RebuildNativeTypeToScriptingClass (14ms)
	initialDomainReloadingComplete (65ms)
	LoadAllAssembliesAndSetupDomain (500ms)
		LoadAssemblies (377ms)
		AnalyzeDomain (228ms)
			TypeCache.Refresh (10ms)
			BuildScriptInfoCaches (204ms)
			ResolveRequiredComponents (12ms)
	FinalizeReload (864ms)
		SetupLoadedEditorAssemblies (0ms)
			InitializePlatformSupportModulesInManaged (4ms)
			BeforeProcessingInitializeOnLoad (171ms)
			ProcessInitializeOnLoadAttributes (351ms)
			ProcessInitializeOnLoadMethodAttributes (121ms)
			AfterProcessingInitializeOnLoad (7ms)
		AwakeInstancesAfterBackupRestoration (18ms)
Unloading 25 Unused Serialized files (Serialized files now loaded: 0)
Unloading 6669 unused Assets / (5.9 MB). Loaded Objects now: 7564.
Memory consumption went from 184.2 MB to 178.3 MB.
Total: 10.021400 ms (FindLiveObjects: 0.684200 ms CreateObjectMapping: 0.397600 ms MarkObjects: 5.880700 ms  DeleteObjects: 3.057700 ms)

Prepare: number of updated asset objects reloaded= 0
========================================================================
Received Prepare
Begin MonoManager ReloadAssembly
Assembly Assembly-CSharp-Editor-firstpass.dll at Library/ScriptAssemblies/Assembly-CSharp-Editor-firstpass.dll not valid. Loading of assembly skipped.
Assembly Assembly-CSharp-Editor.dll at Library/ScriptAssemblies/Assembly-CSharp-Editor.dll not valid. Loading of assembly skipped.
Assembly Assembly-CSharp-firstpass.dll at Library/ScriptAssemblies/Assembly-CSharp-firstpass.dll not valid. Loading of assembly skipped.
Assembly DocCodeExamples.dll at Library/ScriptAssemblies/DocCodeExamples.dll not valid. Loading of assembly skipped.
Assembly TestNewCustomAssembly.dll at Library/ScriptAssemblies/TestNewCustomAssembly.dll not valid. Loading of assembly skipped.
Assembly Unity.Collections.BurstCompatibilityGen.dll at Library/ScriptAssemblies/Unity.Collections.BurstCompatibilityGen.dll not valid. Loading of assembly skipped.
Assembly Unity.Collections.DocCodeSamples.dll at Library/ScriptAssemblies/Unity.Collections.DocCodeSamples.dll not valid. Loading of assembly skipped.
Assembly Unity.Collections.PerformanceTests.dll at Library/ScriptAssemblies/Unity.Collections.PerformanceTests.dll not valid. Loading of assembly skipped.
Assembly Unity.Collections.Tests.dll at Library/ScriptAssemblies/Unity.Collections.Tests.dll not valid. Loading of assembly skipped.
Assembly Unity.Collections.Tests.Playmode.dll at Library/ScriptAssemblies/Unity.Collections.Tests.Playmode.dll not valid. Loading of assembly skipped.
Assembly Unity.InputSystem.IntegrationTests.dll at Library/ScriptAssemblies/Unity.InputSystem.IntegrationTests.dll not valid. Loading of assembly skipped.
Assembly Unity.Mathematics.Tests.dll at Library/ScriptAssemblies/Unity.Mathematics.Tests.dll not valid. Loading of assembly skipped.
Assembly Unity.Multiplayer.Center.Editor.Tests.dll at Library/ScriptAssemblies/Unity.Multiplayer.Center.Editor.Tests.dll not valid. Loading of assembly skipped.
Assembly Unity.Multiplayer.Center.Tests.dll at Library/ScriptAssemblies/Unity.Multiplayer.Center.Tests.dll not valid. Loading of assembly skipped.
Assembly Unity.Nuget.Mono-Cecil.dll at Library/ScriptAssemblies/Unity.Nuget.Mono-Cecil.dll not valid. Loading of assembly skipped.
Assembly Unity.PathTracing.Editor.Tests.dll at Library/ScriptAssemblies/Unity.PathTracing.Editor.Tests.dll not valid. Loading of assembly skipped.
Assembly Unity.PathTracing.Runtime.Tests.dll at Library/ScriptAssemblies/Unity.PathTracing.Runtime.Tests.dll not valid. Loading of assembly skipped.
Assembly Unity.RenderPipelines.Core.Editor.Tests.dll at Library/ScriptAssemblies/Unity.RenderPipelines.Core.Editor.Tests.dll not valid. Loading of assembly skipped.
Assembly Unity.RenderPipelines.Core.Runtime.Tests.dll at Library/ScriptAssemblies/Unity.RenderPipelines.Core.Runtime.Tests.dll not valid. Loading of assembly skipped.
Assembly Unity.RenderPipelines.Universal.Config.Editor.Tests.dll at Library/ScriptAssemblies/Unity.RenderPipelines.Universal.Config.Editor.Tests.dll not valid. Loading of assembly skipped.
Assembly Unity.RenderPipelines.Universal.Editor.Tests.dll at Library/ScriptAssemblies/Unity.RenderPipelines.Universal.Editor.Tests.dll not valid. Loading of assembly skipped.
Assembly Unity.RenderPipelines.Universal.Runtime.Tests.dll at Library/ScriptAssemblies/Unity.RenderPipelines.Universal.Runtime.Tests.dll not valid. Loading of assembly skipped.
Assembly Unity.Searcher.EditorTests.dll at Library/ScriptAssemblies/Unity.Searcher.EditorTests.dll not valid. Loading of assembly skipped.
Assembly Unity.Settings.Tests.dll at Library/ScriptAssemblies/Unity.Settings.Tests.dll not valid. Loading of assembly skipped.
Assembly Unity.ShaderGraph.Editor.Tests.dll at Library/ScriptAssemblies/Unity.ShaderGraph.Editor.Tests.dll not valid. Loading of assembly skipped.
Assembly Unity.TextMeshPro.Editor.Tests.dll at Library/ScriptAssemblies/Unity.TextMeshPro.Editor.Tests.dll not valid. Loading of assembly skipped.
Assembly Unity.TextMeshPro.Tests.dll at Library/ScriptAssemblies/Unity.TextMeshPro.Tests.dll not valid. Loading of assembly skipped.
Assembly Unity.UnifiedRayTracing.Editor.Tests.dll at Library/ScriptAssemblies/Unity.UnifiedRayTracing.Editor.Tests.dll not valid. Loading of assembly skipped.
Assembly UnityEditor.UI.Common.Tests.dll at Library/ScriptAssemblies/UnityEditor.UI.Common.Tests.dll not valid. Loading of assembly skipped.
Assembly UnityEditor.UI.EditorTests.dll at Library/ScriptAssemblies/UnityEditor.UI.EditorTests.dll not valid. Loading of assembly skipped.
Assembly UnityEngine.UI.Tests.dll at Library/ScriptAssemblies/UnityEngine.UI.Tests.dll not valid. Loading of assembly skipped.
Native extension for LinuxStandalone target not found
Native extension for UWP target not found
Native extension for WindowsStandalone target not found
Native extension for OSXStandalone target not found
Native extension for WebGL target not found
[Package Manager] Failed to launch server process. Reason: Unity was launched with the -noUpm command-line argument
[Package Manager] Unable to send message (not connected to server process).
[Package Manager] Cannot connect to Unity Package Manager local server
[Package Manager] Failed to launch server process. Reason: Unity was launched with the -noUpm command-line argument
[Package Manager] Unable to send message (not connected to server process).
[Package Manager] Cannot connect to Unity Package Manager local server
[MODES] ModeService[none].Initialize
[MODES] ModeService[none].LoadModes
ScheduleIndexationOnStartup MainProcess:False IndexOnStartup:True
Mono: successfully reloaded assembly
- Finished resetting the current domain, in  0.875 seconds
Domain Reload Profiling: 1691ms
	BeginReloadAssembly (226ms)
		DisableScriptedObjects (7ms)
		CreateAndSetChildDomain (46ms)
	RebuildCommonClasses (41ms)
	RebuildNativeTypeToScriptingClass (14ms)
	initialDomainReloadingComplete (63ms)
	LoadAllAssembliesAndSetupDomain (472ms)
		LoadAssemblies (351ms)
		AnalyzeDomain (221ms)
			TypeCache.Refresh (7ms)
			BuildScriptInfoCaches (199ms)
			ResolveRequiredComponents (12ms)
	FinalizeReload (875ms)
		SetupLoadedEditorAssemblies (0ms)
			InitializePlatformSupportModulesInManaged (4ms)
			BeforeProcessingInitializeOnLoad (169ms)
			ProcessInitializeOnLoadAttributes (359ms)
			ProcessInitializeOnLoadMethodAttributes (132ms)
			AfterProcessingInitializeOnLoad (7ms)
		AwakeInstancesAfterBackupRestoration (18ms)
Unloading 25 Unused Serialized files (Serialized files now loaded: 0)
Unloading 6669 unused Assets / (5.5 MB). Loaded Objects now: 7567.
Memory consumption went from 187.8 MB to 182.4 MB.
Total: 8.937800 ms (FindLiveObjects: 0.716200 ms CreateObjectMapping: 0.406600 ms MarkObjects: 5.564000 ms  DeleteObjects: 2.249800 ms)

Prepare: number of updated asset objects reloaded= 0
========================================================================
Received Prepare
Begin MonoManager ReloadAssembly
[Licensing::Client] Successfully resolved entitlement details
Assembly Assembly-CSharp-Editor-firstpass.dll at Library/ScriptAssemblies/Assembly-CSharp-Editor-firstpass.dll not valid. Loading of assembly skipped.
Assembly Assembly-CSharp-Editor.dll at Library/ScriptAssemblies/Assembly-CSharp-Editor.dll not valid. Loading of assembly skipped.
Assembly Assembly-CSharp-firstpass.dll at Library/ScriptAssemblies/Assembly-CSharp-firstpass.dll not valid. Loading of assembly skipped.
Assembly DocCodeExamples.dll at Library/ScriptAssemblies/DocCodeExamples.dll not valid. Loading of assembly skipped.
Assembly TestNewCustomAssembly.dll at Library/ScriptAssemblies/TestNewCustomAssembly.dll not valid. Loading of assembly skipped.
Assembly Unity.Collections.BurstCompatibilityGen.dll at Library/ScriptAssemblies/Unity.Collections.BurstCompatibilityGen.dll not valid. Loading of assembly skipped.
Assembly Unity.Collections.DocCodeSamples.dll at Library/ScriptAssemblies/Unity.Collections.DocCodeSamples.dll not valid. Loading of assembly skipped.
Assembly Unity.Collections.PerformanceTests.dll at Library/ScriptAssemblies/Unity.Collections.PerformanceTests.dll not valid. Loading of assembly skipped.
Assembly Unity.Collections.Tests.dll at Library/ScriptAssemblies/Unity.Collections.Tests.dll not valid. Loading of assembly skipped.
Assembly Unity.Collections.Tests.Playmode.dll at Library/ScriptAssemblies/Unity.Collections.Tests.Playmode.dll not valid. Loading of assembly skipped.
Assembly Unity.InputSystem.IntegrationTests.dll at Library/ScriptAssemblies/Unity.InputSystem.IntegrationTests.dll not valid. Loading of assembly skipped.
Assembly Unity.Mathematics.Tests.dll at Library/ScriptAssemblies/Unity.Mathematics.Tests.dll not valid. Loading of assembly skipped.
Assembly Unity.Multiplayer.Center.Editor.Tests.dll at Library/ScriptAssemblies/Unity.Multiplayer.Center.Editor.Tests.dll not valid. Loading of assembly skipped.
Assembly Unity.Multiplayer.Center.Tests.dll at Library/ScriptAssemblies/Unity.Multiplayer.Center.Tests.dll not valid. Loading of assembly skipped.
Assembly Unity.Nuget.Mono-Cecil.dll at Library/ScriptAssemblies/Unity.Nuget.Mono-Cecil.dll not valid. Loading of assembly skipped.
Assembly Unity.PathTracing.Editor.Tests.dll at Library/ScriptAssemblies/Unity.PathTracing.Editor.Tests.dll not valid. Loading of assembly skipped.
Assembly Unity.PathTracing.Runtime.Tests.dll at Library/ScriptAssemblies/Unity.PathTracing.Runtime.Tests.dll not valid. Loading of assembly skipped.
Assembly Unity.RenderPipelines.Core.Editor.Tests.dll at Library/ScriptAssemblies/Unity.RenderPipelines.Core.Editor.Tests.dll not valid. Loading of assembly skipped.
Assembly Unity.RenderPipelines.Core.Runtime.Tests.dll at Library/ScriptAssemblies/Unity.RenderPipelines.Core.Runtime.Tests.dll not valid. Loading of assembly skipped.
Assembly Unity.RenderPipelines.Universal.Config.Editor.Tests.dll at Library/ScriptAssemblies/Unity.RenderPipelines.Universal.Config.Editor.Tests.dll not valid. Loading of assembly skipped.
Assembly Unity.RenderPipelines.Universal.Editor.Tests.dll at Library/ScriptAssemblies/Unity.RenderPipelines.Universal.Editor.Tests.dll not valid. Loading of assembly skipped.
Assembly Unity.RenderPipelines.Universal.Runtime.Tests.dll at Library/ScriptAssemblies/Unity.RenderPipelines.Universal.Runtime.Tests.dll not valid. Loading of assembly skipped.
Assembly Unity.Searcher.EditorTests.dll at Library/ScriptAssemblies/Unity.Searcher.EditorTests.dll not valid. Loading of assembly skipped.
Assembly Unity.Settings.Tests.dll at Library/ScriptAssemblies/Unity.Settings.Tests.dll not valid. Loading of assembly skipped.
Assembly Unity.ShaderGraph.Editor.Tests.dll at Library/ScriptAssemblies/Unity.ShaderGraph.Editor.Tests.dll not valid. Loading of assembly skipped.
Assembly Unity.TextMeshPro.Editor.Tests.dll at Library/ScriptAssemblies/Unity.TextMeshPro.Editor.Tests.dll not valid. Loading of assembly skipped.
Assembly Unity.TextMeshPro.Tests.dll at Library/ScriptAssemblies/Unity.TextMeshPro.Tests.dll not valid. Loading of assembly skipped.
Assembly Unity.UnifiedRayTracing.Editor.Tests.dll at Library/ScriptAssemblies/Unity.UnifiedRayTracing.Editor.Tests.dll not valid. Loading of assembly skipped.
Assembly UnityEditor.UI.Common.Tests.dll at Library/ScriptAssemblies/UnityEditor.UI.Common.Tests.dll not valid. Loading of assembly skipped.
Assembly UnityEditor.UI.EditorTests.dll at Library/ScriptAssemblies/UnityEditor.UI.EditorTests.dll not valid. Loading of assembly skipped.
Assembly UnityEngine.UI.Tests.dll at Library/ScriptAssemblies/UnityEngine.UI.Tests.dll not valid. Loading of assembly skipped.
Native extension for LinuxStandalone target not found
Native extension for UWP target not found
Native extension for WindowsStandalone target not found
Native extension for OSXStandalone target not found
Native extension for WebGL target not found
[Package Manager] Failed to launch server process. Reason: Unity was launched with the -noUpm command-line argument
[Package Manager] Unable to send message (not connected to server process).
[Package Manager] Cannot connect to Unity Package Manager local server
[Package Manager] Failed to launch server process. Reason: Unity was launched with the -noUpm command-line argument
[Package Manager] Unable to send message (not connected to server process).
[Package Manager] Cannot connect to Unity Package Manager local server
[MODES] ModeService[none].Initialize
[MODES] ModeService[none].LoadModes
ScheduleIndexationOnStartup MainProcess:False IndexOnStartup:True
Mono: successfully reloaded assembly
- Finished resetting the current domain, in  0.849 seconds
Domain Reload Profiling: 1690ms
	BeginReloadAssembly (224ms)
		DisableScriptedObjects (7ms)
		CreateAndSetChildDomain (48ms)
	RebuildCommonClasses (42ms)
	RebuildNativeTypeToScriptingClass (14ms)
	initialDomainReloadingComplete (63ms)
	LoadAllAssembliesAndSetupDomain (496ms)
		LoadAssemblies (361ms)
		AnalyzeDomain (236ms)
			TypeCache.Refresh (7ms)
			BuildScriptInfoCaches (213ms)
			ResolveRequiredComponents (14ms)
	FinalizeReload (850ms)
		SetupLoadedEditorAssemblies (0ms)
			InitializePlatformSupportModulesInManaged (4ms)
			BeforeProcessingInitializeOnLoad (169ms)
			ProcessInitializeOnLoadAttributes (333ms)
			ProcessInitializeOnLoadMethodAttributes (123ms)
			AfterProcessingInitializeOnLoad (7ms)
		AwakeInstancesAfterBackupRestoration (18ms)
Unloading 25 Unused Serialized files (Serialized files now loaded: 0)
Unloading 6669 unused Assets / (5.1 MB). Loaded Objects now: 7570.
Memory consumption went from 191.4 MB to 186.3 MB.
Total: 9.786800 ms (FindLiveObjects: 0.716400 ms CreateObjectMapping: 0.456700 ms MarkObjects: 5.961700 ms  DeleteObjects: 2.651200 ms)

Prepare: number of updated asset objects reloaded= 0
========================================================================
Received Prepare
Begin MonoManager ReloadAssembly
[Licensing::Client] Successfully resolved entitlement details
Assembly Assembly-CSharp-Editor-firstpass.dll at Library/ScriptAssemblies/Assembly-CSharp-Editor-firstpass.dll not valid. Loading of assembly skipped.
Assembly Assembly-CSharp-Editor.dll at Library/ScriptAssemblies/Assembly-CSharp-Editor.dll not valid. Loading of assembly skipped.
Assembly Assembly-CSharp-firstpass.dll at Library/ScriptAssemblies/Assembly-CSharp-firstpass.dll not valid. Loading of assembly skipped.
Assembly DocCodeExamples.dll at Library/ScriptAssemblies/DocCodeExamples.dll not valid. Loading of assembly skipped.
Assembly TestNewCustomAssembly.dll at Library/ScriptAssemblies/TestNewCustomAssembly.dll not valid. Loading of assembly skipped.
Assembly Unity.Collections.BurstCompatibilityGen.dll at Library/ScriptAssemblies/Unity.Collections.BurstCompatibilityGen.dll not valid. Loading of assembly skipped.
Assembly Unity.Collections.DocCodeSamples.dll at Library/ScriptAssemblies/Unity.Collections.DocCodeSamples.dll not valid. Loading of assembly skipped.
Assembly Unity.Collections.PerformanceTests.dll at Library/ScriptAssemblies/Unity.Collections.PerformanceTests.dll not valid. Loading of assembly skipped.
Assembly Unity.Collections.Tests.dll at Library/ScriptAssemblies/Unity.Collections.Tests.dll not valid. Loading of assembly skipped.
Assembly Unity.Collections.Tests.Playmode.dll at Library/ScriptAssemblies/Unity.Collections.Tests.Playmode.dll not valid. Loading of assembly skipped.
Assembly Unity.InputSystem.IntegrationTests.dll at Library/ScriptAssemblies/Unity.InputSystem.IntegrationTests.dll not valid. Loading of assembly skipped.
Assembly Unity.Mathematics.Tests.dll at Library/ScriptAssemblies/Unity.Mathematics.Tests.dll not valid. Loading of assembly skipped.
Assembly Unity.Multiplayer.Center.Editor.Tests.dll at Library/ScriptAssemblies/Unity.Multiplayer.Center.Editor.Tests.dll not valid. Loading of assembly skipped.
Assembly Unity.Multiplayer.Center.Tests.dll at Library/ScriptAssemblies/Unity.Multiplayer.Center.Tests.dll not valid. Loading of assembly skipped.
Assembly Unity.Nuget.Mono-Cecil.dll at Library/ScriptAssemblies/Unity.Nuget.Mono-Cecil.dll not valid. Loading of assembly skipped.
Assembly Unity.PathTracing.Editor.Tests.dll at Library/ScriptAssemblies/Unity.PathTracing.Editor.Tests.dll not valid. Loading of assembly skipped.
Assembly Unity.PathTracing.Runtime.Tests.dll at Library/ScriptAssemblies/Unity.PathTracing.Runtime.Tests.dll not valid. Loading of assembly skipped.
Assembly Unity.RenderPipelines.Core.Editor.Tests.dll at Library/ScriptAssemblies/Unity.RenderPipelines.Core.Editor.Tests.dll not valid. Loading of assembly skipped.
Assembly Unity.RenderPipelines.Core.Runtime.Tests.dll at Library/ScriptAssemblies/Unity.RenderPipelines.Core.Runtime.Tests.dll not valid. Loading of assembly skipped.
Assembly Unity.RenderPipelines.Universal.Config.Editor.Tests.dll at Library/ScriptAssemblies/Unity.RenderPipelines.Universal.Config.Editor.Tests.dll not valid. Loading of assembly skipped.
Assembly Unity.RenderPipelines.Universal.Editor.Tests.dll at Library/ScriptAssemblies/Unity.RenderPipelines.Universal.Editor.Tests.dll not valid. Loading of assembly skipped.
Assembly Unity.RenderPipelines.Universal.Runtime.Tests.dll at Library/ScriptAssemblies/Unity.RenderPipelines.Universal.Runtime.Tests.dll not valid. Loading of assembly skipped.
Assembly Unity.Searcher.EditorTests.dll at Library/ScriptAssemblies/Unity.Searcher.EditorTests.dll not valid. Loading of assembly skipped.
Assembly Unity.Settings.Tests.dll at Library/ScriptAssemblies/Unity.Settings.Tests.dll not valid. Loading of assembly skipped.
Assembly Unity.ShaderGraph.Editor.Tests.dll at Library/ScriptAssemblies/Unity.ShaderGraph.Editor.Tests.dll not valid. Loading of assembly skipped.
Assembly Unity.TextMeshPro.Editor.Tests.dll at Library/ScriptAssemblies/Unity.TextMeshPro.Editor.Tests.dll not valid. Loading of assembly skipped.
Assembly Unity.TextMeshPro.Tests.dll at Library/ScriptAssemblies/Unity.TextMeshPro.Tests.dll not valid. Loading of assembly skipped.
Assembly Unity.UnifiedRayTracing.Editor.Tests.dll at Library/ScriptAssemblies/Unity.UnifiedRayTracing.Editor.Tests.dll not valid. Loading of assembly skipped.
Assembly UnityEditor.UI.Common.Tests.dll at Library/ScriptAssemblies/UnityEditor.UI.Common.Tests.dll not valid. Loading of assembly skipped.
Assembly UnityEditor.UI.EditorTests.dll at Library/ScriptAssemblies/UnityEditor.UI.EditorTests.dll not valid. Loading of assembly skipped.
Assembly UnityEngine.UI.Tests.dll at Library/ScriptAssemblies/UnityEngine.UI.Tests.dll not valid. Loading of assembly skipped.
Native extension for LinuxStandalone target not found
Native extension for UWP target not found
Native extension for WindowsStandalone target not found
Native extension for OSXStandalone target not found
Native extension for WebGL target not found
[Package Manager] Failed to launch server process. Reason: Unity was launched with the -noUpm command-line argument
[Package Manager] Unable to send message (not connected to server process).
[Package Manager] Cannot connect to Unity Package Manager local server
[Package Manager] Failed to launch server process. Reason: Unity was launched with the -noUpm command-line argument
[Package Manager] Unable to send message (not connected to server process).
[Package Manager] Cannot connect to Unity Package Manager local server
[MODES] ModeService[none].Initialize
[MODES] ModeService[none].LoadModes
ScheduleIndexationOnStartup MainProcess:False IndexOnStartup:True
Mono: successfully reloaded assembly
- Finished resetting the current domain, in  0.880 seconds
Domain Reload Profiling: 1713ms
	BeginReloadAssembly (225ms)
		DisableScriptedObjects (7ms)
		CreateAndSetChildDomain (50ms)
	RebuildCommonClasses (43ms)
	RebuildNativeTypeToScriptingClass (14ms)
	initialDomainReloadingComplete (65ms)
	LoadAllAssembliesAndSetupDomain (486ms)
		LoadAssemblies (353ms)
		AnalyzeDomain (229ms)
			TypeCache.Refresh (10ms)
			BuildScriptInfoCaches (204ms)
			ResolveRequiredComponents (13ms)
	FinalizeReload (880ms)
		SetupLoadedEditorAssemblies (0ms)
			InitializePlatformSupportModulesInManaged (4ms)
			BeforeProcessingInitializeOnLoad (168ms)
			ProcessInitializeOnLoadAttributes (368ms)
			ProcessInitializeOnLoadMethodAttributes (128ms)
			AfterProcessingInitializeOnLoad (7ms)
		AwakeInstancesAfterBackupRestoration (18ms)
Unloading 25 Unused Serialized files (Serialized files now loaded: 0)
Unloading 6669 unused Assets / (5.7 MB). Loaded Objects now: 7573.
Memory consumption went from 195.0 MB to 189.3 MB.
Total: 9.732500 ms (FindLiveObjects: 0.757400 ms CreateObjectMapping: 0.409400 ms MarkObjects: 5.900400 ms  DeleteObjects: 2.664400 ms)

Prepare: number of updated asset objects reloaded= 0
========================================================================
Received Prepare
Begin MonoManager ReloadAssembly
Assembly Assembly-CSharp-Editor-firstpass.dll at Library/ScriptAssemblies/Assembly-CSharp-Editor-firstpass.dll not valid. Loading of assembly skipped.
Assembly Assembly-CSharp-Editor.dll at Library/ScriptAssemblies/Assembly-CSharp-Editor.dll not valid. Loading of assembly skipped.
Assembly Assembly-CSharp-firstpass.dll at Library/ScriptAssemblies/Assembly-CSharp-firstpass.dll not valid. Loading of assembly skipped.
Assembly DocCodeExamples.dll at Library/ScriptAssemblies/DocCodeExamples.dll not valid. Loading of assembly skipped.
Assembly TestNewCustomAssembly.dll at Library/ScriptAssemblies/TestNewCustomAssembly.dll not valid. Loading of assembly skipped.
Assembly Unity.Collections.BurstCompatibilityGen.dll at Library/ScriptAssemblies/Unity.Collections.BurstCompatibilityGen.dll not valid. Loading of assembly skipped.
Assembly Unity.Collections.DocCodeSamples.dll at Library/ScriptAssemblies/Unity.Collections.DocCodeSamples.dll not valid. Loading of assembly skipped.
Assembly Unity.Collections.PerformanceTests.dll at Library/ScriptAssemblies/Unity.Collections.PerformanceTests.dll not valid. Loading of assembly skipped.
Assembly Unity.Collections.Tests.dll at Library/ScriptAssemblies/Unity.Collections.Tests.dll not valid. Loading of assembly skipped.
Assembly Unity.Collections.Tests.Playmode.dll at Library/ScriptAssemblies/Unity.Collections.Tests.Playmode.dll not valid. Loading of assembly skipped.
Assembly Unity.InputSystem.IntegrationTests.dll at Library/ScriptAssemblies/Unity.InputSystem.IntegrationTests.dll not valid. Loading of assembly skipped.
Assembly Unity.Mathematics.Tests.dll at Library/ScriptAssemblies/Unity.Mathematics.Tests.dll not valid. Loading of assembly skipped.
Assembly Unity.Multiplayer.Center.Editor.Tests.dll at Library/ScriptAssemblies/Unity.Multiplayer.Center.Editor.Tests.dll not valid. Loading of assembly skipped.
Assembly Unity.Multiplayer.Center.Tests.dll at Library/ScriptAssemblies/Unity.Multiplayer.Center.Tests.dll not valid. Loading of assembly skipped.
Assembly Unity.Nuget.Mono-Cecil.dll at Library/ScriptAssemblies/Unity.Nuget.Mono-Cecil.dll not valid. Loading of assembly skipped.
Assembly Unity.PathTracing.Editor.Tests.dll at Library/ScriptAssemblies/Unity.PathTracing.Editor.Tests.dll not valid. Loading of assembly skipped.
Assembly Unity.PathTracing.Runtime.Tests.dll at Library/ScriptAssemblies/Unity.PathTracing.Runtime.Tests.dll not valid. Loading of assembly skipped.
Assembly Unity.RenderPipelines.Core.Editor.Tests.dll at Library/ScriptAssemblies/Unity.RenderPipelines.Core.Editor.Tests.dll not valid. Loading of assembly skipped.
Assembly Unity.RenderPipelines.Core.Runtime.Tests.dll at Library/ScriptAssemblies/Unity.RenderPipelines.Core.Runtime.Tests.dll not valid. Loading of assembly skipped.
Assembly Unity.RenderPipelines.Universal.Config.Editor.Tests.dll at Library/ScriptAssemblies/Unity.RenderPipelines.Universal.Config.Editor.Tests.dll not valid. Loading of assembly skipped.
Assembly Unity.RenderPipelines.Universal.Editor.Tests.dll at Library/ScriptAssemblies/Unity.RenderPipelines.Universal.Editor.Tests.dll not valid. Loading of assembly skipped.
Assembly Unity.RenderPipelines.Universal.Runtime.Tests.dll at Library/ScriptAssemblies/Unity.RenderPipelines.Universal.Runtime.Tests.dll not valid. Loading of assembly skipped.
Assembly Unity.Searcher.EditorTests.dll at Library/ScriptAssemblies/Unity.Searcher.EditorTests.dll not valid. Loading of assembly skipped.
Assembly Unity.Settings.Tests.dll at Library/ScriptAssemblies/Unity.Settings.Tests.dll not valid. Loading of assembly skipped.
Assembly Unity.ShaderGraph.Editor.Tests.dll at Library/ScriptAssemblies/Unity.ShaderGraph.Editor.Tests.dll not valid. Loading of assembly skipped.
Assembly Unity.TextMeshPro.Editor.Tests.dll at Library/ScriptAssemblies/Unity.TextMeshPro.Editor.Tests.dll not valid. Loading of assembly skipped.
Assembly Unity.TextMeshPro.Tests.dll at Library/ScriptAssemblies/Unity.TextMeshPro.Tests.dll not valid. Loading of assembly skipped.
Assembly Unity.UnifiedRayTracing.Editor.Tests.dll at Library/ScriptAssemblies/Unity.UnifiedRayTracing.Editor.Tests.dll not valid. Loading of assembly skipped.
Assembly UnityEditor.UI.Common.Tests.dll at Library/ScriptAssemblies/UnityEditor.UI.Common.Tests.dll not valid. Loading of assembly skipped.
Assembly UnityEditor.UI.EditorTests.dll at Library/ScriptAssemblies/UnityEditor.UI.EditorTests.dll not valid. Loading of assembly skipped.
Assembly UnityEngine.UI.Tests.dll at Library/ScriptAssemblies/UnityEngine.UI.Tests.dll not valid. Loading of assembly skipped.
Native extension for LinuxStandalone target not found
Native extension for UWP target not found
Native extension for WindowsStandalone target not found
Native extension for OSXStandalone target not found
Native extension for WebGL target not found
[Package Manager] Failed to launch server process. Reason: Unity was launched with the -noUpm command-line argument
[Package Manager] Unable to send message (not connected to server process).
[Package Manager] Cannot connect to Unity Package Manager local server
[Package Manager] Failed to launch server process. Reason: Unity was launched with the -noUpm command-line argument
[Package Manager] Unable to send message (not connected to server process).
[Package Manager] Cannot connect to Unity Package Manager local server
[MODES] ModeService[none].Initialize
[MODES] ModeService[none].LoadModes
ScheduleIndexationOnStartup MainProcess:False IndexOnStartup:True
Mono: successfully reloaded assembly
- Finished resetting the current domain, in  0.857 seconds
Domain Reload Profiling: 1672ms
	BeginReloadAssembly (215ms)
		DisableScriptedObjects (6ms)
		CreateAndSetChildDomain (44ms)
	RebuildCommonClasses (41ms)
	RebuildNativeTypeToScriptingClass (14ms)
	initialDomainReloadingComplete (65ms)
	LoadAllAssembliesAndSetupDomain (480ms)
		LoadAssemblies (347ms)
		AnalyzeDomain (228ms)
			TypeCache.Refresh (7ms)
			BuildScriptInfoCaches (206ms)
			ResolveRequiredComponents (13ms)
	FinalizeReload (857ms)
		SetupLoadedEditorAssemblies (0ms)
			InitializePlatformSupportModulesInManaged (4ms)
			BeforeProcessingInitializeOnLoad (169ms)
			ProcessInitializeOnLoadAttributes (341ms)
			ProcessInitializeOnLoadMethodAttributes (127ms)
			AfterProcessingInitializeOnLoad (7ms)
		AwakeInstancesAfterBackupRestoration (18ms)
Unloading 25 Unused Serialized files (Serialized files now loaded: 0)
Unloading 6669 unused Assets / (5.8 MB). Loaded Objects now: 7576.
Memory consumption went from 198.7 MB to 192.9 MB.
Total: 10.033200 ms (FindLiveObjects: 0.740300 ms CreateObjectMapping: 0.411700 ms MarkObjects: 6.076300 ms  DeleteObjects: 2.803500 ms)

Prepare: number of updated asset objects reloaded= 0
========================================================================
Received Prepare
Begin MonoManager ReloadAssembly
[Licensing::Client] Successfully resolved entitlement details
Assembly Assembly-CSharp-Editor-firstpass.dll at Library/ScriptAssemblies/Assembly-CSharp-Editor-firstpass.dll not valid. Loading of assembly skipped.
Assembly Assembly-CSharp-Editor.dll at Library/ScriptAssemblies/Assembly-CSharp-Editor.dll not valid. Loading of assembly skipped.
Assembly Assembly-CSharp-firstpass.dll at Library/ScriptAssemblies/Assembly-CSharp-firstpass.dll not valid. Loading of assembly skipped.
Assembly DocCodeExamples.dll at Library/ScriptAssemblies/DocCodeExamples.dll not valid. Loading of assembly skipped.
Assembly TestNewCustomAssembly.dll at Library/ScriptAssemblies/TestNewCustomAssembly.dll not valid. Loading of assembly skipped.
Assembly Unity.Collections.BurstCompatibilityGen.dll at Library/ScriptAssemblies/Unity.Collections.BurstCompatibilityGen.dll not valid. Loading of assembly skipped.
Assembly Unity.Collections.DocCodeSamples.dll at Library/ScriptAssemblies/Unity.Collections.DocCodeSamples.dll not valid. Loading of assembly skipped.
Assembly Unity.Collections.PerformanceTests.dll at Library/ScriptAssemblies/Unity.Collections.PerformanceTests.dll not valid. Loading of assembly skipped.
Assembly Unity.Collections.Tests.dll at Library/ScriptAssemblies/Unity.Collections.Tests.dll not valid. Loading of assembly skipped.
Assembly Unity.Collections.Tests.Playmode.dll at Library/ScriptAssemblies/Unity.Collections.Tests.Playmode.dll not valid. Loading of assembly skipped.
Assembly Unity.InputSystem.IntegrationTests.dll at Library/ScriptAssemblies/Unity.InputSystem.IntegrationTests.dll not valid. Loading of assembly skipped.
Assembly Unity.Mathematics.Tests.dll at Library/ScriptAssemblies/Unity.Mathematics.Tests.dll not valid. Loading of assembly skipped.
Assembly Unity.Multiplayer.Center.Editor.Tests.dll at Library/ScriptAssemblies/Unity.Multiplayer.Center.Editor.Tests.dll not valid. Loading of assembly skipped.
Assembly Unity.Multiplayer.Center.Tests.dll at Library/ScriptAssemblies/Unity.Multiplayer.Center.Tests.dll not valid. Loading of assembly skipped.
Assembly Unity.Nuget.Mono-Cecil.dll at Library/ScriptAssemblies/Unity.Nuget.Mono-Cecil.dll not valid. Loading of assembly skipped.
Assembly Unity.PathTracing.Editor.Tests.dll at Library/ScriptAssemblies/Unity.PathTracing.Editor.Tests.dll not valid. Loading of assembly skipped.
Assembly Unity.PathTracing.Runtime.Tests.dll at Library/ScriptAssemblies/Unity.PathTracing.Runtime.Tests.dll not valid. Loading of assembly skipped.
Assembly Unity.RenderPipelines.Core.Editor.Tests.dll at Library/ScriptAssemblies/Unity.RenderPipelines.Core.Editor.Tests.dll not valid. Loading of assembly skipped.
Assembly Unity.RenderPipelines.Core.Runtime.Tests.dll at Library/ScriptAssemblies/Unity.RenderPipelines.Core.Runtime.Tests.dll not valid. Loading of assembly skipped.
Assembly Unity.RenderPipelines.Universal.Config.Editor.Tests.dll at Library/ScriptAssemblies/Unity.RenderPipelines.Universal.Config.Editor.Tests.dll not valid. Loading of assembly skipped.
Assembly Unity.RenderPipelines.Universal.Editor.Tests.dll at Library/ScriptAssemblies/Unity.RenderPipelines.Universal.Editor.Tests.dll not valid. Loading of assembly skipped.
Assembly Unity.RenderPipelines.Universal.Runtime.Tests.dll at Library/ScriptAssemblies/Unity.RenderPipelines.Universal.Runtime.Tests.dll not valid. Loading of assembly skipped.
Assembly Unity.Searcher.EditorTests.dll at Library/ScriptAssemblies/Unity.Searcher.EditorTests.dll not valid. Loading of assembly skipped.
Assembly Unity.Settings.Tests.dll at Library/ScriptAssemblies/Unity.Settings.Tests.dll not valid. Loading of assembly skipped.
Assembly Unity.ShaderGraph.Editor.Tests.dll at Library/ScriptAssemblies/Unity.ShaderGraph.Editor.Tests.dll not valid. Loading of assembly skipped.
Assembly Unity.TextMeshPro.Editor.Tests.dll at Library/ScriptAssemblies/Unity.TextMeshPro.Editor.Tests.dll not valid. Loading of assembly skipped.
Assembly Unity.TextMeshPro.Tests.dll at Library/ScriptAssemblies/Unity.TextMeshPro.Tests.dll not valid. Loading of assembly skipped.
Assembly Unity.UnifiedRayTracing.Editor.Tests.dll at Library/ScriptAssemblies/Unity.UnifiedRayTracing.Editor.Tests.dll not valid. Loading of assembly skipped.
Assembly UnityEditor.UI.Common.Tests.dll at Library/ScriptAssemblies/UnityEditor.UI.Common.Tests.dll not valid. Loading of assembly skipped.
Assembly UnityEditor.UI.EditorTests.dll at Library/ScriptAssemblies/UnityEditor.UI.EditorTests.dll not valid. Loading of assembly skipped.
Assembly UnityEngine.UI.Tests.dll at Library/ScriptAssemblies/UnityEngine.UI.Tests.dll not valid. Loading of assembly skipped.
Native extension for LinuxStandalone target not found
Native extension for UWP target not found
Native extension for WindowsStandalone target not found
Native extension for OSXStandalone target not found
Native extension for WebGL target not found
[Package Manager] Failed to launch server process. Reason: Unity was launched with the -noUpm command-line argument
[Package Manager] Unable to send message (not connected to server process).
[Package Manager] Cannot connect to Unity Package Manager local server
[Package Manager] Failed to launch server process. Reason: Unity was launched with the -noUpm command-line argument
[Package Manager] Unable to send message (not connected to server process).
[Package Manager] Cannot connect to Unity Package Manager local server
[MODES] ModeService[none].Initialize
[MODES] ModeService[none].LoadModes
ScheduleIndexationOnStartup MainProcess:False IndexOnStartup:True
Mono: successfully reloaded assembly
- Finished resetting the current domain, in  0.876 seconds
Domain Reload Profiling: 1748ms
	BeginReloadAssembly (228ms)
		DisableScriptedObjects (6ms)
		CreateAndSetChildDomain (50ms)
	RebuildCommonClasses (44ms)
	RebuildNativeTypeToScriptingClass (15ms)
	initialDomainReloadingComplete (69ms)
	LoadAllAssembliesAndSetupDomain (516ms)
		LoadAssemblies (378ms)
		AnalyzeDomain (239ms)
			TypeCache.Refresh (10ms)
			BuildScriptInfoCaches (214ms)
			ResolveRequiredComponents (13ms)
	FinalizeReload (876ms)
		SetupLoadedEditorAssemblies (0ms)
			InitializePlatformSupportModulesInManaged (4ms)
			BeforeProcessingInitializeOnLoad (170ms)
			ProcessInitializeOnLoadAttributes (348ms)
			ProcessInitializeOnLoadMethodAttributes (128ms)
			AfterProcessingInitializeOnLoad (8ms)
		AwakeInstancesAfterBackupRestoration (20ms)
Unloading 25 Unused Serialized files (Serialized files now loaded: 0)
Unloading 6669 unused Assets / (5.3 MB). Loaded Objects now: 7579.
Memory consumption went from 202.3 MB to 197.0 MB.
Total: 9.194900 ms (FindLiveObjects: 0.705300 ms CreateObjectMapping: 0.410700 ms MarkObjects: 5.639600 ms  DeleteObjects: 2.438500 ms)

Prepare: number of updated asset objects reloaded= 0
========================================================================
Received Prepare
Begin MonoManager ReloadAssembly
Assembly Assembly-CSharp-Editor-firstpass.dll at Library/ScriptAssemblies/Assembly-CSharp-Editor-firstpass.dll not valid. Loading of assembly skipped.
Assembly Assembly-CSharp-Editor.dll at Library/ScriptAssemblies/Assembly-CSharp-Editor.dll not valid. Loading of assembly skipped.
Assembly Assembly-CSharp-firstpass.dll at Library/ScriptAssemblies/Assembly-CSharp-firstpass.dll not valid. Loading of assembly skipped.
Assembly DocCodeExamples.dll at Library/ScriptAssemblies/DocCodeExamples.dll not valid. Loading of assembly skipped.
Assembly TestNewCustomAssembly.dll at Library/ScriptAssemblies/TestNewCustomAssembly.dll not valid. Loading of assembly skipped.
Assembly Unity.Collections.BurstCompatibilityGen.dll at Library/ScriptAssemblies/Unity.Collections.BurstCompatibilityGen.dll not valid. Loading of assembly skipped.
Assembly Unity.Collections.DocCodeSamples.dll at Library/ScriptAssemblies/Unity.Collections.DocCodeSamples.dll not valid. Loading of assembly skipped.
Assembly Unity.Collections.PerformanceTests.dll at Library/ScriptAssemblies/Unity.Collections.PerformanceTests.dll not valid. Loading of assembly skipped.
Assembly Unity.Collections.Tests.dll at Library/ScriptAssemblies/Unity.Collections.Tests.dll not valid. Loading of assembly skipped.
Assembly Unity.Collections.Tests.Playmode.dll at Library/ScriptAssemblies/Unity.Collections.Tests.Playmode.dll not valid. Loading of assembly skipped.
Assembly Unity.InputSystem.IntegrationTests.dll at Library/ScriptAssemblies/Unity.InputSystem.IntegrationTests.dll not valid. Loading of assembly skipped.
Assembly Unity.Mathematics.Tests.dll at Library/ScriptAssemblies/Unity.Mathematics.Tests.dll not valid. Loading of assembly skipped.
Assembly Unity.Multiplayer.Center.Editor.Tests.dll at Library/ScriptAssemblies/Unity.Multiplayer.Center.Editor.Tests.dll not valid. Loading of assembly skipped.
Assembly Unity.Multiplayer.Center.Tests.dll at Library/ScriptAssemblies/Unity.Multiplayer.Center.Tests.dll not valid. Loading of assembly skipped.
Assembly Unity.Nuget.Mono-Cecil.dll at Library/ScriptAssemblies/Unity.Nuget.Mono-Cecil.dll not valid. Loading of assembly skipped.
Assembly Unity.PathTracing.Editor.Tests.dll at Library/ScriptAssemblies/Unity.PathTracing.Editor.Tests.dll not valid. Loading of assembly skipped.
Assembly Unity.PathTracing.Runtime.Tests.dll at Library/ScriptAssemblies/Unity.PathTracing.Runtime.Tests.dll not valid. Loading of assembly skipped.
Assembly Unity.RenderPipelines.Core.Editor.Tests.dll at Library/ScriptAssemblies/Unity.RenderPipelines.Core.Editor.Tests.dll not valid. Loading of assembly skipped.
Assembly Unity.RenderPipelines.Core.Runtime.Tests.dll at Library/ScriptAssemblies/Unity.RenderPipelines.Core.Runtime.Tests.dll not valid. Loading of assembly skipped.
Assembly Unity.RenderPipelines.Universal.Config.Editor.Tests.dll at Library/ScriptAssemblies/Unity.RenderPipelines.Universal.Config.Editor.Tests.dll not valid. Loading of assembly skipped.
Assembly Unity.RenderPipelines.Universal.Editor.Tests.dll at Library/ScriptAssemblies/Unity.RenderPipelines.Universal.Editor.Tests.dll not valid. Loading of assembly skipped.
Assembly Unity.RenderPipelines.Universal.Runtime.Tests.dll at Library/ScriptAssemblies/Unity.RenderPipelines.Universal.Runtime.Tests.dll not valid. Loading of assembly skipped.
Assembly Unity.Searcher.EditorTests.dll at Library/ScriptAssemblies/Unity.Searcher.EditorTests.dll not valid. Loading of assembly skipped.
Assembly Unity.Settings.Tests.dll at Library/ScriptAssemblies/Unity.Settings.Tests.dll not valid. Loading of assembly skipped.
Assembly Unity.ShaderGraph.Editor.Tests.dll at Library/ScriptAssemblies/Unity.ShaderGraph.Editor.Tests.dll not valid. Loading of assembly skipped.
Assembly Unity.TextMeshPro.Editor.Tests.dll at Library/ScriptAssemblies/Unity.TextMeshPro.Editor.Tests.dll not valid. Loading of assembly skipped.
Assembly Unity.TextMeshPro.Tests.dll at Library/ScriptAssemblies/Unity.TextMeshPro.Tests.dll not valid. Loading of assembly skipped.
Assembly Unity.UnifiedRayTracing.Editor.Tests.dll at Library/ScriptAssemblies/Unity.UnifiedRayTracing.Editor.Tests.dll not valid. Loading of assembly skipped.
Assembly UnityEditor.UI.Common.Tests.dll at Library/ScriptAssemblies/UnityEditor.UI.Common.Tests.dll not valid. Loading of assembly skipped.
Assembly UnityEditor.UI.EditorTests.dll at Library/ScriptAssemblies/UnityEditor.UI.EditorTests.dll not valid. Loading of assembly skipped.
Assembly UnityEngine.UI.Tests.dll at Library/ScriptAssemblies/UnityEngine.UI.Tests.dll not valid. Loading of assembly skipped.
Native extension for LinuxStandalone target not found
Native extension for UWP target not found
Native extension for WindowsStandalone target not found
Native extension for OSXStandalone target not found
Native extension for WebGL target not found
[Package Manager] Failed to launch server process. Reason: Unity was launched with the -noUpm command-line argument
[Package Manager] Unable to send message (not connected to server process).
[Package Manager] Cannot connect to Unity Package Manager local server
[Package Manager] Failed to launch server process. Reason: Unity was launched with the -noUpm command-line argument
[Package Manager] Unable to send message (not connected to server process).
[Package Manager] Cannot connect to Unity Package Manager local server
[MODES] ModeService[none].Initialize
[MODES] ModeService[none].LoadModes
ScheduleIndexationOnStartup MainProcess:False IndexOnStartup:True
Mono: successfully reloaded assembly
- Finished resetting the current domain, in  0.877 seconds
Domain Reload Profiling: 1704ms
	BeginReloadAssembly (217ms)
		DisableScriptedObjects (7ms)
		CreateAndSetChildDomain (45ms)
	RebuildCommonClasses (42ms)
	RebuildNativeTypeToScriptingClass (15ms)
	initialDomainReloadingComplete (69ms)
	LoadAllAssembliesAndSetupDomain (484ms)
		LoadAssemblies (353ms)
		AnalyzeDomain (230ms)
			TypeCache.Refresh (7ms)
			BuildScriptInfoCaches (207ms)
			ResolveRequiredComponents (14ms)
	FinalizeReload (877ms)
		SetupLoadedEditorAssemblies (0ms)
			InitializePlatformSupportModulesInManaged (5ms)
			BeforeProcessingInitializeOnLoad (172ms)
			ProcessInitializeOnLoadAttributes (344ms)
			ProcessInitializeOnLoadMethodAttributes (138ms)
			AfterProcessingInitializeOnLoad (7ms)
		AwakeInstancesAfterBackupRestoration (18ms)
Unloading 25 Unused Serialized files (Serialized files now loaded: 0)
Unloading 6669 unused Assets / (5.5 MB). Loaded Objects now: 7582.
Memory consumption went from 205.9 MB to 200.5 MB.
Total: 10.127200 ms (FindLiveObjects: 0.797000 ms CreateObjectMapping: 0.801000 ms MarkObjects: 5.966100 ms  DeleteObjects: 2.561600 ms)

Prepare: number of updated asset objects reloaded= 0
========================================================================
Received Prepare
Unloading 25 Unused Serialized files (Serialized files now loaded: 0)
Unloading 6663 unused Assets / (5.5 MB). Loaded Objects now: 7582.
Memory consumption went from 209.7 MB to 204.2 MB.
Total: 10.386600 ms (FindLiveObjects: 0.717500 ms CreateObjectMapping: 0.399500 ms MarkObjects: 6.420200 ms  DeleteObjects: 2.847400 ms)

Prepare: number of updated asset objects reloaded= 0
========================================================================
Received Prepare
Begin MonoManager ReloadAssembly
[Licensing::Client] Successfully resolved entitlement details
Assembly Assembly-CSharp-Editor-firstpass.dll at Library/ScriptAssemblies/Assembly-CSharp-Editor-firstpass.dll not valid. Loading of assembly skipped.
Assembly Assembly-CSharp-Editor.dll at Library/ScriptAssemblies/Assembly-CSharp-Editor.dll not valid. Loading of assembly skipped.
Assembly Assembly-CSharp-firstpass.dll at Library/ScriptAssemblies/Assembly-CSharp-firstpass.dll not valid. Loading of assembly skipped.
Assembly DocCodeExamples.dll at Library/ScriptAssemblies/DocCodeExamples.dll not valid. Loading of assembly skipped.
Assembly TestNewCustomAssembly.dll at Library/ScriptAssemblies/TestNewCustomAssembly.dll not valid. Loading of assembly skipped.
Assembly Unity.Collections.BurstCompatibilityGen.dll at Library/ScriptAssemblies/Unity.Collections.BurstCompatibilityGen.dll not valid. Loading of assembly skipped.
Assembly Unity.Collections.DocCodeSamples.dll at Library/ScriptAssemblies/Unity.Collections.DocCodeSamples.dll not valid. Loading of assembly skipped.
Assembly Unity.Collections.PerformanceTests.dll at Library/ScriptAssemblies/Unity.Collections.PerformanceTests.dll not valid. Loading of assembly skipped.
Assembly Unity.Collections.Tests.dll at Library/ScriptAssemblies/Unity.Collections.Tests.dll not valid. Loading of assembly skipped.
Assembly Unity.Collections.Tests.Playmode.dll at Library/ScriptAssemblies/Unity.Collections.Tests.Playmode.dll not valid. Loading of assembly skipped.
Assembly Unity.InputSystem.IntegrationTests.dll at Library/ScriptAssemblies/Unity.InputSystem.IntegrationTests.dll not valid. Loading of assembly skipped.
Assembly Unity.Mathematics.Tests.dll at Library/ScriptAssemblies/Unity.Mathematics.Tests.dll not valid. Loading of assembly skipped.
Assembly Unity.Multiplayer.Center.Editor.Tests.dll at Library/ScriptAssemblies/Unity.Multiplayer.Center.Editor.Tests.dll not valid. Loading of assembly skipped.
Assembly Unity.Multiplayer.Center.Tests.dll at Library/ScriptAssemblies/Unity.Multiplayer.Center.Tests.dll not valid. Loading of assembly skipped.
Assembly Unity.Nuget.Mono-Cecil.dll at Library/ScriptAssemblies/Unity.Nuget.Mono-Cecil.dll not valid. Loading of assembly skipped.
Assembly Unity.PathTracing.Editor.Tests.dll at Library/ScriptAssemblies/Unity.PathTracing.Editor.Tests.dll not valid. Loading of assembly skipped.
Assembly Unity.PathTracing.Runtime.Tests.dll at Library/ScriptAssemblies/Unity.PathTracing.Runtime.Tests.dll not valid. Loading of assembly skipped.
Assembly Unity.RenderPipelines.Core.Editor.Tests.dll at Library/ScriptAssemblies/Unity.RenderPipelines.Core.Editor.Tests.dll not valid. Loading of assembly skipped.
Assembly Unity.RenderPipelines.Core.Runtime.Tests.dll at Library/ScriptAssemblies/Unity.RenderPipelines.Core.Runtime.Tests.dll not valid. Loading of assembly skipped.
Assembly Unity.RenderPipelines.Universal.Config.Editor.Tests.dll at Library/ScriptAssemblies/Unity.RenderPipelines.Universal.Config.Editor.Tests.dll not valid. Loading of assembly skipped.
Assembly Unity.RenderPipelines.Universal.Editor.Tests.dll at Library/ScriptAssemblies/Unity.RenderPipelines.Universal.Editor.Tests.dll not valid. Loading of assembly skipped.
Assembly Unity.RenderPipelines.Universal.Runtime.Tests.dll at Library/ScriptAssemblies/Unity.RenderPipelines.Universal.Runtime.Tests.dll not valid. Loading of assembly skipped.
Assembly Unity.Searcher.EditorTests.dll at Library/ScriptAssemblies/Unity.Searcher.EditorTests.dll not valid. Loading of assembly skipped.
Assembly Unity.Settings.Tests.dll at Library/ScriptAssemblies/Unity.Settings.Tests.dll not valid. Loading of assembly skipped.
Assembly Unity.ShaderGraph.Editor.Tests.dll at Library/ScriptAssemblies/Unity.ShaderGraph.Editor.Tests.dll not valid. Loading of assembly skipped.
Assembly Unity.TextMeshPro.Editor.Tests.dll at Library/ScriptAssemblies/Unity.TextMeshPro.Editor.Tests.dll not valid. Loading of assembly skipped.
Assembly Unity.TextMeshPro.Tests.dll at Library/ScriptAssemblies/Unity.TextMeshPro.Tests.dll not valid. Loading of assembly skipped.
Assembly Unity.UnifiedRayTracing.Editor.Tests.dll at Library/ScriptAssemblies/Unity.UnifiedRayTracing.Editor.Tests.dll not valid. Loading of assembly skipped.
Assembly UnityEditor.UI.Common.Tests.dll at Library/ScriptAssemblies/UnityEditor.UI.Common.Tests.dll not valid. Loading of assembly skipped.
Assembly UnityEditor.UI.EditorTests.dll at Library/ScriptAssemblies/UnityEditor.UI.EditorTests.dll not valid. Loading of assembly skipped.
Assembly UnityEngine.UI.Tests.dll at Library/ScriptAssemblies/UnityEngine.UI.Tests.dll not valid. Loading of assembly skipped.
Native extension for LinuxStandalone target not found
Native extension for UWP target not found
Native extension for WindowsStandalone target not found
Native extension for OSXStandalone target not found
Native extension for WebGL target not found
[Package Manager] Failed to launch server process. Reason: Unity was launched with the -noUpm command-line argument
[Package Manager] Unable to send message (not connected to server process).
[Package Manager] Cannot connect to Unity Package Manager local server
[Package Manager] Failed to launch server process. Reason: Unity was launched with the -noUpm command-line argument
[Package Manager] Unable to send message (not connected to server process).
[Package Manager] Cannot connect to Unity Package Manager local server
[MODES] ModeService[none].Initialize
[MODES] ModeService[none].LoadModes
ScheduleIndexationOnStartup MainProcess:False IndexOnStartup:True
Mono: successfully reloaded assembly
- Finished resetting the current domain, in  0.960 seconds
Domain Reload Profiling: 1828ms
	BeginReloadAssembly (223ms)
		DisableScriptedObjects (7ms)
		CreateAndSetChildDomain (44ms)
	RebuildCommonClasses (45ms)
	RebuildNativeTypeToScriptingClass (15ms)
	initialDomainReloadingComplete (70ms)
	LoadAllAssembliesAndSetupDomain (515ms)
		LoadAssemblies (373ms)
		AnalyzeDomain (244ms)
			TypeCache.Refresh (12ms)
			BuildScriptInfoCaches (218ms)
			ResolveRequiredComponents (13ms)
	FinalizeReload (960ms)
		SetupLoadedEditorAssemblies (0ms)
			InitializePlatformSupportModulesInManaged (5ms)
			BeforeProcessingInitializeOnLoad (191ms)
			ProcessInitializeOnLoadAttributes (373ms)
			ProcessInitializeOnLoadMethodAttributes (146ms)
			AfterProcessingInitializeOnLoad (8ms)
		AwakeInstancesAfterBackupRestoration (21ms)
Unloading 25 Unused Serialized files (Serialized files now loaded: 0)
Unloading 6669 unused Assets / (5.2 MB). Loaded Objects now: 7585.
Memory consumption went from 213.1 MB to 208.0 MB.
Total: 10.054900 ms (FindLiveObjects: 0.807900 ms CreateObjectMapping: 0.420800 ms MarkObjects: 6.086300 ms  DeleteObjects: 2.739200 ms)

Prepare: number of updated asset objects reloaded= 0
========================================================================
Received Prepare
Begin MonoManager ReloadAssembly
Assembly Assembly-CSharp-Editor-firstpass.dll at Library/ScriptAssemblies/Assembly-CSharp-Editor-firstpass.dll not valid. Loading of assembly skipped.
Assembly Assembly-CSharp-Editor.dll at Library/ScriptAssemblies/Assembly-CSharp-Editor.dll not valid. Loading of assembly skipped.
Assembly Assembly-CSharp-firstpass.dll at Library/ScriptAssemblies/Assembly-CSharp-firstpass.dll not valid. Loading of assembly skipped.
Assembly DocCodeExamples.dll at Library/ScriptAssemblies/DocCodeExamples.dll not valid. Loading of assembly skipped.
Assembly TestNewCustomAssembly.dll at Library/ScriptAssemblies/TestNewCustomAssembly.dll not valid. Loading of assembly skipped.
Assembly Unity.Collections.BurstCompatibilityGen.dll at Library/ScriptAssemblies/Unity.Collections.BurstCompatibilityGen.dll not valid. Loading of assembly skipped.
Assembly Unity.Collections.DocCodeSamples.dll at Library/ScriptAssemblies/Unity.Collections.DocCodeSamples.dll not valid. Loading of assembly skipped.
Assembly Unity.Collections.PerformanceTests.dll at Library/ScriptAssemblies/Unity.Collections.PerformanceTests.dll not valid. Loading of assembly skipped.
Assembly Unity.Collections.Tests.dll at Library/ScriptAssemblies/Unity.Collections.Tests.dll not valid. Loading of assembly skipped.
Assembly Unity.Collections.Tests.Playmode.dll at Library/ScriptAssemblies/Unity.Collections.Tests.Playmode.dll not valid. Loading of assembly skipped.
Assembly Unity.InputSystem.IntegrationTests.dll at Library/ScriptAssemblies/Unity.InputSystem.IntegrationTests.dll not valid. Loading of assembly skipped.
Assembly Unity.Mathematics.Tests.dll at Library/ScriptAssemblies/Unity.Mathematics.Tests.dll not valid. Loading of assembly skipped.
Assembly Unity.Multiplayer.Center.Editor.Tests.dll at Library/ScriptAssemblies/Unity.Multiplayer.Center.Editor.Tests.dll not valid. Loading of assembly skipped.
Assembly Unity.Multiplayer.Center.Tests.dll at Library/ScriptAssemblies/Unity.Multiplayer.Center.Tests.dll not valid. Loading of assembly skipped.
Assembly Unity.Nuget.Mono-Cecil.dll at Library/ScriptAssemblies/Unity.Nuget.Mono-Cecil.dll not valid. Loading of assembly skipped.
Assembly Unity.PathTracing.Editor.Tests.dll at Library/ScriptAssemblies/Unity.PathTracing.Editor.Tests.dll not valid. Loading of assembly skipped.
Assembly Unity.PathTracing.Runtime.Tests.dll at Library/ScriptAssemblies/Unity.PathTracing.Runtime.Tests.dll not valid. Loading of assembly skipped.
Assembly Unity.RenderPipelines.Core.Editor.Tests.dll at Library/ScriptAssemblies/Unity.RenderPipelines.Core.Editor.Tests.dll not valid. Loading of assembly skipped.
Assembly Unity.RenderPipelines.Core.Runtime.Tests.dll at Library/ScriptAssemblies/Unity.RenderPipelines.Core.Runtime.Tests.dll not valid. Loading of assembly skipped.
Assembly Unity.RenderPipelines.Universal.Config.Editor.Tests.dll at Library/ScriptAssemblies/Unity.RenderPipelines.Universal.Config.Editor.Tests.dll not valid. Loading of assembly skipped.
Assembly Unity.RenderPipelines.Universal.Editor.Tests.dll at Library/ScriptAssemblies/Unity.RenderPipelines.Universal.Editor.Tests.dll not valid. Loading of assembly skipped.
Assembly Unity.RenderPipelines.Universal.Runtime.Tests.dll at Library/ScriptAssemblies/Unity.RenderPipelines.Universal.Runtime.Tests.dll not valid. Loading of assembly skipped.
Assembly Unity.Searcher.EditorTests.dll at Library/ScriptAssemblies/Unity.Searcher.EditorTests.dll not valid. Loading of assembly skipped.
Assembly Unity.Settings.Tests.dll at Library/ScriptAssemblies/Unity.Settings.Tests.dll not valid. Loading of assembly skipped.
Assembly Unity.ShaderGraph.Editor.Tests.dll at Library/ScriptAssemblies/Unity.ShaderGraph.Editor.Tests.dll not valid. Loading of assembly skipped.
Assembly Unity.TextMeshPro.Editor.Tests.dll at Library/ScriptAssemblies/Unity.TextMeshPro.Editor.Tests.dll not valid. Loading of assembly skipped.
Assembly Unity.TextMeshPro.Tests.dll at Library/ScriptAssemblies/Unity.TextMeshPro.Tests.dll not valid. Loading of assembly skipped.
Assembly Unity.UnifiedRayTracing.Editor.Tests.dll at Library/ScriptAssemblies/Unity.UnifiedRayTracing.Editor.Tests.dll not valid. Loading of assembly skipped.
Assembly UnityEditor.UI.Common.Tests.dll at Library/ScriptAssemblies/UnityEditor.UI.Common.Tests.dll not valid. Loading of assembly skipped.
Assembly UnityEditor.UI.EditorTests.dll at Library/ScriptAssemblies/UnityEditor.UI.EditorTests.dll not valid. Loading of assembly skipped.
Assembly UnityEngine.UI.Tests.dll at Library/ScriptAssemblies/UnityEngine.UI.Tests.dll not valid. Loading of assembly skipped.
Native extension for LinuxStandalone target not found
Native extension for UWP target not found
Native extension for WindowsStandalone target not found
Native extension for OSXStandalone target not found
Native extension for WebGL target not found
[Package Manager] Failed to launch server process. Reason: Unity was launched with the -noUpm command-line argument
[Package Manager] Unable to send message (not connected to server process).
[Package Manager] Cannot connect to Unity Package Manager local server
[Package Manager] Failed to launch server process. Reason: Unity was launched with the -noUpm command-line argument
[Package Manager] Unable to send message (not connected to server process).
[Package Manager] Cannot connect to Unity Package Manager local server
[MODES] ModeService[none].Initialize
[MODES] ModeService[none].LoadModes
ScheduleIndexationOnStartup MainProcess:False IndexOnStartup:True
Mono: successfully reloaded assembly
- Finished resetting the current domain, in  0.856 seconds
Domain Reload Profiling: 1680ms
	BeginReloadAssembly (229ms)
		DisableScriptedObjects (7ms)
		CreateAndSetChildDomain (49ms)
	RebuildCommonClasses (44ms)
	RebuildNativeTypeToScriptingClass (15ms)
	initialDomainReloadingComplete (61ms)
	LoadAllAssembliesAndSetupDomain (475ms)
		LoadAssemblies (354ms)
		AnalyzeDomain (226ms)
			TypeCache.Refresh (7ms)
			BuildScriptInfoCaches (205ms)
			ResolveRequiredComponents (13ms)
	FinalizeReload (856ms)
		SetupLoadedEditorAssemblies (0ms)
			InitializePlatformSupportModulesInManaged (4ms)
			BeforeProcessingInitializeOnLoad (178ms)
			ProcessInitializeOnLoadAttributes (339ms)
			ProcessInitializeOnLoadMethodAttributes (126ms)
			AfterProcessingInitializeOnLoad (7ms)
		AwakeInstancesAfterBackupRestoration (18ms)
Unloading 25 Unused Serialized files (Serialized files now loaded: 0)
Unloading 6669 unused Assets / (5.6 MB). Loaded Objects now: 7588.
Memory consumption went from 216.7 MB to 211.1 MB.
Total: 9.336500 ms (FindLiveObjects: 0.728200 ms CreateObjectMapping: 0.410300 ms MarkObjects: 5.737800 ms  DeleteObjects: 2.459300 ms)

Prepare: number of updated asset objects reloaded= 0
========================================================================
Received Prepare
Begin MonoManager ReloadAssembly
[Licensing::Client] Successfully resolved entitlement details
Assembly Assembly-CSharp-Editor-firstpass.dll at Library/ScriptAssemblies/Assembly-CSharp-Editor-firstpass.dll not valid. Loading of assembly skipped.
Assembly Assembly-CSharp-Editor.dll at Library/ScriptAssemblies/Assembly-CSharp-Editor.dll not valid. Loading of assembly skipped.
Assembly Assembly-CSharp-firstpass.dll at Library/ScriptAssemblies/Assembly-CSharp-firstpass.dll not valid. Loading of assembly skipped.
Assembly DocCodeExamples.dll at Library/ScriptAssemblies/DocCodeExamples.dll not valid. Loading of assembly skipped.
Assembly TestNewCustomAssembly.dll at Library/ScriptAssemblies/TestNewCustomAssembly.dll not valid. Loading of assembly skipped.
Assembly Unity.Collections.BurstCompatibilityGen.dll at Library/ScriptAssemblies/Unity.Collections.BurstCompatibilityGen.dll not valid. Loading of assembly skipped.
Assembly Unity.Collections.DocCodeSamples.dll at Library/ScriptAssemblies/Unity.Collections.DocCodeSamples.dll not valid. Loading of assembly skipped.
Assembly Unity.Collections.PerformanceTests.dll at Library/ScriptAssemblies/Unity.Collections.PerformanceTests.dll not valid. Loading of assembly skipped.
Assembly Unity.Collections.Tests.dll at Library/ScriptAssemblies/Unity.Collections.Tests.dll not valid. Loading of assembly skipped.
Assembly Unity.Collections.Tests.Playmode.dll at Library/ScriptAssemblies/Unity.Collections.Tests.Playmode.dll not valid. Loading of assembly skipped.
Assembly Unity.InputSystem.IntegrationTests.dll at Library/ScriptAssemblies/Unity.InputSystem.IntegrationTests.dll not valid. Loading of assembly skipped.
Assembly Unity.Mathematics.Tests.dll at Library/ScriptAssemblies/Unity.Mathematics.Tests.dll not valid. Loading of assembly skipped.
Assembly Unity.Multiplayer.Center.Editor.Tests.dll at Library/ScriptAssemblies/Unity.Multiplayer.Center.Editor.Tests.dll not valid. Loading of assembly skipped.
Assembly Unity.Multiplayer.Center.Tests.dll at Library/ScriptAssemblies/Unity.Multiplayer.Center.Tests.dll not valid. Loading of assembly skipped.
Assembly Unity.Nuget.Mono-Cecil.dll at Library/ScriptAssemblies/Unity.Nuget.Mono-Cecil.dll not valid. Loading of assembly skipped.
Assembly Unity.PathTracing.Editor.Tests.dll at Library/ScriptAssemblies/Unity.PathTracing.Editor.Tests.dll not valid. Loading of assembly skipped.
Assembly Unity.PathTracing.Runtime.Tests.dll at Library/ScriptAssemblies/Unity.PathTracing.Runtime.Tests.dll not valid. Loading of assembly skipped.
Assembly Unity.RenderPipelines.Core.Editor.Tests.dll at Library/ScriptAssemblies/Unity.RenderPipelines.Core.Editor.Tests.dll not valid. Loading of assembly skipped.
Assembly Unity.RenderPipelines.Core.Runtime.Tests.dll at Library/ScriptAssemblies/Unity.RenderPipelines.Core.Runtime.Tests.dll not valid. Loading of assembly skipped.
Assembly Unity.RenderPipelines.Universal.Config.Editor.Tests.dll at Library/ScriptAssemblies/Unity.RenderPipelines.Universal.Config.Editor.Tests.dll not valid. Loading of assembly skipped.
Assembly Unity.RenderPipelines.Universal.Editor.Tests.dll at Library/ScriptAssemblies/Unity.RenderPipelines.Universal.Editor.Tests.dll not valid. Loading of assembly skipped.
Assembly Unity.RenderPipelines.Universal.Runtime.Tests.dll at Library/ScriptAssemblies/Unity.RenderPipelines.Universal.Runtime.Tests.dll not valid. Loading of assembly skipped.
Assembly Unity.Searcher.EditorTests.dll at Library/ScriptAssemblies/Unity.Searcher.EditorTests.dll not valid. Loading of assembly skipped.
Assembly Unity.Settings.Tests.dll at Library/ScriptAssemblies/Unity.Settings.Tests.dll not valid. Loading of assembly skipped.
Assembly Unity.ShaderGraph.Editor.Tests.dll at Library/ScriptAssemblies/Unity.ShaderGraph.Editor.Tests.dll not valid. Loading of assembly skipped.
Assembly Unity.TextMeshPro.Editor.Tests.dll at Library/ScriptAssemblies/Unity.TextMeshPro.Editor.Tests.dll not valid. Loading of assembly skipped.
Assembly Unity.TextMeshPro.Tests.dll at Library/ScriptAssemblies/Unity.TextMeshPro.Tests.dll not valid. Loading of assembly skipped.
Assembly Unity.UnifiedRayTracing.Editor.Tests.dll at Library/ScriptAssemblies/Unity.UnifiedRayTracing.Editor.Tests.dll not valid. Loading of assembly skipped.
Assembly UnityEditor.UI.Common.Tests.dll at Library/ScriptAssemblies/UnityEditor.UI.Common.Tests.dll not valid. Loading of assembly skipped.
Assembly UnityEditor.UI.EditorTests.dll at Library/ScriptAssemblies/UnityEditor.UI.EditorTests.dll not valid. Loading of assembly skipped.
Assembly UnityEngine.UI.Tests.dll at Library/ScriptAssemblies/UnityEngine.UI.Tests.dll not valid. Loading of assembly skipped.
Native extension for LinuxStandalone target not found
Native extension for UWP target not found
Native extension for WindowsStandalone target not found
Native extension for OSXStandalone target not found
Native extension for WebGL target not found
[Package Manager] Failed to launch server process. Reason: Unity was launched with the -noUpm command-line argument
[Package Manager] Unable to send message (not connected to server process).
[Package Manager] Cannot connect to Unity Package Manager local server
[Package Manager] Failed to launch server process. Reason: Unity was launched with the -noUpm command-line argument
[Package Manager] Unable to send message (not connected to server process).
[Package Manager] Cannot connect to Unity Package Manager local server
[MODES] ModeService[none].Initialize
[MODES] ModeService[none].LoadModes
ScheduleIndexationOnStartup MainProcess:False IndexOnStartup:True
Mono: successfully reloaded assembly
- Finished resetting the current domain, in  0.855 seconds
Domain Reload Profiling: 1675ms
	BeginReloadAssembly (217ms)
		DisableScriptedObjects (7ms)
		CreateAndSetChildDomain (43ms)
	RebuildCommonClasses (41ms)
	RebuildNativeTypeToScriptingClass (16ms)
	initialDomainReloadingComplete (65ms)
	LoadAllAssembliesAndSetupDomain (480ms)
		LoadAssemblies (349ms)
		AnalyzeDomain (230ms)
			TypeCache.Refresh (11ms)
			BuildScriptInfoCaches (205ms)
			ResolveRequiredComponents (13ms)
	FinalizeReload (856ms)
		SetupLoadedEditorAssemblies (0ms)
			InitializePlatformSupportModulesInManaged (4ms)
			BeforeProcessingInitializeOnLoad (166ms)
			ProcessInitializeOnLoadAttributes (342ms)
			ProcessInitializeOnLoadMethodAttributes (133ms)
			AfterProcessingInitializeOnLoad (7ms)
		AwakeInstancesAfterBackupRestoration (18ms)
Unloading 25 Unused Serialized files (Serialized files now loaded: 0)
Unloading 6669 unused Assets / (5.0 MB). Loaded Objects now: 7591.
Memory consumption went from 220.4 MB to 215.4 MB.
Total: 10.264000 ms (FindLiveObjects: 0.711500 ms CreateObjectMapping: 0.430900 ms MarkObjects: 6.201400 ms  DeleteObjects: 2.919100 ms)

Prepare: number of updated asset objects reloaded= 0
========================================================================
Received Prepare
Begin MonoManager ReloadAssembly
Assembly Assembly-CSharp-Editor-firstpass.dll at Library/ScriptAssemblies/Assembly-CSharp-Editor-firstpass.dll not valid. Loading of assembly skipped.
Assembly Assembly-CSharp-Editor.dll at Library/ScriptAssemblies/Assembly-CSharp-Editor.dll not valid. Loading of assembly skipped.
Assembly Assembly-CSharp-firstpass.dll at Library/ScriptAssemblies/Assembly-CSharp-firstpass.dll not valid. Loading of assembly skipped.
Assembly DocCodeExamples.dll at Library/ScriptAssemblies/DocCodeExamples.dll not valid. Loading of assembly skipped.
Assembly TestNewCustomAssembly.dll at Library/ScriptAssemblies/TestNewCustomAssembly.dll not valid. Loading of assembly skipped.
Assembly Unity.Collections.BurstCompatibilityGen.dll at Library/ScriptAssemblies/Unity.Collections.BurstCompatibilityGen.dll not valid. Loading of assembly skipped.
Assembly Unity.Collections.DocCodeSamples.dll at Library/ScriptAssemblies/Unity.Collections.DocCodeSamples.dll not valid. Loading of assembly skipped.
Assembly Unity.Collections.PerformanceTests.dll at Library/ScriptAssemblies/Unity.Collections.PerformanceTests.dll not valid. Loading of assembly skipped.
Assembly Unity.Collections.Tests.dll at Library/ScriptAssemblies/Unity.Collections.Tests.dll not valid. Loading of assembly skipped.
Assembly Unity.Collections.Tests.Playmode.dll at Library/ScriptAssemblies/Unity.Collections.Tests.Playmode.dll not valid. Loading of assembly skipped.
Assembly Unity.InputSystem.IntegrationTests.dll at Library/ScriptAssemblies/Unity.InputSystem.IntegrationTests.dll not valid. Loading of assembly skipped.
Assembly Unity.Mathematics.Tests.dll at Library/ScriptAssemblies/Unity.Mathematics.Tests.dll not valid. Loading of assembly skipped.
Assembly Unity.Multiplayer.Center.Editor.Tests.dll at Library/ScriptAssemblies/Unity.Multiplayer.Center.Editor.Tests.dll not valid. Loading of assembly skipped.
Assembly Unity.Multiplayer.Center.Tests.dll at Library/ScriptAssemblies/Unity.Multiplayer.Center.Tests.dll not valid. Loading of assembly skipped.
Assembly Unity.Nuget.Mono-Cecil.dll at Library/ScriptAssemblies/Unity.Nuget.Mono-Cecil.dll not valid. Loading of assembly skipped.
Assembly Unity.PathTracing.Editor.Tests.dll at Library/ScriptAssemblies/Unity.PathTracing.Editor.Tests.dll not valid. Loading of assembly skipped.
Assembly Unity.PathTracing.Runtime.Tests.dll at Library/ScriptAssemblies/Unity.PathTracing.Runtime.Tests.dll not valid. Loading of assembly skipped.
Assembly Unity.RenderPipelines.Core.Editor.Tests.dll at Library/ScriptAssemblies/Unity.RenderPipelines.Core.Editor.Tests.dll not valid. Loading of assembly skipped.
Assembly Unity.RenderPipelines.Core.Runtime.Tests.dll at Library/ScriptAssemblies/Unity.RenderPipelines.Core.Runtime.Tests.dll not valid. Loading of assembly skipped.
Assembly Unity.RenderPipelines.Universal.Config.Editor.Tests.dll at Library/ScriptAssemblies/Unity.RenderPipelines.Universal.Config.Editor.Tests.dll not valid. Loading of assembly skipped.
Assembly Unity.RenderPipelines.Universal.Editor.Tests.dll at Library/ScriptAssemblies/Unity.RenderPipelines.Universal.Editor.Tests.dll not valid. Loading of assembly skipped.
Assembly Unity.RenderPipelines.Universal.Runtime.Tests.dll at Library/ScriptAssemblies/Unity.RenderPipelines.Universal.Runtime.Tests.dll not valid. Loading of assembly skipped.
Assembly Unity.Searcher.EditorTests.dll at Library/ScriptAssemblies/Unity.Searcher.EditorTests.dll not valid. Loading of assembly skipped.
Assembly Unity.Settings.Tests.dll at Library/ScriptAssemblies/Unity.Settings.Tests.dll not valid. Loading of assembly skipped.
Assembly Unity.ShaderGraph.Editor.Tests.dll at Library/ScriptAssemblies/Unity.ShaderGraph.Editor.Tests.dll not valid. Loading of assembly skipped.
Assembly Unity.TextMeshPro.Editor.Tests.dll at Library/ScriptAssemblies/Unity.TextMeshPro.Editor.Tests.dll not valid. Loading of assembly skipped.
Assembly Unity.TextMeshPro.Tests.dll at Library/ScriptAssemblies/Unity.TextMeshPro.Tests.dll not valid. Loading of assembly skipped.
Assembly Unity.UnifiedRayTracing.Editor.Tests.dll at Library/ScriptAssemblies/Unity.UnifiedRayTracing.Editor.Tests.dll not valid. Loading of assembly skipped.
Assembly UnityEditor.UI.Common.Tests.dll at Library/ScriptAssemblies/UnityEditor.UI.Common.Tests.dll not valid. Loading of assembly skipped.
Assembly UnityEditor.UI.EditorTests.dll at Library/ScriptAssemblies/UnityEditor.UI.EditorTests.dll not valid. Loading of assembly skipped.
Assembly UnityEngine.UI.Tests.dll at Library/ScriptAssemblies/UnityEngine.UI.Tests.dll not valid. Loading of assembly skipped.
Native extension for LinuxStandalone target not found
Native extension for UWP target not found
Native extension for WindowsStandalone target not found
Native extension for OSXStandalone target not found
Native extension for WebGL target not found
[Package Manager] Failed to launch server process. Reason: Unity was launched with the -noUpm command-line argument
[Package Manager] Unable to send message (not connected to server process).
[Package Manager] Cannot connect to Unity Package Manager local server
[Package Manager] Failed to launch server process. Reason: Unity was launched with the -noUpm command-line argument
[Package Manager] Unable to send message (not connected to server process).
[Package Manager] Cannot connect to Unity Package Manager local server
[MODES] ModeService[none].Initialize
[MODES] ModeService[none].LoadModes
ScheduleIndexationOnStartup MainProcess:False IndexOnStartup:True
Mono: successfully reloaded assembly
- Finished resetting the current domain, in  0.857 seconds
Domain Reload Profiling: 1697ms
	BeginReloadAssembly (218ms)
		DisableScriptedObjects (6ms)
		CreateAndSetChildDomain (46ms)
	RebuildCommonClasses (41ms)
	RebuildNativeTypeToScriptingClass (14ms)
	initialDomainReloadingComplete (63ms)
	LoadAllAssembliesAndSetupDomain (503ms)
		LoadAssemblies (351ms)
		AnalyzeDomain (250ms)
			TypeCache.Refresh (10ms)
			BuildScriptInfoCaches (225ms)
			ResolveRequiredComponents (13ms)
	FinalizeReload (858ms)
		SetupLoadedEditorAssemblies (0ms)
			InitializePlatformSupportModulesInManaged (4ms)
			BeforeProcessingInitializeOnLoad (177ms)
			ProcessInitializeOnLoadAttributes (338ms)
			ProcessInitializeOnLoadMethodAttributes (127ms)
			AfterProcessingInitializeOnLoad (8ms)
		AwakeInstancesAfterBackupRestoration (19ms)
Unloading 25 Unused Serialized files (Serialized files now loaded: 0)
Unloading 6669 unused Assets / (5.7 MB). Loaded Objects now: 7594.
Memory consumption went from 224.0 MB to 218.4 MB.
Total: 9.873700 ms (FindLiveObjects: 0.830800 ms CreateObjectMapping: 0.457600 ms MarkObjects: 6.110900 ms  DeleteObjects: 2.473300 ms)

Prepare: number of updated asset objects reloaded= 0
========================================================================
Received Import Request.
  Time since last request: 1204.103060 seconds.
  path: Assets/Scenes/Topher - Assignment Level.unity
  importAddress: Guid(4a5a11d3b9e003a4cbc59fc4a276c4c6) Importer(815301076,1909f56bfc062723c751e8b465ee728b)
Start importing Assets/Scenes/Topher - Assignment Level.unity using Guid(4a5a11d3b9e003a4cbc59fc4a276c4c6) Importer(815301076,1909f56bfc062723c751e8b465ee728b) (PreviewImporter) -> (Import Result ID: '6c9a9b9b1df444d48379ce0761010084') in 0.0022586 seconds [static and dynamic dependencies]. Details - ImportResultOutputID=c815dfc19cc392a2ab3169bdfd26b3d4 DependenciesID=d2e291b205fb8540e26d60dd9e55f946 StaticDependenciesID=a3515dd5a1035586c46fe43bd5d46e50 
Number of updated asset objects reloaded before import = 0Number of asset objects unloaded after import = 0

========================================================================
Received Prepare
Begin MonoManager ReloadAssembly
[Licensing::Client] Successfully resolved entitlement details
Assembly Assembly-CSharp-Editor-firstpass.dll at Library/ScriptAssemblies/Assembly-CSharp-Editor-firstpass.dll not valid. Loading of assembly skipped.
Assembly Assembly-CSharp-Editor.dll at Library/ScriptAssemblies/Assembly-CSharp-Editor.dll not valid. Loading of assembly skipped.
Assembly Assembly-CSharp-firstpass.dll at Library/ScriptAssemblies/Assembly-CSharp-firstpass.dll not valid. Loading of assembly skipped.
Assembly DocCodeExamples.dll at Library/ScriptAssemblies/DocCodeExamples.dll not valid. Loading of assembly skipped.
Assembly TestNewCustomAssembly.dll at Library/ScriptAssemblies/TestNewCustomAssembly.dll not valid. Loading of assembly skipped.
Assembly Unity.Collections.BurstCompatibilityGen.dll at Library/ScriptAssemblies/Unity.Collections.BurstCompatibilityGen.dll not valid. Loading of assembly skipped.
Assembly Unity.Collections.DocCodeSamples.dll at Library/ScriptAssemblies/Unity.Collections.DocCodeSamples.dll not valid. Loading of assembly skipped.
Assembly Unity.Collections.PerformanceTests.dll at Library/ScriptAssemblies/Unity.Collections.PerformanceTests.dll not valid. Loading of assembly skipped.
Assembly Unity.Collections.Tests.dll at Library/ScriptAssemblies/Unity.Collections.Tests.dll not valid. Loading of assembly skipped.
Assembly Unity.Collections.Tests.Playmode.dll at Library/ScriptAssemblies/Unity.Collections.Tests.Playmode.dll not valid. Loading of assembly skipped.
Assembly Unity.InputSystem.IntegrationTests.dll at Library/ScriptAssemblies/Unity.InputSystem.IntegrationTests.dll not valid. Loading of assembly skipped.
Assembly Unity.Mathematics.Tests.dll at Library/ScriptAssemblies/Unity.Mathematics.Tests.dll not valid. Loading of assembly skipped.
Assembly Unity.Multiplayer.Center.Editor.Tests.dll at Library/ScriptAssemblies/Unity.Multiplayer.Center.Editor.Tests.dll not valid. Loading of assembly skipped.
Assembly Unity.Multiplayer.Center.Tests.dll at Library/ScriptAssemblies/Unity.Multiplayer.Center.Tests.dll not valid. Loading of assembly skipped.
Assembly Unity.Nuget.Mono-Cecil.dll at Library/ScriptAssemblies/Unity.Nuget.Mono-Cecil.dll not valid. Loading of assembly skipped.
Assembly Unity.PathTracing.Editor.Tests.dll at Library/ScriptAssemblies/Unity.PathTracing.Editor.Tests.dll not valid. Loading of assembly skipped.
Assembly Unity.PathTracing.Runtime.Tests.dll at Library/ScriptAssemblies/Unity.PathTracing.Runtime.Tests.dll not valid. Loading of assembly skipped.
Assembly Unity.RenderPipelines.Core.Editor.Tests.dll at Library/ScriptAssemblies/Unity.RenderPipelines.Core.Editor.Tests.dll not valid. Loading of assembly skipped.
Assembly Unity.RenderPipelines.Core.Runtime.Tests.dll at Library/ScriptAssemblies/Unity.RenderPipelines.Core.Runtime.Tests.dll not valid. Loading of assembly skipped.
Assembly Unity.RenderPipelines.Universal.Config.Editor.Tests.dll at Library/ScriptAssemblies/Unity.RenderPipelines.Universal.Config.Editor.Tests.dll not valid. Loading of assembly skipped.
Assembly Unity.RenderPipelines.Universal.Editor.Tests.dll at Library/ScriptAssemblies/Unity.RenderPipelines.Universal.Editor.Tests.dll not valid. Loading of assembly skipped.
Assembly Unity.RenderPipelines.Universal.Runtime.Tests.dll at Library/ScriptAssemblies/Unity.RenderPipelines.Universal.Runtime.Tests.dll not valid. Loading of assembly skipped.
Assembly Unity.Searcher.EditorTests.dll at Library/ScriptAssemblies/Unity.Searcher.EditorTests.dll not valid. Loading of assembly skipped.
Assembly Unity.Settings.Tests.dll at Library/ScriptAssemblies/Unity.Settings.Tests.dll not valid. Loading of assembly skipped.
Assembly Unity.ShaderGraph.Editor.Tests.dll at Library/ScriptAssemblies/Unity.ShaderGraph.Editor.Tests.dll not valid. Loading of assembly skipped.
Assembly Unity.TextMeshPro.Editor.Tests.dll at Library/ScriptAssemblies/Unity.TextMeshPro.Editor.Tests.dll not valid. Loading of assembly skipped.
Assembly Unity.TextMeshPro.Tests.dll at Library/ScriptAssemblies/Unity.TextMeshPro.Tests.dll not valid. Loading of assembly skipped.
Assembly Unity.UnifiedRayTracing.Editor.Tests.dll at Library/ScriptAssemblies/Unity.UnifiedRayTracing.Editor.Tests.dll not valid. Loading of assembly skipped.
Assembly UnityEditor.UI.Common.Tests.dll at Library/ScriptAssemblies/UnityEditor.UI.Common.Tests.dll not valid. Loading of assembly skipped.
Assembly UnityEditor.UI.EditorTests.dll at Library/ScriptAssemblies/UnityEditor.UI.EditorTests.dll not valid. Loading of assembly skipped.
Assembly UnityEngine.UI.Tests.dll at Library/ScriptAssemblies/UnityEngine.UI.Tests.dll not valid. Loading of assembly skipped.
Native extension for LinuxStandalone target not found
Native extension for UWP target not found
Native extension for WindowsStandalone target not found
Native extension for OSXStandalone target not found
Native extension for WebGL target not found
[Package Manager] Failed to launch server process. Reason: Unity was launched with the -noUpm command-line argument
[Package Manager] Unable to send message (not connected to server process).
[Package Manager] Cannot connect to Unity Package Manager local server
[Package Manager] Failed to launch server process. Reason: Unity was launched with the -noUpm command-line argument
[Package Manager] Unable to send message (not connected to server process).
[Package Manager] Cannot connect to Unity Package Manager local server
[MODES] ModeService[none].Initialize
[MODES] ModeService[none].LoadModes
ScheduleIndexationOnStartup MainProcess:False IndexOnStartup:True
Mono: successfully reloaded assembly
- Finished resetting the current domain, in  0.886 seconds
Domain Reload Profiling: 1751ms
	BeginReloadAssembly (222ms)
		DisableScriptedObjects (6ms)
		CreateAndSetChildDomain (48ms)
	RebuildCommonClasses (41ms)
	RebuildNativeTypeToScriptingClass (14ms)
	initialDomainReloadingComplete (67ms)
	LoadAllAssembliesAndSetupDomain (522ms)
		LoadAssemblies (356ms)
		AnalyzeDomain (261ms)
			TypeCache.Refresh (8ms)
			BuildScriptInfoCaches (235ms)
			ResolveRequiredComponents (15ms)
	FinalizeReload (886ms)
		SetupLoadedEditorAssemblies (0ms)
			InitializePlatformSupportModulesInManaged (4ms)
			BeforeProcessingInitializeOnLoad (171ms)
			ProcessInitializeOnLoadAttributes (349ms)
			ProcessInitializeOnLoadMethodAttributes (139ms)
			AfterProcessingInitializeOnLoad (10ms)
		AwakeInstancesAfterBackupRestoration (21ms)
Unloading 25 Unused Serialized files (Serialized files now loaded: 0)
Unloading 6669 unused Assets / (5.6 MB). Loaded Objects now: 7597.
Memory consumption went from 174.3 MB to 168.7 MB.
Total: 9.595600 ms (FindLiveObjects: 0.686600 ms CreateObjectMapping: 0.496700 ms MarkObjects: 5.941400 ms  DeleteObjects: 2.469900 ms)

Prepare: number of updated asset objects reloaded= 0
