[Licensing::Module] Trying to connect to existing licensing client channel...
[Licensing::IpcConnector] Successfully connected to: "LicenseClient-Marius" at "2026-05-29T03:39:19.0393556Z"
Built from '6000.4/staging' branch; Version is '6000.4.0f1 (8cf496087c8f) revision 9237654'; Using compiler version '194234433'; Build Type 'Release'
OS: 'Windows 11  (10.0.26200) Professional' Language: 'en' Physical Memory: 16307 MB
BatchMode: 1, IsHumanControllingUs: 0, StartBugReporterOnCrash: 0, Is64bit: 1
System  architecture: x64
Process architecture: x64
Date: 2026-05-29T03:39:19Z

COMMAND LINE ARGUMENTS:
C:\Program Files\Unity\Hub\Editor\6000.4.0f1\Editor\Unity.exe
-adb2
-batchMode
-noUpm
-name
AssetImportWorker5
-projectPath
D:/School/QUT/IGB388/IGB101-Assignment-3
-logFile
Logs/AssetImportWorker5.log
-srvPort
51738
-licensingIpc
LicenseClient-Marius
-force-d3d12
-job-worker-count
5
-background-job-worker-count
8
-gc-helper-count
1
-name
AssetImport
Successfully changed project path to: D:/School/QUT/IGB388/IGB101-Assignment-3
D:/School/QUT/IGB388/IGB101-Assignment-3
[UnityMemory] Configuration Parameters - Can be set up in boot.config
    "memorysetup-temp-allocator-size-gi-baking-worker=262144"
    "memorysetup-temp-allocator-size-gi-baking-worker=262144"
    "memorysetup-temp-allocator-size-gi-baking-worker=262144"
    "memorysetup-temp-allocator-size-gi-baking-worker=262144"
    "memorysetup-temp-allocator-size-gi-baking-worker=262144"
    "memorysetup-temp-allocator-size-nav-mesh-worker=65536"
    "memorysetup-temp-allocator-size-audio-worker=65536"
    "memorysetup-temp-allocator-size-cloud-worker=32768"
    "memorysetup-temp-allocator-size-gfx=262144"
    "memorysetup-temp-allocator-size-preload-manager=33554432"
    "memorysetup-temp-allocator-size-job-worker=262144"
    "memorysetup-temp-allocator-size-background-worker=32768"
    "memorysetup-allocator-temp-initial-block-size-main=262144"
    "memorysetup-allocator-temp-initial-block-size-worker=262144"
    "memorysetup-bucket-allocator-granularity=16"
    "memorysetup-bucket-allocator-bucket-count=8"
    "memorysetup-bucket-allocator-block-size=33554432"
    "memorysetup-bucket-allocator-block-count=8"
    "memorysetup-main-allocator-block-size=16777216"
    "memorysetup-thread-allocator-block-size=16777216"
    "memorysetup-gfx-main-allocator-block-size=16777216"
    "memorysetup-gfx-thread-allocator-block-size=16777216"
    "memorysetup-cache-allocator-block-size=4194304"
    "memorysetup-typetree-allocator-block-size=2097152"
    "memorysetup-profiler-bucket-allocator-granularity=16"
    "memorysetup-profiler-bucket-allocator-bucket-count=8"
    "memorysetup-profiler-bucket-allocator-block-size=33554432"
    "memorysetup-profiler-bucket-allocator-block-count=8"
    "memorysetup-profiler-allocator-block-size=16777216"
    "memorysetup-profiler-editor-allocator-block-size=1048576"
    "memorysetup-temp-allocator-size-main=16777216"
    "memorysetup-job-temp-allocator-block-size=2097152"
    "memorysetup-job-temp-allocator-block-size-background=1048576"
    "memorysetup-job-temp-allocator-reduction-small-platforms=262144"
Player connection [16184]  Target information:

Player connection [16184]  * "[IP] 10.0.0.41 [Port] 0 [Flags] 2 [Guid] 1828858272 [EditorId] 1828858272 [Version] 1048832 [Id] WindowsEditor(7,DESKTOP-10BTGBN) [Debug] 1 [PackageName] WindowsEditor [ProjectName] Editor" 

Player connection [16184] Host joined multi-casting on [225.0.0.222:54997]...
Player connection [16184] Host joined alternative multi-casting on [225.0.0.222:34997]...
JobSystem: Creating JobQueue using job-worker-count value 5
Input System module state changed to: Initialized.
[Physics::Module] Initialized fallback backend.
[Physics::Module] Id: 0xdecafbad
Library Redirect Path: Library/
[Physics::Module] Selected backend.
[Physics::Module] Name: PhysX
[Physics::Module] Id: 0xf2b8ea05
[Physics::Module] SDK Version: 4.1.2
[Physics::Module] Integration Version: 1.0.0
[Physics::Module] Threading Mode: Multi-Threaded
Initialize engine version: 6000.4.0f1 (8cf496087c8f)
[Subsystems] Discovering subsystems at path C:/Program Files/Unity/Hub/Editor/6000.4.0f1/Editor/Data/Resources/UnitySubsystems
[Subsystems] Discovering subsystems at path D:/School/QUT/IGB388/IGB101-Assignment-3/Assets
Forcing GfxDevice: Direct3D 12
GfxDevice: creating device client; kGfxThreadingModeNonThreaded
d3d12: failed to query info queue interface (0x80004002).
Direct3D:
    Version:         Direct3D 12 [level 12.2]
    Renderer:        AMD Radeon RX 6650 XT (ID=0x73ef)
    Vendor:          ATI
    VRAM:            8147 MB
    App VRAM Budget: 7379 MB
    Driver:          32.0.21043.10005
Initialize mono
Mono path[0] = 'C:/Program Files/Unity/Hub/Editor/6000.4.0f1/Editor/Data/Managed'
Mono path[1] = 'C:/Program Files/Unity/Hub/Editor/6000.4.0f1/Editor/Data/MonoBleedingEdge/lib/mono/unityjit-win32'
Mono config path = 'C:/Program Files/Unity/Hub/Editor/6000.4.0f1/Editor/Data/MonoBleedingEdge/etc'
Using monoOptions --debugger-agent=transport=dt_socket,embedding=1,server=y,suspend=n,address=127.0.0.1:56704
CodeReloadManager initialized
Begin MonoManager ReloadAssembly
Registering precompiled unity dll's ...
Register platform support module: C:/Program Files/Unity/Hub/Editor/6000.4.0f1/Editor/Data/PlaybackEngines/WebGLSupport/UnityEditor.WebGL.Extensions.dll
Register platform support module: C:/Program Files/Unity/Hub/Editor/6000.4.0f1/Editor/Data/PlaybackEngines/WindowsStandaloneSupport/UnityEditor.WindowsStandalone.Extensions.dll
Registered in 0.006208 seconds.
Native extension for WindowsStandalone target not found
Native extension for WebGL target not found
Package Manager log level set to [2]
[Package Manager] Failed to launch server process. Reason: Unity was launched with the -noUpm command-line argument
[Package Manager] Unable to send message (not connected to server process).
[Package Manager] Cannot connect to Unity Package Manager local server
ScheduleIndexationOnStartup MainProcess:False IndexOnStartup:True
Mono: successfully reloaded assembly
- Finished resetting the current domain, in  0.454 seconds
Domain Reload Profiling: 1160ms
	BeginReloadAssembly (218ms)
	RebuildCommonClasses (47ms)
	RebuildNativeTypeToScriptingClass (15ms)
	initialDomainReloadingComplete (116ms)
	LoadAllAssembliesAndSetupDomain (308ms)
		LoadAssemblies (202ms)
		AnalyzeDomain (296ms)
			TypeCache.Refresh (294ms)
				TypeCache.ScanAssembly (275ms)
	FinalizeReload (456ms)
		SetupLoadedEditorAssemblies (0ms)
			InitializePlatformSupportModulesInManaged (77ms)
			BeforeProcessingInitializeOnLoad (102ms)
			ProcessInitializeOnLoadAttributes (117ms)
			ProcessInitializeOnLoadMethodAttributes (85ms)
========================================================================
Worker process is ready to serve import requests
Import Worker Mode flag is 0x00
Begin MonoManager ReloadAssembly
[Licensing::Module] Licensing is not yet initialized.
[Licensing::Client] Error: HandshakeResponse reported an error:
	ResponseCode: 505
	ResponseStatus: Unsupported protocol version '1.18.1'.
[Licensing::Module] Error: Failed to handshake to channel: "LicenseClient-Marius"
[Licensing::IpcConnector] LicenseClient-Marius channel disconnected successfully.
[Licensing::IpcConnector] Successfully connected to: "LicenseClient-Marius-6000.4.0" at "2026-05-29T03:39:21.6592933Z"
[Licensing::Client] Handshaking with LicensingClient:
  Version:                 1.18.1+9fbee8e
  Session Id:              f242a1f28a114e0cb6d137f0c6524a14
  Correlation Id:          0c4333c15bd5d5aaf70c5b4a01a27baf
  External correlation Id: 3328836721790703159
  Machine Id:              y/MvuSKsyWDfieVo3Lj/6Sp878E=
[Licensing::Module] Successfully connected to LicensingClient on channel: "LicenseClient-Marius-6000.4.0" (connect: 0.00s, validation: 0.00s, handshake: 2.25s)
[Licensing::IpcConnector] Successfully connected to: "LicenseClient-Marius-6000.4.0-notifications" at "2026-05-29T03:39:23.9068856Z"
[Licensing::Module] Licensing Background thread has ended after 4.87s
[Licensing::Module] Licensing is initialized (took 2.77s).
[Licensing::Client] Successfully resolved entitlement details
[Licensing::Module] License group:
  Id: 16768057548538-UnityPersXXXX
  Product: Unity Personal
  Type: Assigned
  Expiration: Unlimited
Assembly Assembly-CSharp-Editor-firstpass.dll at Library/ScriptAssemblies/Assembly-CSharp-Editor-firstpass.dll not valid. Loading of assembly skipped.
Assembly Assembly-CSharp-Editor.dll at Library/ScriptAssemblies/Assembly-CSharp-Editor.dll not valid. Loading of assembly skipped.
Assembly Assembly-CSharp-firstpass.dll at Library/ScriptAssemblies/Assembly-CSharp-firstpass.dll not valid. Loading of assembly skipped.
Assembly Assembly-CSharp.dll at Library/ScriptAssemblies/Assembly-CSharp.dll not valid. Loading of assembly skipped.
Assembly Unity.Multiplayer.Center.Editor.Tests.dll at Library/ScriptAssemblies/Unity.Multiplayer.Center.Editor.Tests.dll not valid. Loading of assembly skipped.
Assembly Unity.Multiplayer.Center.Tests.dll at Library/ScriptAssemblies/Unity.Multiplayer.Center.Tests.dll not valid. Loading of assembly skipped.
Native extension for WindowsStandalone target not found
Native extension for WebGL target not found
[Package Manager] Failed to launch server process. Reason: Unity was launched with the -noUpm command-line argument
[Package Manager] Unable to send message (not connected to server process).
[Package Manager] Cannot connect to Unity Package Manager local server
ScheduleIndexationOnStartup MainProcess:False IndexOnStartup:True
Mono: successfully reloaded assembly
- Finished resetting the current domain, in  0.396 seconds
Domain Reload Profiling: 3559ms
	BeginReloadAssembly (3005ms)
		DisableScriptedObjects (6ms)
		CreateAndSetChildDomain (27ms)
	RebuildCommonClasses (47ms)
	RebuildNativeTypeToScriptingClass (15ms)
	initialDomainReloadingComplete (76ms)
	LoadAllAssembliesAndSetupDomain (18ms)
		LoadAssemblies (153ms)
		AnalyzeDomain (9ms)
			TypeCache.Refresh (7ms)
	FinalizeReload (398ms)
		SetupLoadedEditorAssemblies (0ms)
			InitializePlatformSupportModulesInManaged (3ms)
			BeforeProcessingInitializeOnLoad (115ms)
			ProcessInitializeOnLoadAttributes (91ms)
			ProcessInitializeOnLoadMethodAttributes (42ms)
			AfterProcessingInitializeOnLoad (23ms)
		AwakeInstancesAfterBackupRestoration (6ms)
Launched and connected shader compiler UnityShaderCompiler.exe after 0.01 seconds
Unloading 0 Unused Serialized files (Serialized files now loaded: 0)
Unloading 103 unused Assets / (32.4 KB). Loaded Objects now: 722.
Memory consumption went from 68.7 MB to 68.7 MB.
Total: 3.853300 ms (FindLiveObjects: 0.057400 ms CreateObjectMapping: 0.009000 ms MarkObjects: 3.679000 ms  DeleteObjects: 0.105900 ms)

========================================================================
Received Import Request.
  Time since last request: 17785.643086 seconds.
  path: Assets/Marius N11608412/Materials and Textures/Walls And Floors/Models/Stone/materials/Corner-Stone-Model-02.mat
  importAddress: Guid(ac40411b9455773439ac8c5675392892) Importer(815301076,1909f56bfc062723c751e8b465ee728b)
Start importing Assets/Marius N11608412/Materials and Textures/Walls And Floors/Models/Stone/materials/Corner-Stone-Model-02.mat using Guid(ac40411b9455773439ac8c5675392892) Importer(815301076,1909f56bfc062723c751e8b465ee728b) (PreviewImporter) -> (Import Result ID: 'd5b7c4da70e5c5e79465486f835e42be') in 0.1594198 seconds [static and dynamic dependencies]. Details - ImportResultOutputID=72ce89dc2e71c42c019fb546f0156f5a DependenciesID=820ce7f850893793b306ad468043d245 StaticDependenciesID=501adcc1c470022bb247d9dea89f1caa 
Number of updated asset objects reloaded before import = 0Number of asset objects unloaded after import = 2

========================================================================
Received Import Request.
  Time since last request: 0.000053 seconds.
  path: Assets/Marius N11608412/Materials and Textures/Walls And Floors/Models/Stone/materials/Door-Stone-Model-03.mat
  importAddress: Guid(fa7fadc7b74c7b44b80f5b0dea2d59f7) Importer(815301076,1909f56bfc062723c751e8b465ee728b)
Start importing Assets/Marius N11608412/Materials and Textures/Walls And Floors/Models/Stone/materials/Door-Stone-Model-03.mat using Guid(fa7fadc7b74c7b44b80f5b0dea2d59f7) Importer(815301076,1909f56bfc062723c751e8b465ee728b) (PreviewImporter) -> (Import Result ID: 'f0a01f08b972e7c03b17a3ea2a5ef1c9') in 0.0195984 seconds [static and dynamic dependencies]. Details - ImportResultOutputID=ad64835126cb505ae1a8b5220e10ee8d DependenciesID=0c879536d61f4fa73a4c4eba5a8e965f StaticDependenciesID=97ff1b0521ac281b4dd8eba6845645af 
Number of updated asset objects reloaded before import = 0Number of asset objects unloaded after import = 2

========================================================================
Received Import Request.
  Time since last request: 0.000032 seconds.
  path: Assets/Marius N11608412/Materials and Textures/Walls And Floors/Models/Stone/materials/Floor-Stone-Model-03 1.mat
  importAddress: Guid(e5379b3605544484cbfff4971a8b7450) Importer(815301076,1909f56bfc062723c751e8b465ee728b)
Start importing Assets/Marius N11608412/Materials and Textures/Walls And Floors/Models/Stone/materials/Floor-Stone-Model-03 1.mat using Guid(e5379b3605544484cbfff4971a8b7450) Importer(815301076,1909f56bfc062723c751e8b465ee728b) (PreviewImporter) -> (Import Result ID: '6650f9389662d5af52ca3cd6850ee9e4') in 0.0176759 seconds [static and dynamic dependencies]. Details - ImportResultOutputID=644fab57d71dd0dc991fc2c5e402ff4a DependenciesID=61cf7c591298eaa3b419ed61cdfe0e2f StaticDependenciesID=38bad7d01e19f4463f1d6f6787469006 
Number of updated asset objects reloaded before import = 0Number of asset objects unloaded after import = 2

========================================================================
Received Import Request.
  Time since last request: 0.000023 seconds.
  path: Assets/Marius N11608412/Materials and Textures/Walls And Floors/Models/Stone/materials/Wall-Stone-Model-01.mat
  importAddress: Guid(2a14c57a69e73d74d86c75e7fe903485) Importer(815301076,1909f56bfc062723c751e8b465ee728b)
Start importing Assets/Marius N11608412/Materials and Textures/Walls And Floors/Models/Stone/materials/Wall-Stone-Model-01.mat using Guid(2a14c57a69e73d74d86c75e7fe903485) Importer(815301076,1909f56bfc062723c751e8b465ee728b) (PreviewImporter) -> (Import Result ID: '0b645461f584a358f9eeb5d5457f86e0') in 0.0180836 seconds [static and dynamic dependencies]. Details - ImportResultOutputID=445d948d9c08c71060f3059a7a8b7426 DependenciesID=4d5597486392d77f955ab29b18667944 StaticDependenciesID=135ab88569e95722fe3a270a3ee55fdb 
Number of updated asset objects reloaded before import = 0Number of asset objects unloaded after import = 4

========================================================================
Received Import Request.
  Time since last request: 0.000021 seconds.
  path: Assets/Marius N11608412/Materials and Textures/Walls And Floors/Models/Stone/materials/Door-Stone-Model-02.mat
  importAddress: Guid(12c7faa25ab84cf47b63336a6f0eae56) Importer(815301076,1909f56bfc062723c751e8b465ee728b)
Start importing Assets/Marius N11608412/Materials and Textures/Walls And Floors/Models/Stone/materials/Door-Stone-Model-02.mat using Guid(12c7faa25ab84cf47b63336a6f0eae56) Importer(815301076,1909f56bfc062723c751e8b465ee728b) (PreviewImporter) -> (Import Result ID: '3f9da4047ac9e564861fabfcfb10a30f') in 0.0169122 seconds [static and dynamic dependencies]. Details - ImportResultOutputID=479ffaac490b770c777b60f254c092aa DependenciesID=4e16d4372692bd895f178b024dd3d543 StaticDependenciesID=8efc19fb7c69254e02e8326bcde8d39b 
Number of updated asset objects reloaded before import = 0Number of asset objects unloaded after import = 2

========================================================================
Received Import Request.
  Time since last request: 0.778059 seconds.
  path: Assets/Marius N11608412/Materials and Textures/Workshop 3 Materials/New Material 1.mat
  importAddress: Guid(07edc0d9aad15ed48998ee49bba3b313) Importer(2089858483,b0f066a214c2f5e87bad3c948f4d605d)
Start importing Assets/Marius N11608412/Materials and Textures/Workshop 3 Materials/New Material 1.mat using Guid(07edc0d9aad15ed48998ee49bba3b313) Importer(2089858483,b0f066a214c2f5e87bad3c948f4d605d) (ScriptedImporter) -> (Import Result ID: '4479e885b7a7ea1c3dd88fc618b57a55') in 0.1105836 seconds [static and dynamic dependencies]. Details - ImportResultOutputID=d44aa71f5cbff90d8d6bfd046399312e DependenciesID=ef55e4471508fb30526ff526c4a3f6ff StaticDependenciesID=d7e0009c730269c5b50603c6a12457b6 
Number of updated asset objects reloaded before import = 0Number of asset objects unloaded after import = 2

========================================================================
Received Import Request.
  Time since last request: 0.000021 seconds.
  path: Assets/Marius N11608412/Materials and Textures/Walls And Floors/Models/Stone/materials/Corner-Stone-Model-02.mat
  importAddress: Guid(ac40411b9455773439ac8c5675392892) Importer(2089858483,b0f066a214c2f5e87bad3c948f4d605d)
Start importing Assets/Marius N11608412/Materials and Textures/Walls And Floors/Models/Stone/materials/Corner-Stone-Model-02.mat using Guid(ac40411b9455773439ac8c5675392892) Importer(2089858483,b0f066a214c2f5e87bad3c948f4d605d) (ScriptedImporter) -> (Import Result ID: '4a55a148ebde7984627aaa7ddedcd894') in 0.0168326 seconds [static and dynamic dependencies]. Details - ImportResultOutputID=6103b56a443c5fdf7a5c1a3f33a1737e DependenciesID=388d0ce802552aa65be6b0da360628e0 StaticDependenciesID=d4dfc05c3ff28594fb09662ae09b5cde 
Number of updated asset objects reloaded before import = 0Number of asset objects unloaded after import = 2

========================================================================
Received Import Request.
  Time since last request: 0.000017 seconds.
  path: Assets/Marius N11608412/Materials and Textures/Walls And Floors/Models/Stone/materials/Floor-Stone-Model-03.mat
  importAddress: Guid(907d88b92f7d1bf499be0995fc4c75bc) Importer(2089858483,b0f066a214c2f5e87bad3c948f4d605d)
Start importing Assets/Marius N11608412/Materials and Textures/Walls And Floors/Models/Stone/materials/Floor-Stone-Model-03.mat using Guid(907d88b92f7d1bf499be0995fc4c75bc) Importer(2089858483,b0f066a214c2f5e87bad3c948f4d605d) (ScriptedImporter) -> (Import Result ID: '2b863fa541f39b9a0f64430200da761a') in 0.012488 seconds [static and dynamic dependencies]. Details - ImportResultOutputID=e619ac71147589634b71456dc5db90c2 DependenciesID=584a11a73c1195b103919b2479ccafc1 StaticDependenciesID=81c75834e12352b0cb2e26c6a99549ac 
Number of updated asset objects reloaded before import = 0Number of asset objects unloaded after import = 2

========================================================================
Received Import Request.
  Time since last request: 0.000021 seconds.
  path: Assets/Marius N11608412/Materials and Textures/Walls And Floors/Models/Stone/materials/Floor-Stone-Model-04.mat
  importAddress: Guid(3b751f6271dce7747ab89d83050d6315) Importer(2089858483,b0f066a214c2f5e87bad3c948f4d605d)
Start importing Assets/Marius N11608412/Materials and Textures/Walls And Floors/Models/Stone/materials/Floor-Stone-Model-04.mat using Guid(3b751f6271dce7747ab89d83050d6315) Importer(2089858483,b0f066a214c2f5e87bad3c948f4d605d) (ScriptedImporter) -> (Import Result ID: 'b79f0cf4ea0d5cfaf1be25f61284a5ce') in 0.012902 seconds [static and dynamic dependencies]. Details - ImportResultOutputID=7033de786f705a2d8a4be4ac7fe5be4f DependenciesID=c5556c6146ee2f7d50069dca55ba8077 StaticDependenciesID=6cd2dd9dce7fa3131e9282e9a81eaf92 
Number of updated asset objects reloaded before import = 0Number of asset objects unloaded after import = 2

========================================================================
Received Import Request.
  Time since last request: 0.000026 seconds.
  path: Assets/Marius N11608412/Materials and Textures/Workshop 3 Materials/Rock Texture.mat
  importAddress: Guid(c030fe1a69e6dcd4d9cd0b4f5b04236e) Importer(2089858483,b0f066a214c2f5e87bad3c948f4d605d)
Start importing Assets/Marius N11608412/Materials and Textures/Workshop 3 Materials/Rock Texture.mat using Guid(c030fe1a69e6dcd4d9cd0b4f5b04236e) Importer(2089858483,b0f066a214c2f5e87bad3c948f4d605d) (ScriptedImporter) -> (Import Result ID: 'a44b2bdc5708fb18c8347332814238c6') in 0.0286317 seconds [static and dynamic dependencies]. Details - ImportResultOutputID=408fb245df5f3cc21903cced6329ca76 DependenciesID=f321b07698cb23b2d5e5b559f0ad0e6e StaticDependenciesID=fd83ee6bb54317a1e1252ea40edd1f6c 
Number of updated asset objects reloaded before import = 0Number of asset objects unloaded after import = 3

========================================================================
Received Import Request.
  Time since last request: 0.000036 seconds.
  path: Assets/Marius N11608412/Materials and Textures/Ball.mat
  importAddress: Guid(165f5f485507a134db381de7f6582893) Importer(2089858483,b0f066a214c2f5e87bad3c948f4d605d)
Start importing Assets/Marius N11608412/Materials and Textures/Ball.mat using Guid(165f5f485507a134db381de7f6582893) Importer(2089858483,b0f066a214c2f5e87bad3c948f4d605d) (ScriptedImporter) -> (Import Result ID: 'a6c9469595e8ee036fb6d3fbc93325f7') in 0.0117214 seconds [static and dynamic dependencies]. Details - ImportResultOutputID=736998ab7c8137e30368c5e8b0ac525c DependenciesID=a08bdb6a36853bc4137d0b2ec65e879a StaticDependenciesID=dba6818a94059ba00f0a3c3ff61c1587 
Number of updated asset objects reloaded before import = 0Number of asset objects unloaded after import = 1

========================================================================
Received Import Request.
  Time since last request: 0.000030 seconds.
  path: Assets/Marius N11608412/Materials and Textures/Walls And Floors/Models/Stone/materials/Door-Stone-Model-02.mat
  importAddress: Guid(12c7faa25ab84cf47b63336a6f0eae56) Importer(2089858483,b0f066a214c2f5e87bad3c948f4d605d)
Start importing Assets/Marius N11608412/Materials and Textures/Walls And Floors/Models/Stone/materials/Door-Stone-Model-02.mat using Guid(12c7faa25ab84cf47b63336a6f0eae56) Importer(2089858483,b0f066a214c2f5e87bad3c948f4d605d) (ScriptedImporter) -> (Import Result ID: 'fee3a1f6ff7eda02b26e6ba70f78b09d') in 0.0128615 seconds [static and dynamic dependencies]. Details - ImportResultOutputID=0578704edca4ee5361049aae35657162 DependenciesID=5ad2df7e90064c0aa0d32bb42bb57d51 StaticDependenciesID=b9da3129aa1692059c74c69d55b5680f 
Number of updated asset objects reloaded before import = 0Number of asset objects unloaded after import = 2

========================================================================
Received Import Request.
  Time since last request: 0.000019 seconds.
  path: Assets/Marius N11608412/Materials and Textures/Walls And Floors/Models/Stone/materials/Floor-Stone-Model-03 2.mat
  importAddress: Guid(329d7b4f3215a4a44a36c685cdaebf84) Importer(2089858483,b0f066a214c2f5e87bad3c948f4d605d)
Start importing Assets/Marius N11608412/Materials and Textures/Walls And Floors/Models/Stone/materials/Floor-Stone-Model-03 2.mat using Guid(329d7b4f3215a4a44a36c685cdaebf84) Importer(2089858483,b0f066a214c2f5e87bad3c948f4d605d) (ScriptedImporter) -> (Import Result ID: '3fcd4281c6ac6cff90d8e137fbef7fe3') in 0.0136681 seconds [static and dynamic dependencies]. Details - ImportResultOutputID=b0a938bb673c8f3e518aa5c1e688d12f DependenciesID=1881f67852cb0db9d3962fd92200409a StaticDependenciesID=411868fc35f3804b4093157cd38b8447 
Number of updated asset objects reloaded before import = 0Number of asset objects unloaded after import = 2

========================================================================
Received Import Request.
  Time since last request: 0.000023 seconds.
  path: Assets/Marius N11608412/Materials and Textures/Walls And Floors/Models/Stone/materials/Wall-Stone-Model-03.mat
  importAddress: Guid(2161f28328ad88948a3b77d2aecd79bd) Importer(2089858483,b0f066a214c2f5e87bad3c948f4d605d)
Start importing Assets/Marius N11608412/Materials and Textures/Walls And Floors/Models/Stone/materials/Wall-Stone-Model-03.mat using Guid(2161f28328ad88948a3b77d2aecd79bd) Importer(2089858483,b0f066a214c2f5e87bad3c948f4d605d) (ScriptedImporter) -> (Import Result ID: '780cc1e22b79d5e8bd7b3ef7aeeb635f') in 0.0175413 seconds [static and dynamic dependencies]. Details - ImportResultOutputID=1349d7dab0297ee4f584cd18e1d367af DependenciesID=523b3c3ed6a1f9bf46801a9d55920224 StaticDependenciesID=10d6ce3435a19c36d0eb6c03130ac21a 
Number of updated asset objects reloaded before import = 0Number of asset objects unloaded after import = 2

========================================================================
Received Import Request.
  Time since last request: 0.000024 seconds.
  path: Assets/Marius N11608412/Materials and Textures/Walls And Floors/Models/Stone/materials/Corner-Stone-Model-04.mat
  importAddress: Guid(9c1fdc88dd11f204e83af10d0d8bf680) Importer(2089858483,b0f066a214c2f5e87bad3c948f4d605d)
Start importing Assets/Marius N11608412/Materials and Textures/Walls And Floors/Models/Stone/materials/Corner-Stone-Model-04.mat using Guid(9c1fdc88dd11f204e83af10d0d8bf680) Importer(2089858483,b0f066a214c2f5e87bad3c948f4d605d) (ScriptedImporter) -> (Import Result ID: '3fc17017a0621ce7abb22e5edb90bdf2') in 0.014323 seconds [static and dynamic dependencies]. Details - ImportResultOutputID=4545ea055e77a91a2d7e22acaa31a690 DependenciesID=96e05e9a414922e3a8f03199a0f79a77 StaticDependenciesID=b5e4095f745af1f7700b933cf7f45026 
Number of updated asset objects reloaded before import = 0Number of asset objects unloaded after import = 2

========================================================================
Received Import Request.
  Time since last request: 0.000020 seconds.
  path: Assets/Marius N11608412/Materials and Textures/New Material.mat
  importAddress: Guid(c89452939738aca48bf43018d70f3302) Importer(2089858483,b0f066a214c2f5e87bad3c948f4d605d)
Start importing Assets/Marius N11608412/Materials and Textures/New Material.mat using Guid(c89452939738aca48bf43018d70f3302) Importer(2089858483,b0f066a214c2f5e87bad3c948f4d605d) (ScriptedImporter) -> (Import Result ID: '2636ed4422155a22420cf2048668253a') in 0.0132005 seconds [static and dynamic dependencies]. Details - ImportResultOutputID=9a4b404f34c3d1e6f8c93cc42a1b1df0 DependenciesID=5b55798a99ca95c011a1008341947a10 StaticDependenciesID=bafd34bd19e6ea8c9d1ea88f99a5a92a 
Number of updated asset objects reloaded before import = 0Number of asset objects unloaded after import = 1

========================================================================
Received Import Request.
  Time since last request: 0.000037 seconds.
  path: Assets/Marius N11608412/Materials and Textures/Workshop 3 Materials/Materials/Wood Testure Seamless.mat
  importAddress: Guid(29661d65cdee0b4408bad61caf7192c4) Importer(2089858483,b0f066a214c2f5e87bad3c948f4d605d)
Start importing Assets/Marius N11608412/Materials and Textures/Workshop 3 Materials/Materials/Wood Testure Seamless.mat using Guid(29661d65cdee0b4408bad61caf7192c4) Importer(2089858483,b0f066a214c2f5e87bad3c948f4d605d) (ScriptedImporter) -> (Import Result ID: '376b2ff7938e736e48caf520b6202811') in 0.0160569 seconds [static and dynamic dependencies]. Details - ImportResultOutputID=a8388babfeba9ba0234ab16b4d677bf0 DependenciesID=7859928185085feb2069242d97e11e0e StaticDependenciesID=1b7f6eef55aac7370cdba163d34313d3 
Number of updated asset objects reloaded before import = 0Number of asset objects unloaded after import = 2

========================================================================
Received Import Request.
  Time since last request: 0.000022 seconds.
  path: Assets/Marius N11608412/Materials and Textures/Walls And Floors/Models/Stone/materials/Floor-Stone-Model-03 1.mat
  importAddress: Guid(e5379b3605544484cbfff4971a8b7450) Importer(2089858483,b0f066a214c2f5e87bad3c948f4d605d)
Start importing Assets/Marius N11608412/Materials and Textures/Walls And Floors/Models/Stone/materials/Floor-Stone-Model-03 1.mat using Guid(e5379b3605544484cbfff4971a8b7450) Importer(2089858483,b0f066a214c2f5e87bad3c948f4d605d) (ScriptedImporter) -> (Import Result ID: '4a6d5b62d1ddf145dd933f52c3402058') in 0.0131034 seconds [static and dynamic dependencies]. Details - ImportResultOutputID=ae6e2733e66c30e340bac1d24b45e868 DependenciesID=260578a044acd9897bbf495672389232 StaticDependenciesID=7c6f551baf098443873a7af0ac79b901 
Number of updated asset objects reloaded before import = 0Number of asset objects unloaded after import = 2

========================================================================
Received Prepare
Unloading 0 Unused Serialized files (Serialized files now loaded: 0)
Unloading 67 unused Assets / (1.0 KB). Loaded Objects now: 731.
Memory consumption went from 70.0 MB to 70.0 MB.
Total: 7.717300 ms (FindLiveObjects: 0.093200 ms CreateObjectMapping: 0.012100 ms MarkObjects: 7.511500 ms  DeleteObjects: 0.098600 ms)

Prepare: number of updated asset objects reloaded= 14
========================================================================
Received Prepare
Begin MonoManager ReloadAssembly
[Licensing::Client] Successfully resolved entitlement details
Assembly Assembly-CSharp-Editor-firstpass.dll at Library/ScriptAssemblies/Assembly-CSharp-Editor-firstpass.dll not valid. Loading of assembly skipped.
Assembly Assembly-CSharp-Editor.dll at Library/ScriptAssemblies/Assembly-CSharp-Editor.dll not valid. Loading of assembly skipped.
Assembly Assembly-CSharp-firstpass.dll at Library/ScriptAssemblies/Assembly-CSharp-firstpass.dll not valid. Loading of assembly skipped.
Assembly Unity.Multiplayer.Center.Editor.Tests.dll at Library/ScriptAssemblies/Unity.Multiplayer.Center.Editor.Tests.dll not valid. Loading of assembly skipped.
Assembly Unity.Multiplayer.Center.Tests.dll at Library/ScriptAssemblies/Unity.Multiplayer.Center.Tests.dll not valid. Loading of assembly skipped.
Assembly Unity.TextMeshPro.Editor.Tests.dll at Library/ScriptAssemblies/Unity.TextMeshPro.Editor.Tests.dll not valid. Loading of assembly skipped.
Assembly Unity.TextMeshPro.Tests.dll at Library/ScriptAssemblies/Unity.TextMeshPro.Tests.dll not valid. Loading of assembly skipped.
Assembly UnityEditor.UI.Common.Tests.dll at Library/ScriptAssemblies/UnityEditor.UI.Common.Tests.dll not valid. Loading of assembly skipped.
Assembly UnityEditor.UI.EditorTests.dll at Library/ScriptAssemblies/UnityEditor.UI.EditorTests.dll not valid. Loading of assembly skipped.
Assembly UnityEngine.UI.Tests.dll at Library/ScriptAssemblies/UnityEngine.UI.Tests.dll not valid. Loading of assembly skipped.
Assertion failed on expression: 'pred(*previous, *i)'
Assertion failed on expression: 'pred(*previous, *i)'
Assertion failed on expression: 'pred(*previous, *i)'
Assertion failed on expression: 'pred(*previous, *i)'
Assertion failed on expression: 'pred(*previous, *i)'
Assertion failed on expression: 'pred(*previous, *i)'
Assertion failed on expression: 'pred(*previous, *i)'
Assertion failed on expression: 'pred(*previous, *i)'
Assertion failed on expression: 'pred(*previous, *i)'
Assertion failed on expression: 'pred(*previous, *i)'
Assertion failed on expression: 'pred(*previous, *i)'
Assertion failed on expression: 'pred(*previous, *i)'
Assertion failed on expression: 'pred(*previous, *i)'
Assertion failed on expression: 'pred(*previous, *i)'
Assertion failed on expression: 'pred(*previous, *i)'
Native extension for WindowsStandalone target not found
Native extension for WebGL target not found
[Package Manager] Failed to launch server process. Reason: Unity was launched with the -noUpm command-line argument
[Package Manager] Unable to send message (not connected to server process).
[Package Manager] Cannot connect to Unity Package Manager local server
ScheduleIndexationOnStartup MainProcess:False IndexOnStartup:True
Mono: successfully reloaded assembly
- Finished resetting the current domain, in  0.430 seconds
Domain Reload Profiling: 877ms
	BeginReloadAssembly (261ms)
		DisableScriptedObjects (5ms)
		CreateAndSetChildDomain (24ms)
	RebuildCommonClasses (47ms)
	RebuildNativeTypeToScriptingClass (15ms)
	initialDomainReloadingComplete (90ms)
	LoadAllAssembliesAndSetupDomain (32ms)
		LoadAssemblies (177ms)
		AnalyzeDomain (21ms)
			TypeCache.Refresh (12ms)
				TypeCache.ScanAssembly (7ms)
			BuildScriptInfoCaches (5ms)
			ResolveRequiredComponents (3ms)
	FinalizeReload (432ms)
		SetupLoadedEditorAssemblies (0ms)
			BeforeProcessingInitializeOnLoad (126ms)
			ProcessInitializeOnLoadAttributes (90ms)
			ProcessInitializeOnLoadMethodAttributes (49ms)
			AfterProcessingInitializeOnLoad (30ms)
		AwakeInstancesAfterBackupRestoration (8ms)
Unloading 1 Unused Serialized files (Serialized files now loaded: 0)
Unloading 425 unused Assets / (145.4 KB). Loaded Objects now: 1073.
Memory consumption went from 72.0 MB to 71.8 MB.
Total: 6.353500 ms (FindLiveObjects: 0.145900 ms CreateObjectMapping: 0.035500 ms MarkObjects: 5.922900 ms  DeleteObjects: 0.247700 ms)

Prepare: number of updated asset objects reloaded= 0
========================================================================
Received Prepare
Begin MonoManager ReloadAssembly
[Licensing::Client] Successfully resolved entitlement details
Assembly Assembly-CSharp-Editor-firstpass.dll at Library/ScriptAssemblies/Assembly-CSharp-Editor-firstpass.dll not valid. Loading of assembly skipped.
Assembly Assembly-CSharp-Editor.dll at Library/ScriptAssemblies/Assembly-CSharp-Editor.dll not valid. Loading of assembly skipped.
Assembly Assembly-CSharp-firstpass.dll at Library/ScriptAssemblies/Assembly-CSharp-firstpass.dll not valid. Loading of assembly skipped.
Assembly Unity.Multiplayer.Center.Editor.Tests.dll at Library/ScriptAssemblies/Unity.Multiplayer.Center.Editor.Tests.dll not valid. Loading of assembly skipped.
Assembly Unity.Multiplayer.Center.Tests.dll at Library/ScriptAssemblies/Unity.Multiplayer.Center.Tests.dll not valid. Loading of assembly skipped.
Assembly Unity.TextMeshPro.Editor.Tests.dll at Library/ScriptAssemblies/Unity.TextMeshPro.Editor.Tests.dll not valid. Loading of assembly skipped.
Assembly Unity.TextMeshPro.Tests.dll at Library/ScriptAssemblies/Unity.TextMeshPro.Tests.dll not valid. Loading of assembly skipped.
Assembly UnityEditor.UI.Common.Tests.dll at Library/ScriptAssemblies/UnityEditor.UI.Common.Tests.dll not valid. Loading of assembly skipped.
Assembly UnityEditor.UI.EditorTests.dll at Library/ScriptAssemblies/UnityEditor.UI.EditorTests.dll not valid. Loading of assembly skipped.
Assembly UnityEngine.UI.Tests.dll at Library/ScriptAssemblies/UnityEngine.UI.Tests.dll not valid. Loading of assembly skipped.
Assertion failed on expression: 'pred(*previous, *i)'
Assertion failed on expression: 'pred(*previous, *i)'
Assertion failed on expression: 'pred(*previous, *i)'
Assertion failed on expression: 'pred(*previous, *i)'
Assertion failed on expression: 'pred(*previous, *i)'
Assertion failed on expression: 'pred(*previous, *i)'
Assertion failed on expression: 'pred(*previous, *i)'
Assertion failed on expression: 'pred(*previous, *i)'
Assertion failed on expression: 'pred(*previous, *i)'
Assertion failed on expression: 'pred(*previous, *i)'
Assertion failed on expression: 'pred(*previous, *i)'
Assertion failed on expression: 'pred(*previous, *i)'
Assertion failed on expression: 'pred(*previous, *i)'
Assertion failed on expression: 'pred(*previous, *i)'
Assertion failed on expression: 'pred(*previous, *i)'
Native extension for WindowsStandalone target not found
Native extension for WebGL target not found
[Package Manager] Failed to launch server process. Reason: Unity was launched with the -noUpm command-line argument
[Package Manager] Unable to send message (not connected to server process).
[Package Manager] Cannot connect to Unity Package Manager local server
ScheduleIndexationOnStartup MainProcess:False IndexOnStartup:True
Mono: successfully reloaded assembly
- Finished resetting the current domain, in  0.445 seconds
Domain Reload Profiling: 904ms
	BeginReloadAssembly (266ms)
		DisableScriptedObjects (6ms)
		CreateAndSetChildDomain (24ms)
	RebuildCommonClasses (49ms)
	RebuildNativeTypeToScriptingClass (16ms)
	initialDomainReloadingComplete (96ms)
	LoadAllAssembliesAndSetupDomain (31ms)
		LoadAssemblies (183ms)
		AnalyzeDomain (19ms)
			TypeCache.Refresh (5ms)
			BuildScriptInfoCaches (10ms)
			ResolveRequiredComponents (3ms)
	FinalizeReload (446ms)
		SetupLoadedEditorAssemblies (0ms)
			InitializePlatformSupportModulesInManaged (3ms)
			BeforeProcessingInitializeOnLoad (130ms)
			ProcessInitializeOnLoadAttributes (101ms)
			ProcessInitializeOnLoadMethodAttributes (46ms)
			AfterProcessingInitializeOnLoad (26ms)
		AwakeInstancesAfterBackupRestoration (7ms)
Unloading 15 Unused Serialized files (Serialized files now loaded: 0)
Unloading 439 unused Assets / (1.1 MB). Loaded Objects now: 1073.
Memory consumption went from 76.4 MB to 75.3 MB.
Total: 4.640700 ms (FindLiveObjects: 0.098900 ms CreateObjectMapping: 0.022600 ms MarkObjects: 3.845400 ms  DeleteObjects: 0.672700 ms)

Prepare: number of updated asset objects reloaded= 0
========================================================================
Received Prepare
Begin MonoManager ReloadAssembly
[Licensing::Client] Successfully resolved entitlement details
Assembly Assembly-CSharp-Editor-firstpass.dll at Library/ScriptAssemblies/Assembly-CSharp-Editor-firstpass.dll not valid. Loading of assembly skipped.
Assembly Assembly-CSharp-Editor.dll at Library/ScriptAssemblies/Assembly-CSharp-Editor.dll not valid. Loading of assembly skipped.
Assembly Assembly-CSharp-firstpass.dll at Library/ScriptAssemblies/Assembly-CSharp-firstpass.dll not valid. Loading of assembly skipped.
Assembly Unity.Multiplayer.Center.Editor.Tests.dll at Library/ScriptAssemblies/Unity.Multiplayer.Center.Editor.Tests.dll not valid. Loading of assembly skipped.
Assembly Unity.Multiplayer.Center.Tests.dll at Library/ScriptAssemblies/Unity.Multiplayer.Center.Tests.dll not valid. Loading of assembly skipped.
Assembly Unity.TextMeshPro.Editor.Tests.dll at Library/ScriptAssemblies/Unity.TextMeshPro.Editor.Tests.dll not valid. Loading of assembly skipped.
Assembly Unity.TextMeshPro.Tests.dll at Library/ScriptAssemblies/Unity.TextMeshPro.Tests.dll not valid. Loading of assembly skipped.
Assembly UnityEditor.UI.Common.Tests.dll at Library/ScriptAssemblies/UnityEditor.UI.Common.Tests.dll not valid. Loading of assembly skipped.
Assembly UnityEditor.UI.EditorTests.dll at Library/ScriptAssemblies/UnityEditor.UI.EditorTests.dll not valid. Loading of assembly skipped.
Assembly UnityEngine.UI.Tests.dll at Library/ScriptAssemblies/UnityEngine.UI.Tests.dll not valid. Loading of assembly skipped.
Assertion failed on expression: 'pred(*previous, *i)'
Assertion failed on expression: 'pred(*previous, *i)'
Assertion failed on expression: 'pred(*previous, *i)'
Assertion failed on expression: 'pred(*previous, *i)'
Assertion failed on expression: 'pred(*previous, *i)'
Assertion failed on expression: 'pred(*previous, *i)'
Assertion failed on expression: 'pred(*previous, *i)'
Assertion failed on expression: 'pred(*previous, *i)'
Assertion failed on expression: 'pred(*previous, *i)'
Assertion failed on expression: 'pred(*previous, *i)'
Assertion failed on expression: 'pred(*previous, *i)'
Assertion failed on expression: 'pred(*previous, *i)'
Assertion failed on expression: 'pred(*previous, *i)'
Assertion failed on expression: 'pred(*previous, *i)'
Assertion failed on expression: 'pred(*previous, *i)'
Native extension for WindowsStandalone target not found
Native extension for WebGL target not found
[Package Manager] Failed to launch server process. Reason: Unity was launched with the -noUpm command-line argument
[Package Manager] Unable to send message (not connected to server process).
[Package Manager] Cannot connect to Unity Package Manager local server
ScheduleIndexationOnStartup MainProcess:False IndexOnStartup:True
Mono: successfully reloaded assembly
- Finished resetting the current domain, in  0.458 seconds
Domain Reload Profiling: 926ms
	BeginReloadAssembly (277ms)
		DisableScriptedObjects (6ms)
		CreateAndSetChildDomain (27ms)
	RebuildCommonClasses (50ms)
	RebuildNativeTypeToScriptingClass (15ms)
	initialDomainReloadingComplete (93ms)
	LoadAllAssembliesAndSetupDomain (31ms)
		LoadAssemblies (186ms)
		AnalyzeDomain (18ms)
			TypeCache.Refresh (4ms)
			BuildScriptInfoCaches (10ms)
			ResolveRequiredComponents (3ms)
	FinalizeReload (459ms)
		SetupLoadedEditorAssemblies (0ms)
			InitializePlatformSupportModulesInManaged (3ms)
			BeforeProcessingInitializeOnLoad (134ms)
			ProcessInitializeOnLoadAttributes (106ms)
			ProcessInitializeOnLoadMethodAttributes (49ms)
			AfterProcessingInitializeOnLoad (29ms)
		AwakeInstancesAfterBackupRestoration (7ms)
Unloading 15 Unused Serialized files (Serialized files now loaded: 0)
Unloading 439 unused Assets / (1.1 MB). Loaded Objects now: 1073.
Memory consumption went from 76.6 MB to 75.5 MB.
Total: 4.613700 ms (FindLiveObjects: 0.099100 ms CreateObjectMapping: 0.021200 ms MarkObjects: 3.967600 ms  DeleteObjects: 0.525000 ms)

Prepare: number of updated asset objects reloaded= 0
========================================================================
Received Prepare
Begin MonoManager ReloadAssembly
Assembly Assembly-CSharp-Editor-firstpass.dll at Library/ScriptAssemblies/Assembly-CSharp-Editor-firstpass.dll not valid. Loading of assembly skipped.
Assembly Assembly-CSharp-Editor.dll at Library/ScriptAssemblies/Assembly-CSharp-Editor.dll not valid. Loading of assembly skipped.
Assembly Assembly-CSharp-firstpass.dll at Library/ScriptAssemblies/Assembly-CSharp-firstpass.dll not valid. Loading of assembly skipped.
Assembly Unity.Multiplayer.Center.Editor.Tests.dll at Library/ScriptAssemblies/Unity.Multiplayer.Center.Editor.Tests.dll not valid. Loading of assembly skipped.
Assembly Unity.Multiplayer.Center.Tests.dll at Library/ScriptAssemblies/Unity.Multiplayer.Center.Tests.dll not valid. Loading of assembly skipped.
Assembly Unity.TextMeshPro.Editor.Tests.dll at Library/ScriptAssemblies/Unity.TextMeshPro.Editor.Tests.dll not valid. Loading of assembly skipped.
Assembly Unity.TextMeshPro.Tests.dll at Library/ScriptAssemblies/Unity.TextMeshPro.Tests.dll not valid. Loading of assembly skipped.
Assembly UnityEditor.UI.Common.Tests.dll at Library/ScriptAssemblies/UnityEditor.UI.Common.Tests.dll not valid. Loading of assembly skipped.
Assembly UnityEditor.UI.EditorTests.dll at Library/ScriptAssemblies/UnityEditor.UI.EditorTests.dll not valid. Loading of assembly skipped.
Assembly UnityEngine.UI.Tests.dll at Library/ScriptAssemblies/UnityEngine.UI.Tests.dll not valid. Loading of assembly skipped.
Assertion failed on expression: 'pred(*previous, *i)'
Assertion failed on expression: 'pred(*previous, *i)'
Assertion failed on expression: 'pred(*previous, *i)'
Assertion failed on expression: 'pred(*previous, *i)'
Assertion failed on expression: 'pred(*previous, *i)'
Assertion failed on expression: 'pred(*previous, *i)'
Assertion failed on expression: 'pred(*previous, *i)'
Assertion failed on expression: 'pred(*previous, *i)'
Assertion failed on expression: 'pred(*previous, *i)'
Assertion failed on expression: 'pred(*previous, *i)'
Assertion failed on expression: 'pred(*previous, *i)'
Assertion failed on expression: 'pred(*previous, *i)'
Assertion failed on expression: 'pred(*previous, *i)'
Assertion failed on expression: 'pred(*previous, *i)'
Native extension for WindowsStandalone target not found
Native extension for WebGL target not found
[Package Manager] Failed to launch server process. Reason: Unity was launched with the -noUpm command-line argument
[Package Manager] Unable to send message (not connected to server process).
[Package Manager] Cannot connect to Unity Package Manager local server
ScheduleIndexationOnStartup MainProcess:False IndexOnStartup:True
Mono: successfully reloaded assembly
- Finished resetting the current domain, in  0.449 seconds
Domain Reload Profiling: 906ms
	BeginReloadAssembly (270ms)
		DisableScriptedObjects (6ms)
		CreateAndSetChildDomain (25ms)
	RebuildCommonClasses (49ms)
	RebuildNativeTypeToScriptingClass (15ms)
	initialDomainReloadingComplete (91ms)
	LoadAllAssembliesAndSetupDomain (30ms)
		LoadAssemblies (189ms)
		AnalyzeDomain (18ms)
			TypeCache.Refresh (4ms)
			BuildScriptInfoCaches (9ms)
			ResolveRequiredComponents (3ms)
	FinalizeReload (450ms)
		SetupLoadedEditorAssemblies (0ms)
			InitializePlatformSupportModulesInManaged (3ms)
			BeforeProcessingInitializeOnLoad (133ms)
			ProcessInitializeOnLoadAttributes (100ms)
			ProcessInitializeOnLoadMethodAttributes (46ms)
			AfterProcessingInitializeOnLoad (28ms)
		AwakeInstancesAfterBackupRestoration (7ms)
Unloading 15 Unused Serialized files (Serialized files now loaded: 0)
Unloading 439 unused Assets / (1.1 MB). Loaded Objects now: 1073.
Memory consumption went from 76.7 MB to 75.6 MB.
Total: 4.809900 ms (FindLiveObjects: 0.122200 ms CreateObjectMapping: 0.027000 ms MarkObjects: 4.098700 ms  DeleteObjects: 0.560400 ms)

Prepare: number of updated asset objects reloaded= 0
========================================================================
Received Prepare
Begin MonoManager ReloadAssembly
[Licensing::Client] Successfully resolved entitlement details
Assembly Assembly-CSharp-Editor-firstpass.dll at Library/ScriptAssemblies/Assembly-CSharp-Editor-firstpass.dll not valid. Loading of assembly skipped.
Assembly Assembly-CSharp-Editor.dll at Library/ScriptAssemblies/Assembly-CSharp-Editor.dll not valid. Loading of assembly skipped.
Assembly Assembly-CSharp-firstpass.dll at Library/ScriptAssemblies/Assembly-CSharp-firstpass.dll not valid. Loading of assembly skipped.
Assembly Unity.Multiplayer.Center.Editor.Tests.dll at Library/ScriptAssemblies/Unity.Multiplayer.Center.Editor.Tests.dll not valid. Loading of assembly skipped.
Assembly Unity.Multiplayer.Center.Tests.dll at Library/ScriptAssemblies/Unity.Multiplayer.Center.Tests.dll not valid. Loading of assembly skipped.
Assembly Unity.TextMeshPro.Editor.Tests.dll at Library/ScriptAssemblies/Unity.TextMeshPro.Editor.Tests.dll not valid. Loading of assembly skipped.
Assembly Unity.TextMeshPro.Tests.dll at Library/ScriptAssemblies/Unity.TextMeshPro.Tests.dll not valid. Loading of assembly skipped.
Assembly UnityEditor.UI.Common.Tests.dll at Library/ScriptAssemblies/UnityEditor.UI.Common.Tests.dll not valid. Loading of assembly skipped.
Assembly UnityEditor.UI.EditorTests.dll at Library/ScriptAssemblies/UnityEditor.UI.EditorTests.dll not valid. Loading of assembly skipped.
Assembly UnityEngine.UI.Tests.dll at Library/ScriptAssemblies/UnityEngine.UI.Tests.dll not valid. Loading of assembly skipped.
Assertion failed on expression: 'pred(*previous, *i)'
Assertion failed on expression: 'pred(*previous, *i)'
Assertion failed on expression: 'pred(*previous, *i)'
Assertion failed on expression: 'pred(*previous, *i)'
Assertion failed on expression: 'pred(*previous, *i)'
Assertion failed on expression: 'pred(*previous, *i)'
Assertion failed on expression: 'pred(*previous, *i)'
Assertion failed on expression: 'pred(*previous, *i)'
Assertion failed on expression: 'pred(*previous, *i)'
Assertion failed on expression: 'pred(*previous, *i)'
Assertion failed on expression: 'pred(*previous, *i)'
Assertion failed on expression: 'pred(*previous, *i)'
Assertion failed on expression: 'pred(*previous, *i)'
Assertion failed on expression: 'pred(*previous, *i)'
Native extension for WindowsStandalone target not found
Native extension for WebGL target not found
[Package Manager] Failed to launch server process. Reason: Unity was launched with the -noUpm command-line argument
[Package Manager] Unable to send message (not connected to server process).
[Package Manager] Cannot connect to Unity Package Manager local server
ScheduleIndexationOnStartup MainProcess:False IndexOnStartup:True
Mono: successfully reloaded assembly
- Finished resetting the current domain, in  0.525 seconds
Domain Reload Profiling: 983ms
	BeginReloadAssembly (270ms)
		DisableScriptedObjects (6ms)
		CreateAndSetChildDomain (24ms)
	RebuildCommonClasses (48ms)
	RebuildNativeTypeToScriptingClass (16ms)
	initialDomainReloadingComplete (92ms)
	LoadAllAssembliesAndSetupDomain (30ms)
		LoadAssemblies (185ms)
		AnalyzeDomain (17ms)
			TypeCache.Refresh (4ms)
			BuildScriptInfoCaches (9ms)
			ResolveRequiredComponents (3ms)
	FinalizeReload (527ms)
		SetupLoadedEditorAssemblies (0ms)
			InitializePlatformSupportModulesInManaged (3ms)
			BeforeProcessingInitializeOnLoad (167ms)
			ProcessInitializeOnLoadAttributes (115ms)
			ProcessInitializeOnLoadMethodAttributes (56ms)
			AfterProcessingInitializeOnLoad (32ms)
		AwakeInstancesAfterBackupRestoration (8ms)
Unloading 15 Unused Serialized files (Serialized files now loaded: 0)
Unloading 439 unused Assets / (1.1 MB). Loaded Objects now: 1073.
Memory consumption went from 76.9 MB to 75.8 MB.
Total: 5.549400 ms (FindLiveObjects: 0.141700 ms CreateObjectMapping: 0.023000 ms MarkObjects: 4.510300 ms  DeleteObjects: 0.872700 ms)

Prepare: number of updated asset objects reloaded= 0
========================================================================
Received Prepare
Unloading 15 Unused Serialized files (Serialized files now loaded: 0)
Unloading 441 unused Assets / (1.1 MB). Loaded Objects now: 1075.
Memory consumption went from 77.3 MB to 76.2 MB.
Total: 5.645300 ms (FindLiveObjects: 0.168900 ms CreateObjectMapping: 0.025000 ms MarkObjects: 4.560200 ms  DeleteObjects: 0.888800 ms)

Prepare: number of updated asset objects reloaded= 0
========================================================================
Received Prepare
Begin MonoManager ReloadAssembly
[Licensing::Client] Successfully resolved entitlement details
Assembly Assembly-CSharp-Editor-firstpass.dll at Library/ScriptAssemblies/Assembly-CSharp-Editor-firstpass.dll not valid. Loading of assembly skipped.
Assembly Assembly-CSharp-Editor.dll at Library/ScriptAssemblies/Assembly-CSharp-Editor.dll not valid. Loading of assembly skipped.
Assembly Assembly-CSharp-firstpass.dll at Library/ScriptAssemblies/Assembly-CSharp-firstpass.dll not valid. Loading of assembly skipped.
Assembly Unity.Multiplayer.Center.Editor.Tests.dll at Library/ScriptAssemblies/Unity.Multiplayer.Center.Editor.Tests.dll not valid. Loading of assembly skipped.
Assembly Unity.Multiplayer.Center.Tests.dll at Library/ScriptAssemblies/Unity.Multiplayer.Center.Tests.dll not valid. Loading of assembly skipped.
Assembly Unity.TextMeshPro.Editor.Tests.dll at Library/ScriptAssemblies/Unity.TextMeshPro.Editor.Tests.dll not valid. Loading of assembly skipped.
Assembly Unity.TextMeshPro.Tests.dll at Library/ScriptAssemblies/Unity.TextMeshPro.Tests.dll not valid. Loading of assembly skipped.
Assembly UnityEditor.UI.Common.Tests.dll at Library/ScriptAssemblies/UnityEditor.UI.Common.Tests.dll not valid. Loading of assembly skipped.
Assembly UnityEditor.UI.EditorTests.dll at Library/ScriptAssemblies/UnityEditor.UI.EditorTests.dll not valid. Loading of assembly skipped.
Assembly UnityEngine.UI.Tests.dll at Library/ScriptAssemblies/UnityEngine.UI.Tests.dll not valid. Loading of assembly skipped.
Assertion failed on expression: 'pred(*previous, *i)'
Assertion failed on expression: 'pred(*previous, *i)'
Assertion failed on expression: 'pred(*previous, *i)'
Assertion failed on expression: 'pred(*previous, *i)'
Assertion failed on expression: 'pred(*previous, *i)'
Assertion failed on expression: 'pred(*previous, *i)'
Assertion failed on expression: 'pred(*previous, *i)'
Assertion failed on expression: 'pred(*previous, *i)'
Assertion failed on expression: 'pred(*previous, *i)'
Assertion failed on expression: 'pred(*previous, *i)'
Assertion failed on expression: 'pred(*previous, *i)'
Assertion failed on expression: 'pred(*previous, *i)'
Assertion failed on expression: 'pred(*previous, *i)'
Assertion failed on expression: 'pred(*previous, *i)'
Native extension for WindowsStandalone target not found
Native extension for WebGL target not found
[Package Manager] Failed to launch server process. Reason: Unity was launched with the -noUpm command-line argument
[Package Manager] Unable to send message (not connected to server process).
[Package Manager] Cannot connect to Unity Package Manager local server
ScheduleIndexationOnStartup MainProcess:False IndexOnStartup:True
Mono: successfully reloaded assembly
- Finished resetting the current domain, in  0.554 seconds
Domain Reload Profiling: 1120ms
	BeginReloadAssembly (327ms)
		DisableScriptedObjects (8ms)
		CreateAndSetChildDomain (29ms)
	RebuildCommonClasses (63ms)
	RebuildNativeTypeToScriptingClass (18ms)
	initialDomainReloadingComplete (114ms)
	LoadAllAssembliesAndSetupDomain (42ms)
		LoadAssemblies (228ms)
		AnalyzeDomain (27ms)
			TypeCache.Refresh (7ms)
			BuildScriptInfoCaches (14ms)
			ResolveRequiredComponents (4ms)
	FinalizeReload (556ms)
		SetupLoadedEditorAssemblies (0ms)
			InitializePlatformSupportModulesInManaged (3ms)
			BeforeProcessingInitializeOnLoad (167ms)
			ProcessInitializeOnLoadAttributes (121ms)
			ProcessInitializeOnLoadMethodAttributes (60ms)
			AfterProcessingInitializeOnLoad (33ms)
		AwakeInstancesAfterBackupRestoration (8ms)
Unloading 15 Unused Serialized files (Serialized files now loaded: 0)
Unloading 441 unused Assets / (1.1 MB). Loaded Objects now: 1075.
Memory consumption went from 77.2 MB to 76.1 MB.
Total: 5.058800 ms (FindLiveObjects: 0.119400 ms CreateObjectMapping: 0.028800 ms MarkObjects: 4.258600 ms  DeleteObjects: 0.650900 ms)

Prepare: number of updated asset objects reloaded= 0
========================================================================
Received Prepare
Begin MonoManager ReloadAssembly
[Licensing::Client] Successfully resolved entitlement details
Assembly Assembly-CSharp-Editor-firstpass.dll at Library/ScriptAssemblies/Assembly-CSharp-Editor-firstpass.dll not valid. Loading of assembly skipped.
Assembly Assembly-CSharp-Editor.dll at Library/ScriptAssemblies/Assembly-CSharp-Editor.dll not valid. Loading of assembly skipped.
Assembly Assembly-CSharp-firstpass.dll at Library/ScriptAssemblies/Assembly-CSharp-firstpass.dll not valid. Loading of assembly skipped.
Assembly Unity.Multiplayer.Center.Editor.Tests.dll at Library/ScriptAssemblies/Unity.Multiplayer.Center.Editor.Tests.dll not valid. Loading of assembly skipped.
Assembly Unity.Multiplayer.Center.Tests.dll at Library/ScriptAssemblies/Unity.Multiplayer.Center.Tests.dll not valid. Loading of assembly skipped.
Assembly Unity.TextMeshPro.Editor.Tests.dll at Library/ScriptAssemblies/Unity.TextMeshPro.Editor.Tests.dll not valid. Loading of assembly skipped.
Assembly Unity.TextMeshPro.Tests.dll at Library/ScriptAssemblies/Unity.TextMeshPro.Tests.dll not valid. Loading of assembly skipped.
Assembly UnityEditor.UI.Common.Tests.dll at Library/ScriptAssemblies/UnityEditor.UI.Common.Tests.dll not valid. Loading of assembly skipped.
Assembly UnityEditor.UI.EditorTests.dll at Library/ScriptAssemblies/UnityEditor.UI.EditorTests.dll not valid. Loading of assembly skipped.
Assembly UnityEngine.UI.Tests.dll at Library/ScriptAssemblies/UnityEngine.UI.Tests.dll not valid. Loading of assembly skipped.
Assertion failed on expression: 'pred(*previous, *i)'
Assertion failed on expression: 'pred(*previous, *i)'
Assertion failed on expression: 'pred(*previous, *i)'
Assertion failed on expression: 'pred(*previous, *i)'
Assertion failed on expression: 'pred(*previous, *i)'
Assertion failed on expression: 'pred(*previous, *i)'
Assertion failed on expression: 'pred(*previous, *i)'
Assertion failed on expression: 'pred(*previous, *i)'
Assertion failed on expression: 'pred(*previous, *i)'
Assertion failed on expression: 'pred(*previous, *i)'
Assertion failed on expression: 'pred(*previous, *i)'
Native extension for WindowsStandalone target not found
Native extension for WebGL target not found
[Package Manager] Failed to launch server process. Reason: Unity was launched with the -noUpm command-line argument
[Package Manager] Unable to send message (not connected to server process).
[Package Manager] Cannot connect to Unity Package Manager local server
ScheduleIndexationOnStartup MainProcess:False IndexOnStartup:True
Mono: successfully reloaded assembly
- Finished resetting the current domain, in  0.565 seconds
Domain Reload Profiling: 1074ms
	BeginReloadAssembly (296ms)
		DisableScriptedObjects (8ms)
		CreateAndSetChildDomain (27ms)
	RebuildCommonClasses (54ms)
	RebuildNativeTypeToScriptingClass (16ms)
	initialDomainReloadingComplete (107ms)
	LoadAllAssembliesAndSetupDomain (34ms)
		LoadAssemblies (201ms)
		AnalyzeDomain (22ms)
			TypeCache.Refresh (5ms)
			BuildScriptInfoCaches (13ms)
			ResolveRequiredComponents (3ms)
	FinalizeReload (567ms)
		SetupLoadedEditorAssemblies (0ms)
			InitializePlatformSupportModulesInManaged (4ms)
			BeforeProcessingInitializeOnLoad (170ms)
			ProcessInitializeOnLoadAttributes (124ms)
			ProcessInitializeOnLoadMethodAttributes (60ms)
			AfterProcessingInitializeOnLoad (36ms)
		AwakeInstancesAfterBackupRestoration (8ms)
Unloading 15 Unused Serialized files (Serialized files now loaded: 0)
Unloading 441 unused Assets / (1.1 MB). Loaded Objects now: 1075.
Memory consumption went from 77.4 MB to 76.3 MB.
Total: 5.809900 ms (FindLiveObjects: 0.120400 ms CreateObjectMapping: 0.022200 ms MarkObjects: 4.987700 ms  DeleteObjects: 0.678200 ms)

Prepare: number of updated asset objects reloaded= 0
========================================================================
Received Import Request.
  Time since last request: 1193.693688 seconds.
  path: Assets/Marius N11608412/Materials and Textures/Cube Colour.mat
  importAddress: Guid(8836f62de5908af4586fc4156271fe92) Importer(815301076,1909f56bfc062723c751e8b465ee728b)
Start importing Assets/Marius N11608412/Materials and Textures/Cube Colour.mat using Guid(8836f62de5908af4586fc4156271fe92) Importer(815301076,1909f56bfc062723c751e8b465ee728b) (PreviewImporter) -> (Import Result ID: '6bada349cd4466280e8bfeadc6762680') in 0.3503416 seconds [static and dynamic dependencies]. Details - ImportResultOutputID=788dafe6fc6441eb55113eb1f91f9b17 DependenciesID=ed1ffe17f4ac97791a82f51a2bcc962f StaticDependenciesID=e7da240cc41cb23a43fb15af6a35a5e3 
Number of updated asset objects reloaded before import = 0Number of asset objects unloaded after import = 1

========================================================================
Received Import Request.
  Time since last request: 84.058609 seconds.
  path: Assets/Marius N11608412/Third Person Controller/Animations/running.fbx
  importAddress: Guid(77d9df93482067942b5b9eb0ecc4d42e) Importer(815301076,1909f56bfc062723c751e8b465ee728b)
Start importing Assets/Marius N11608412/Third Person Controller/Animations/running.fbx using Guid(77d9df93482067942b5b9eb0ecc4d42e) Importer(815301076,1909f56bfc062723c751e8b465ee728b) (PreviewImporter) -> (Import Result ID: 'f888b25c00047ebca96f0414bd95e21e') in 0.0097504 seconds [static and dynamic dependencies]. Details - ImportResultOutputID=b2a2b28624dc35bedb0afc7ea71bcc35 DependenciesID=cfe5d2197110e52a971b004cc20f5e29 StaticDependenciesID=a3b871f9946ca20e996fb1442dc2942b 
Number of updated asset objects reloaded before import = 0Number of asset objects unloaded after import = 137

========================================================================
Received Import Request.
  Time since last request: 0.264219 seconds.
  path: Assets/Marius N11608412/Third Person Controller/Animations/t_pose.fbx
  importAddress: Guid(1d553d340c6ed564da93547ec4058847) Importer(815301076,1909f56bfc062723c751e8b465ee728b)
Start importing Assets/Marius N11608412/Third Person Controller/Animations/t_pose.fbx using Guid(1d553d340c6ed564da93547ec4058847) Importer(815301076,1909f56bfc062723c751e8b465ee728b) (PreviewImporter)MaterialLocation.External is obsolete. External Material Location is no longer supported. (Assets/Marius N11608412/Third Person Controller/Animations/t_pose.fbx)
 -> (Import Result ID: '2a3346370eabf791e02db85c78e2a96a') in 0.2212143 seconds [static and dynamic dependencies]. Details - ImportResultOutputID=1b2bf66930baf396db2bcd877b79edc8 DependenciesID=c85d858bc0ea5ca1733a3e891efb826c StaticDependenciesID=5c1f44e1380d0f3e535cf9197d978ea8 
Number of updated asset objects reloaded before import = 0Number of asset objects unloaded after import = 155

========================================================================
Received Prepare
Begin MonoManager ReloadAssembly
[Licensing::Client] Successfully resolved entitlement details
Assembly Assembly-CSharp-Editor-firstpass.dll at Library/ScriptAssemblies/Assembly-CSharp-Editor-firstpass.dll not valid. Loading of assembly skipped.
Assembly Assembly-CSharp-Editor.dll at Library/ScriptAssemblies/Assembly-CSharp-Editor.dll not valid. Loading of assembly skipped.
Assembly Assembly-CSharp-firstpass.dll at Library/ScriptAssemblies/Assembly-CSharp-firstpass.dll not valid. Loading of assembly skipped.
Assembly Unity.Multiplayer.Center.Editor.Tests.dll at Library/ScriptAssemblies/Unity.Multiplayer.Center.Editor.Tests.dll not valid. Loading of assembly skipped.
Assembly Unity.Multiplayer.Center.Tests.dll at Library/ScriptAssemblies/Unity.Multiplayer.Center.Tests.dll not valid. Loading of assembly skipped.
Assembly Unity.TextMeshPro.Editor.Tests.dll at Library/ScriptAssemblies/Unity.TextMeshPro.Editor.Tests.dll not valid. Loading of assembly skipped.
Assembly Unity.TextMeshPro.Tests.dll at Library/ScriptAssemblies/Unity.TextMeshPro.Tests.dll not valid. Loading of assembly skipped.
Assembly UnityEditor.UI.Common.Tests.dll at Library/ScriptAssemblies/UnityEditor.UI.Common.Tests.dll not valid. Loading of assembly skipped.
Assembly UnityEditor.UI.EditorTests.dll at Library/ScriptAssemblies/UnityEditor.UI.EditorTests.dll not valid. Loading of assembly skipped.
Assembly UnityEngine.UI.Tests.dll at Library/ScriptAssemblies/UnityEngine.UI.Tests.dll not valid. Loading of assembly skipped.
Assertion failed on expression: 'pred(*previous, *i)'
Assertion failed on expression: 'pred(*previous, *i)'
Assertion failed on expression: 'pred(*previous, *i)'
Assertion failed on expression: 'pred(*previous, *i)'
Assertion failed on expression: 'pred(*previous, *i)'
Assertion failed on expression: 'pred(*previous, *i)'
Assertion failed on expression: 'pred(*previous, *i)'
Assertion failed on expression: 'pred(*previous, *i)'
Assertion failed on expression: 'pred(*previous, *i)'
Assertion failed on expression: 'pred(*previous, *i)'
Assertion failed on expression: 'pred(*previous, *i)'
Assertion failed on expression: 'pred(*previous, *i)'
Assertion failed on expression: 'pred(*previous, *i)'
Assertion failed on expression: 'pred(*previous, *i)'
Native extension for WindowsStandalone target not found
Native extension for WebGL target not found
[Package Manager] Failed to launch server process. Reason: Unity was launched with the -noUpm command-line argument
[Package Manager] Unable to send message (not connected to server process).
[Package Manager] Cannot connect to Unity Package Manager local server
ScheduleIndexationOnStartup MainProcess:False IndexOnStartup:True
Mono: successfully reloaded assembly
- Finished resetting the current domain, in  0.586 seconds
Domain Reload Profiling: 1192ms
	BeginReloadAssembly (364ms)
		DisableScriptedObjects (10ms)
		CreateAndSetChildDomain (32ms)
	RebuildCommonClasses (63ms)
	RebuildNativeTypeToScriptingClass (17ms)
	initialDomainReloadingComplete (125ms)
	LoadAllAssembliesAndSetupDomain (34ms)
		LoadAssemblies (247ms)
		AnalyzeDomain (20ms)
			TypeCache.Refresh (4ms)
			BuildScriptInfoCaches (11ms)
			ResolveRequiredComponents (3ms)
	FinalizeReload (588ms)
		SetupLoadedEditorAssemblies (0ms)
			InitializePlatformSupportModulesInManaged (3ms)
			BeforeProcessingInitializeOnLoad (177ms)
			ProcessInitializeOnLoadAttributes (128ms)
			ProcessInitializeOnLoadMethodAttributes (63ms)
			AfterProcessingInitializeOnLoad (36ms)
		AwakeInstancesAfterBackupRestoration (9ms)
Unloading 15 Unused Serialized files (Serialized files now loaded: 0)
Unloading 441 unused Assets / (1.1 MB). Loaded Objects now: 1078.
Memory consumption went from 76.0 MB to 74.9 MB.
Total: 5.771700 ms (FindLiveObjects: 0.152800 ms CreateObjectMapping: 0.030100 ms MarkObjects: 4.608000 ms  DeleteObjects: 0.979500 ms)

Prepare: number of updated asset objects reloaded= 0
========================================================================
Received Import Request.
  Time since last request: 140.251630 seconds.
  path: Assets/Marius N11608412/Third Person Controller/Player.prefab
  importAddress: Guid(b001cb61a0b189d4394e77fcb27043d8) Importer(815301076,1909f56bfc062723c751e8b465ee728b)
Start importing Assets/Marius N11608412/Third Person Controller/Player.prefab using Guid(b001cb61a0b189d4394e77fcb27043d8) Importer(815301076,1909f56bfc062723c751e8b465ee728b) (PreviewImporter) -> (Import Result ID: 'ab1fa4fd3b3e71324130d3b6245e1671') in 0.4262548 seconds [static and dynamic dependencies]. Details - ImportResultOutputID=6fe2371a71cc45f65816707249230ec9 DependenciesID=71340edaee1980e14cbc59de2a23c860 StaticDependenciesID=14cd00cee8892ce65900dc045065a00f 
Number of updated asset objects reloaded before import = 0Number of asset objects unloaded after import = 143

========================================================================
Received Prepare
Begin MonoManager ReloadAssembly
[Licensing::Client] Successfully resolved entitlement details
Assembly Assembly-CSharp-Editor-firstpass.dll at Library/ScriptAssemblies/Assembly-CSharp-Editor-firstpass.dll not valid. Loading of assembly skipped.
Assembly Assembly-CSharp-Editor.dll at Library/ScriptAssemblies/Assembly-CSharp-Editor.dll not valid. Loading of assembly skipped.
Assembly Assembly-CSharp-firstpass.dll at Library/ScriptAssemblies/Assembly-CSharp-firstpass.dll not valid. Loading of assembly skipped.
Assembly Unity.Multiplayer.Center.Editor.Tests.dll at Library/ScriptAssemblies/Unity.Multiplayer.Center.Editor.Tests.dll not valid. Loading of assembly skipped.
Assembly Unity.Multiplayer.Center.Tests.dll at Library/ScriptAssemblies/Unity.Multiplayer.Center.Tests.dll not valid. Loading of assembly skipped.
Assembly Unity.TextMeshPro.Editor.Tests.dll at Library/ScriptAssemblies/Unity.TextMeshPro.Editor.Tests.dll not valid. Loading of assembly skipped.
Assembly Unity.TextMeshPro.Tests.dll at Library/ScriptAssemblies/Unity.TextMeshPro.Tests.dll not valid. Loading of assembly skipped.
Assembly UnityEditor.UI.Common.Tests.dll at Library/ScriptAssemblies/UnityEditor.UI.Common.Tests.dll not valid. Loading of assembly skipped.
Assembly UnityEditor.UI.EditorTests.dll at Library/ScriptAssemblies/UnityEditor.UI.EditorTests.dll not valid. Loading of assembly skipped.
Assembly UnityEngine.UI.Tests.dll at Library/ScriptAssemblies/UnityEngine.UI.Tests.dll not valid. Loading of assembly skipped.
Assertion failed on expression: 'pred(*previous, *i)'
Assertion failed on expression: 'pred(*previous, *i)'
Assertion failed on expression: 'pred(*previous, *i)'
Assertion failed on expression: 'pred(*previous, *i)'
Assertion failed on expression: 'pred(*previous, *i)'
Assertion failed on expression: 'pred(*previous, *i)'
Assertion failed on expression: 'pred(*previous, *i)'
Assertion failed on expression: 'pred(*previous, *i)'
Assertion failed on expression: 'pred(*previous, *i)'
Assertion failed on expression: 'pred(*previous, *i)'
Assertion failed on expression: 'pred(*previous, *i)'
Assertion failed on expression: 'pred(*previous, *i)'
Assertion failed on expression: 'pred(*previous, *i)'
Assertion failed on expression: 'pred(*previous, *i)'
Native extension for WindowsStandalone target not found
Native extension for WebGL target not found
[Package Manager] Failed to launch server process. Reason: Unity was launched with the -noUpm command-line argument
[Package Manager] Unable to send message (not connected to server process).
[Package Manager] Cannot connect to Unity Package Manager local server
ScheduleIndexationOnStartup MainProcess:False IndexOnStartup:True
Mono: successfully reloaded assembly
- Finished resetting the current domain, in  0.522 seconds
Domain Reload Profiling: 989ms
	BeginReloadAssembly (277ms)
		DisableScriptedObjects (6ms)
		CreateAndSetChildDomain (24ms)
	RebuildCommonClasses (49ms)
	RebuildNativeTypeToScriptingClass (17ms)
	initialDomainReloadingComplete (93ms)
	LoadAllAssembliesAndSetupDomain (30ms)
		LoadAssemblies (191ms)
		AnalyzeDomain (18ms)
			TypeCache.Refresh (4ms)
			BuildScriptInfoCaches (10ms)
			ResolveRequiredComponents (3ms)
	FinalizeReload (524ms)
		SetupLoadedEditorAssemblies (0ms)
			InitializePlatformSupportModulesInManaged (3ms)
			BeforeProcessingInitializeOnLoad (162ms)
			ProcessInitializeOnLoadAttributes (112ms)
			ProcessInitializeOnLoadMethodAttributes (55ms)
			AfterProcessingInitializeOnLoad (34ms)
		AwakeInstancesAfterBackupRestoration (7ms)
Unloading 15 Unused Serialized files (Serialized files now loaded: 0)
Unloading 441 unused Assets / (1.1 MB). Loaded Objects now: 1078.
Memory consumption went from 76.1 MB to 75.0 MB.
Total: 5.572100 ms (FindLiveObjects: 0.113200 ms CreateObjectMapping: 0.023100 ms MarkObjects: 4.748500 ms  DeleteObjects: 0.686300 ms)

Prepare: number of updated asset objects reloaded= 0
========================================================================
Received Prepare
Begin MonoManager ReloadAssembly
[Licensing::Client] Successfully resolved entitlement details
Assembly Assembly-CSharp-Editor-firstpass.dll at Library/ScriptAssemblies/Assembly-CSharp-Editor-firstpass.dll not valid. Loading of assembly skipped.
Assembly Assembly-CSharp-Editor.dll at Library/ScriptAssemblies/Assembly-CSharp-Editor.dll not valid. Loading of assembly skipped.
Assembly Assembly-CSharp-firstpass.dll at Library/ScriptAssemblies/Assembly-CSharp-firstpass.dll not valid. Loading of assembly skipped.
Assembly Unity.Multiplayer.Center.Editor.Tests.dll at Library/ScriptAssemblies/Unity.Multiplayer.Center.Editor.Tests.dll not valid. Loading of assembly skipped.
Assembly Unity.Multiplayer.Center.Tests.dll at Library/ScriptAssemblies/Unity.Multiplayer.Center.Tests.dll not valid. Loading of assembly skipped.
Assembly Unity.TextMeshPro.Editor.Tests.dll at Library/ScriptAssemblies/Unity.TextMeshPro.Editor.Tests.dll not valid. Loading of assembly skipped.
Assembly Unity.TextMeshPro.Tests.dll at Library/ScriptAssemblies/Unity.TextMeshPro.Tests.dll not valid. Loading of assembly skipped.
Assembly UnityEditor.UI.Common.Tests.dll at Library/ScriptAssemblies/UnityEditor.UI.Common.Tests.dll not valid. Loading of assembly skipped.
Assembly UnityEditor.UI.EditorTests.dll at Library/ScriptAssemblies/UnityEditor.UI.EditorTests.dll not valid. Loading of assembly skipped.
Assembly UnityEngine.UI.Tests.dll at Library/ScriptAssemblies/UnityEngine.UI.Tests.dll not valid. Loading of assembly skipped.
Assertion failed on expression: 'pred(*previous, *i)'
Assertion failed on expression: 'pred(*previous, *i)'
Assertion failed on expression: 'pred(*previous, *i)'
Assertion failed on expression: 'pred(*previous, *i)'
Assertion failed on expression: 'pred(*previous, *i)'
Assertion failed on expression: 'pred(*previous, *i)'
Assertion failed on expression: 'pred(*previous, *i)'
Assertion failed on expression: 'pred(*previous, *i)'
Assertion failed on expression: 'pred(*previous, *i)'
Assertion failed on expression: 'pred(*previous, *i)'
Assertion failed on expression: 'pred(*previous, *i)'
Assertion failed on expression: 'pred(*previous, *i)'
Assertion failed on expression: 'pred(*previous, *i)'
Assertion failed on expression: 'pred(*previous, *i)'
Native extension for WindowsStandalone target not found
Native extension for WebGL target not found
[Package Manager] Failed to launch server process. Reason: Unity was launched with the -noUpm command-line argument
[Package Manager] Unable to send message (not connected to server process).
[Package Manager] Cannot connect to Unity Package Manager local server
ScheduleIndexationOnStartup MainProcess:False IndexOnStartup:True
Mono: successfully reloaded assembly
- Finished resetting the current domain, in  0.519 seconds
Domain Reload Profiling: 984ms
	BeginReloadAssembly (275ms)
		DisableScriptedObjects (8ms)
		CreateAndSetChildDomain (23ms)
	RebuildCommonClasses (47ms)
	RebuildNativeTypeToScriptingClass (19ms)
	initialDomainReloadingComplete (93ms)
	LoadAllAssembliesAndSetupDomain (30ms)
		LoadAssemblies (190ms)
		AnalyzeDomain (18ms)
			TypeCache.Refresh (4ms)
			BuildScriptInfoCaches (10ms)
			ResolveRequiredComponents (3ms)
	FinalizeReload (520ms)
		SetupLoadedEditorAssemblies (0ms)
			InitializePlatformSupportModulesInManaged (4ms)
			BeforeProcessingInitializeOnLoad (156ms)
			ProcessInitializeOnLoadAttributes (118ms)
			ProcessInitializeOnLoadMethodAttributes (53ms)
			AfterProcessingInitializeOnLoad (32ms)
		AwakeInstancesAfterBackupRestoration (10ms)
Unloading 15 Unused Serialized files (Serialized files now loaded: 0)
Unloading 441 unused Assets / (1.1 MB). Loaded Objects now: 1078.
Memory consumption went from 76.3 MB to 75.2 MB.
Total: 5.559400 ms (FindLiveObjects: 0.127800 ms CreateObjectMapping: 0.023400 ms MarkObjects: 4.568200 ms  DeleteObjects: 0.838600 ms)

Prepare: number of updated asset objects reloaded= 0
========================================================================
Received Prepare
Begin MonoManager ReloadAssembly
[Licensing::Client] Successfully resolved entitlement details
Assembly Assembly-CSharp-Editor-firstpass.dll at Library/ScriptAssemblies/Assembly-CSharp-Editor-firstpass.dll not valid. Loading of assembly skipped.
Assembly Assembly-CSharp-Editor.dll at Library/ScriptAssemblies/Assembly-CSharp-Editor.dll not valid. Loading of assembly skipped.
Assembly Assembly-CSharp-firstpass.dll at Library/ScriptAssemblies/Assembly-CSharp-firstpass.dll not valid. Loading of assembly skipped.
Assembly Unity.Multiplayer.Center.Editor.Tests.dll at Library/ScriptAssemblies/Unity.Multiplayer.Center.Editor.Tests.dll not valid. Loading of assembly skipped.
Assembly Unity.Multiplayer.Center.Tests.dll at Library/ScriptAssemblies/Unity.Multiplayer.Center.Tests.dll not valid. Loading of assembly skipped.
Assembly Unity.TextMeshPro.Editor.Tests.dll at Library/ScriptAssemblies/Unity.TextMeshPro.Editor.Tests.dll not valid. Loading of assembly skipped.
Assembly Unity.TextMeshPro.Tests.dll at Library/ScriptAssemblies/Unity.TextMeshPro.Tests.dll not valid. Loading of assembly skipped.
Assembly UnityEditor.UI.Common.Tests.dll at Library/ScriptAssemblies/UnityEditor.UI.Common.Tests.dll not valid. Loading of assembly skipped.
Assembly UnityEditor.UI.EditorTests.dll at Library/ScriptAssemblies/UnityEditor.UI.EditorTests.dll not valid. Loading of assembly skipped.
Assembly UnityEngine.UI.Tests.dll at Library/ScriptAssemblies/UnityEngine.UI.Tests.dll not valid. Loading of assembly skipped.
Assertion failed on expression: 'pred(*previous, *i)'
Assertion failed on expression: 'pred(*previous, *i)'
Assertion failed on expression: 'pred(*previous, *i)'
Assertion failed on expression: 'pred(*previous, *i)'
Assertion failed on expression: 'pred(*previous, *i)'
Assertion failed on expression: 'pred(*previous, *i)'
Assertion failed on expression: 'pred(*previous, *i)'
Assertion failed on expression: 'pred(*previous, *i)'
Assertion failed on expression: 'pred(*previous, *i)'
Assertion failed on expression: 'pred(*previous, *i)'
Assertion failed on expression: 'pred(*previous, *i)'
Assertion failed on expression: 'pred(*previous, *i)'
Assertion failed on expression: 'pred(*previous, *i)'
Assertion failed on expression: 'pred(*previous, *i)'
Native extension for WindowsStandalone target not found
Native extension for WebGL target not found
[Package Manager] Failed to launch server process. Reason: Unity was launched with the -noUpm command-line argument
[Package Manager] Unable to send message (not connected to server process).
[Package Manager] Cannot connect to Unity Package Manager local server
ScheduleIndexationOnStartup MainProcess:False IndexOnStartup:True
Mono: successfully reloaded assembly
- Finished resetting the current domain, in  0.502 seconds
Domain Reload Profiling: 970ms
	BeginReloadAssembly (270ms)
		DisableScriptedObjects (9ms)
		CreateAndSetChildDomain (23ms)
	RebuildCommonClasses (50ms)
	RebuildNativeTypeToScriptingClass (20ms)
	initialDomainReloadingComplete (97ms)
	LoadAllAssembliesAndSetupDomain (29ms)
		LoadAssemblies (184ms)
		AnalyzeDomain (17ms)
			TypeCache.Refresh (4ms)
			BuildScriptInfoCaches (9ms)
			ResolveRequiredComponents (3ms)
	FinalizeReload (504ms)
		SetupLoadedEditorAssemblies (0ms)
			InitializePlatformSupportModulesInManaged (3ms)
			BeforeProcessingInitializeOnLoad (153ms)
			ProcessInitializeOnLoadAttributes (110ms)
			ProcessInitializeOnLoadMethodAttributes (55ms)
			AfterProcessingInitializeOnLoad (31ms)
		AwakeInstancesAfterBackupRestoration (8ms)
Unloading 15 Unused Serialized files (Serialized files now loaded: 0)
Unloading 441 unused Assets / (1.1 MB). Loaded Objects now: 1078.
Memory consumption went from 76.4 MB to 75.3 MB.
Total: 5.662400 ms (FindLiveObjects: 0.119100 ms CreateObjectMapping: 0.022400 ms MarkObjects: 4.738600 ms  DeleteObjects: 0.780700 ms)

Prepare: number of updated asset objects reloaded= 0
========================================================================
Received Import Request.
  Time since last request: 487.422085 seconds.
  path: Assets/Marius N11608412/Third Person Controller/Robot Kyle
  importAddress: Guid(388174a20767f3048a69c139effd0019) Importer(815301076,1909f56bfc062723c751e8b465ee728b)
Start importing Assets/Marius N11608412/Third Person Controller/Robot Kyle using Guid(388174a20767f3048a69c139effd0019) Importer(815301076,1909f56bfc062723c751e8b465ee728b) (PreviewImporter) -> (Import Result ID: 'be57a5cf44795ed1b4c8ff9e169cf05a') in 0.0015708 seconds [static and dynamic dependencies]. Details - ImportResultOutputID=4a5a3a5bd688e8a4845654ae48662d35 DependenciesID=e38a7a04b03674c37d74518a017072a0 StaticDependenciesID=b958ffa0ead47b178b3a1c5c914554ec 
Number of updated asset objects reloaded before import = 0Number of asset objects unloaded after import = 0

========================================================================
Received Import Request.
  Time since last request: 1.126709 seconds.
  path: Assets/Marius N11608412/Third Person Controller/Robot Kyle/Materials
  importAddress: Guid(24b040bf5a1e9994ab22b9a3b6bf60dd) Importer(815301076,1909f56bfc062723c751e8b465ee728b)
Start importing Assets/Marius N11608412/Third Person Controller/Robot Kyle/Materials using Guid(24b040bf5a1e9994ab22b9a3b6bf60dd) Importer(815301076,1909f56bfc062723c751e8b465ee728b) (PreviewImporter) -> (Import Result ID: '93d078c9a475d240c47b982b810c5642') in 0.0004701 seconds [static and dynamic dependencies]. Details - ImportResultOutputID=03fda75c306d2bd475d97009bcbec9e7 DependenciesID=1761f3a0f22d505d510c4a3763817429 StaticDependenciesID=6e7154ad1435a073716137adfd59a1e9 
Number of updated asset objects reloaded before import = 0Number of asset objects unloaded after import = 0

========================================================================
Received Import Request.
  Time since last request: 3.855118 seconds.
  path: Assets/Marius N11608412/Third Person Controller/Animations
  importAddress: Guid(71e90ff20090f0f4fad45d37062f3994) Importer(815301076,1909f56bfc062723c751e8b465ee728b)
Start importing Assets/Marius N11608412/Third Person Controller/Animations using Guid(71e90ff20090f0f4fad45d37062f3994) Importer(815301076,1909f56bfc062723c751e8b465ee728b) (PreviewImporter) -> (Import Result ID: '82f71c194a3a562bbd8798642dd33e89') in 0.0004846 seconds [static and dynamic dependencies]. Details - ImportResultOutputID=44844ff58a373579690a7649485b8e24 DependenciesID=73be0f430d92ea098db715e70bcd43cc StaticDependenciesID=760b8e069a45cb70192f342d2c8791ed 
Number of updated asset objects reloaded before import = 0Number of asset objects unloaded after import = 0

========================================================================
Received Prepare
Begin MonoManager ReloadAssembly
[Licensing::Client] Successfully resolved entitlement details
Assembly Assembly-CSharp-Editor-firstpass.dll at Library/ScriptAssemblies/Assembly-CSharp-Editor-firstpass.dll not valid. Loading of assembly skipped.
Assembly Assembly-CSharp-Editor.dll at Library/ScriptAssemblies/Assembly-CSharp-Editor.dll not valid. Loading of assembly skipped.
Assembly Assembly-CSharp-firstpass.dll at Library/ScriptAssemblies/Assembly-CSharp-firstpass.dll not valid. Loading of assembly skipped.
Assembly Unity.Multiplayer.Center.Editor.Tests.dll at Library/ScriptAssemblies/Unity.Multiplayer.Center.Editor.Tests.dll not valid. Loading of assembly skipped.
Assembly Unity.Multiplayer.Center.Tests.dll at Library/ScriptAssemblies/Unity.Multiplayer.Center.Tests.dll not valid. Loading of assembly skipped.
Assembly Unity.TextMeshPro.Editor.Tests.dll at Library/ScriptAssemblies/Unity.TextMeshPro.Editor.Tests.dll not valid. Loading of assembly skipped.
Assembly Unity.TextMeshPro.Tests.dll at Library/ScriptAssemblies/Unity.TextMeshPro.Tests.dll not valid. Loading of assembly skipped.
Assembly UnityEditor.UI.Common.Tests.dll at Library/ScriptAssemblies/UnityEditor.UI.Common.Tests.dll not valid. Loading of assembly skipped.
Assembly UnityEditor.UI.EditorTests.dll at Library/ScriptAssemblies/UnityEditor.UI.EditorTests.dll not valid. Loading of assembly skipped.
Assembly UnityEngine.UI.Tests.dll at Library/ScriptAssemblies/UnityEngine.UI.Tests.dll not valid. Loading of assembly skipped.
Assertion failed on expression: 'pred(*previous, *i)'
Assertion failed on expression: 'pred(*previous, *i)'
Assertion failed on expression: 'pred(*previous, *i)'
Assertion failed on expression: 'pred(*previous, *i)'
Assertion failed on expression: 'pred(*previous, *i)'
Assertion failed on expression: 'pred(*previous, *i)'
Assertion failed on expression: 'pred(*previous, *i)'
Assertion failed on expression: 'pred(*previous, *i)'
Assertion failed on expression: 'pred(*previous, *i)'
Assertion failed on expression: 'pred(*previous, *i)'
Assertion failed on expression: 'pred(*previous, *i)'
Assertion failed on expression: 'pred(*previous, *i)'
Assertion failed on expression: 'pred(*previous, *i)'
Assertion failed on expression: 'pred(*previous, *i)'
Native extension for WindowsStandalone target not found
Native extension for WebGL target not found
[Package Manager] Failed to launch server process. Reason: Unity was launched with the -noUpm command-line argument
[Package Manager] Unable to send message (not connected to server process).
[Package Manager] Cannot connect to Unity Package Manager local server
ScheduleIndexationOnStartup MainProcess:False IndexOnStartup:True
Mono: successfully reloaded assembly
- Finished resetting the current domain, in  0.523 seconds
Domain Reload Profiling: 978ms
	BeginReloadAssembly (264ms)
		DisableScriptedObjects (7ms)
		CreateAndSetChildDomain (23ms)
	RebuildCommonClasses (50ms)
	RebuildNativeTypeToScriptingClass (16ms)
	initialDomainReloadingComplete (94ms)
	LoadAllAssembliesAndSetupDomain (30ms)
		LoadAssemblies (180ms)
		AnalyzeDomain (18ms)
			TypeCache.Refresh (4ms)
			BuildScriptInfoCaches (10ms)
			ResolveRequiredComponents (3ms)
	FinalizeReload (525ms)
		SetupLoadedEditorAssemblies (0ms)
			InitializePlatformSupportModulesInManaged (3ms)
			BeforeProcessingInitializeOnLoad (158ms)
			ProcessInitializeOnLoadAttributes (115ms)
			ProcessInitializeOnLoadMethodAttributes (55ms)
			AfterProcessingInitializeOnLoad (34ms)
		AwakeInstancesAfterBackupRestoration (9ms)
Unloading 15 Unused Serialized files (Serialized files now loaded: 0)
Unloading 441 unused Assets / (1.1 MB). Loaded Objects now: 1078.
Memory consumption went from 76.1 MB to 75.0 MB.
Total: 5.267800 ms (FindLiveObjects: 0.121200 ms CreateObjectMapping: 0.024200 ms MarkObjects: 4.339600 ms  DeleteObjects: 0.781900 ms)

Prepare: number of updated asset objects reloaded= 0
========================================================================
Received Prepare
Begin MonoManager ReloadAssembly
[Licensing::Client] Successfully resolved entitlement details
Assembly Assembly-CSharp-Editor-firstpass.dll at Library/ScriptAssemblies/Assembly-CSharp-Editor-firstpass.dll not valid. Loading of assembly skipped.
Assembly Assembly-CSharp-Editor.dll at Library/ScriptAssemblies/Assembly-CSharp-Editor.dll not valid. Loading of assembly skipped.
Assembly Assembly-CSharp-firstpass.dll at Library/ScriptAssemblies/Assembly-CSharp-firstpass.dll not valid. Loading of assembly skipped.
Assembly Unity.Multiplayer.Center.Editor.Tests.dll at Library/ScriptAssemblies/Unity.Multiplayer.Center.Editor.Tests.dll not valid. Loading of assembly skipped.
Assembly Unity.Multiplayer.Center.Tests.dll at Library/ScriptAssemblies/Unity.Multiplayer.Center.Tests.dll not valid. Loading of assembly skipped.
Assembly Unity.TextMeshPro.Editor.Tests.dll at Library/ScriptAssemblies/Unity.TextMeshPro.Editor.Tests.dll not valid. Loading of assembly skipped.
Assembly Unity.TextMeshPro.Tests.dll at Library/ScriptAssemblies/Unity.TextMeshPro.Tests.dll not valid. Loading of assembly skipped.
Assembly UnityEditor.UI.Common.Tests.dll at Library/ScriptAssemblies/UnityEditor.UI.Common.Tests.dll not valid. Loading of assembly skipped.
Assembly UnityEditor.UI.EditorTests.dll at Library/ScriptAssemblies/UnityEditor.UI.EditorTests.dll not valid. Loading of assembly skipped.
Assembly UnityEngine.UI.Tests.dll at Library/ScriptAssemblies/UnityEngine.UI.Tests.dll not valid. Loading of assembly skipped.
Assertion failed on expression: 'pred(*previous, *i)'
Assertion failed on expression: 'pred(*previous, *i)'
Assertion failed on expression: 'pred(*previous, *i)'
Assertion failed on expression: 'pred(*previous, *i)'
Assertion failed on expression: 'pred(*previous, *i)'
Assertion failed on expression: 'pred(*previous, *i)'
Assertion failed on expression: 'pred(*previous, *i)'
Assertion failed on expression: 'pred(*previous, *i)'
Assertion failed on expression: 'pred(*previous, *i)'
Assertion failed on expression: 'pred(*previous, *i)'
Assertion failed on expression: 'pred(*previous, *i)'
Assertion failed on expression: 'pred(*previous, *i)'
Assertion failed on expression: 'pred(*previous, *i)'
Assertion failed on expression: 'pred(*previous, *i)'
Native extension for WindowsStandalone target not found
Native extension for WebGL target not found
[Package Manager] Failed to launch server process. Reason: Unity was launched with the -noUpm command-line argument
[Package Manager] Unable to send message (not connected to server process).
[Package Manager] Cannot connect to Unity Package Manager local server
ScheduleIndexationOnStartup MainProcess:False IndexOnStartup:True
Mono: successfully reloaded assembly
- Finished resetting the current domain, in  0.525 seconds
Domain Reload Profiling: 983ms
	BeginReloadAssembly (272ms)
		DisableScriptedObjects (9ms)
		CreateAndSetChildDomain (24ms)
	RebuildCommonClasses (47ms)
	RebuildNativeTypeToScriptingClass (17ms)
	initialDomainReloadingComplete (91ms)
	LoadAllAssembliesAndSetupDomain (29ms)
		LoadAssemblies (187ms)
		AnalyzeDomain (18ms)
			TypeCache.Refresh (4ms)
			BuildScriptInfoCaches (9ms)
			ResolveRequiredComponents (3ms)
	FinalizeReload (527ms)
		SetupLoadedEditorAssemblies (0ms)
			InitializePlatformSupportModulesInManaged (4ms)
			BeforeProcessingInitializeOnLoad (157ms)
			ProcessInitializeOnLoadAttributes (113ms)
			ProcessInitializeOnLoadMethodAttributes (56ms)
			AfterProcessingInitializeOnLoad (36ms)
		AwakeInstancesAfterBackupRestoration (9ms)
Unloading 15 Unused Serialized files (Serialized files now loaded: 0)
Unloading 441 unused Assets / (1.1 MB). Loaded Objects now: 1078.
Memory consumption went from 76.3 MB to 75.2 MB.
Total: 5.467000 ms (FindLiveObjects: 0.112900 ms CreateObjectMapping: 0.023400 ms MarkObjects: 4.447400 ms  DeleteObjects: 0.882000 ms)

Prepare: number of updated asset objects reloaded= 0
========================================================================
Received Import Request.
  Time since last request: 368.500828 seconds.
  path: Assets/TextMesh Pro/Fonts
  importAddress: Guid(6ab70aee4d56447429c680537fbf93ed) Importer(2089858483,b0f066a214c2f5e87bad3c948f4d605d)
Start importing Assets/TextMesh Pro/Fonts using Guid(6ab70aee4d56447429c680537fbf93ed) Importer(2089858483,b0f066a214c2f5e87bad3c948f4d605d) (ScriptedImporter) -> (Import Result ID: '62e02148ab5c6d5a7d7ada780aa729a8') in 0.0780791 seconds [static and dynamic dependencies]. Details - ImportResultOutputID=d7e4b748b69c09ecf889f1c3b11d631d DependenciesID=6e335351f7a157a23eb21cc83cdae787 StaticDependenciesID=717a2cf93a1dbf392fdf5250a5da357b 
Number of updated asset objects reloaded before import = 0Number of asset objects unloaded after import = 1

========================================================================
Received Import Request.
  Time since last request: 0.000028 seconds.
  path: Assets/TextMesh Pro/Shaders/TMP_SDF.shader
  importAddress: Guid(68e6db2ebdc24f95958faec2be5558d6) Importer(2089858483,b0f066a214c2f5e87bad3c948f4d605d)
Start importing Assets/TextMesh Pro/Shaders/TMP_SDF.shader using Guid(68e6db2ebdc24f95958faec2be5558d6) Importer(2089858483,b0f066a214c2f5e87bad3c948f4d605d) (ScriptedImporter) -> (Import Result ID: '2f27adb96729ab1f007b6532c0b6af55') in 0.0468461 seconds [static and dynamic dependencies]. Details - ImportResultOutputID=dae9594d697ae656a5b91e8b1f110576 DependenciesID=d9db5375602675c926a97c787abe8792 StaticDependenciesID=02f2f145754d21c99257be40712f4a63 
Number of updated asset objects reloaded before import = 0Number of asset objects unloaded after import = 2

========================================================================
Received Import Request.
  Time since last request: 0.000021 seconds.
  path: Assets/TextMesh Pro/Fonts/LiberationSans.ttf
  importAddress: Guid(e3265ab4bf004d28a9537516768c1c75) Importer(2089858483,b0f066a214c2f5e87bad3c948f4d605d)
Start importing Assets/TextMesh Pro/Fonts/LiberationSans.ttf using Guid(e3265ab4bf004d28a9537516768c1c75) Importer(2089858483,b0f066a214c2f5e87bad3c948f4d605d) (ScriptedImporter) -> (Import Result ID: 'e2879e0d420f11a089858e9a09c73653') in 0.0564385 seconds [static and dynamic dependencies]. Details - ImportResultOutputID=dbacefb199487f8e5745d06c3cb7e248 DependenciesID=035077e396e9afcd1945c31a24a3728b StaticDependenciesID=8d7b10ba804405d2fb9a467f6d8c5b4f 
Number of updated asset objects reloaded before import = 0Number of asset objects unloaded after import = 3

========================================================================
Received Import Request.
  Time since last request: 0.000035 seconds.
  path: Assets/TextMesh Pro/Resources/Fonts & Materials/LiberationSans SDF.asset
  importAddress: Guid(8f586378b4e144a9851e7b34d9b748ee) Importer(2089858483,b0f066a214c2f5e87bad3c948f4d605d)
Start importing Assets/TextMesh Pro/Resources/Fonts & Materials/LiberationSans SDF.asset using Guid(8f586378b4e144a9851e7b34d9b748ee) Importer(2089858483,b0f066a214c2f5e87bad3c948f4d605d) (ScriptedImporter) -> (Import Result ID: 'd2c16443745b9c52552d0f8460d8128b') in 0.0816378 seconds [static and dynamic dependencies]. Details - ImportResultOutputID=86e5bf455a34f461604345fb1fe8fd3d DependenciesID=88ab90c127d66d0d7ee6c1f19c6a2fba StaticDependenciesID=f24aa01374016caa59713b859ae89089 
Number of updated asset objects reloaded before import = 0Number of asset objects unloaded after import = 9

========================================================================
Received Import Request.
  Time since last request: 0.000032 seconds.
  path: Assets/TextMesh Pro/Fonts/LiberationSans - OFL.txt
  importAddress: Guid(6e59c59b81ab47f9b6ec5781fa725d2c) Importer(2089858483,b0f066a214c2f5e87bad3c948f4d605d)
Start importing Assets/TextMesh Pro/Fonts/LiberationSans - OFL.txt using Guid(6e59c59b81ab47f9b6ec5781fa725d2c) Importer(2089858483,b0f066a214c2f5e87bad3c948f4d605d) (ScriptedImporter) -> (Import Result ID: 'ecd29675297a0ae3cbf31dbf9ec0a2cb') in 0.0190592 seconds [static and dynamic dependencies]. Details - ImportResultOutputID=45f2d292e291e46ebb5d50e43f5360a0 DependenciesID=6a2f663f61d50380090220a35058d61a StaticDependenciesID=7649750a4598ec734fc3c768683475c9 
Number of updated asset objects reloaded before import = 0Number of asset objects unloaded after import = 1

========================================================================
Received Import Request.
  Time since last request: 0.000053 seconds.
  path: Assets/Marius N11608412/Third Person Controller/PlayerMovement.cs
  importAddress: Guid(0f8654e26f66fe446ab5fb0ebde95a60) Importer(2089858483,b0f066a214c2f5e87bad3c948f4d605d)
Start importing Assets/Marius N11608412/Third Person Controller/PlayerMovement.cs using Guid(0f8654e26f66fe446ab5fb0ebde95a60) Importer(2089858483,b0f066a214c2f5e87bad3c948f4d605d) (ScriptedImporter) -> (Import Result ID: '11eb2306bbeff3888503b49008740c36') in 0.0135513 seconds [static and dynamic dependencies]. Details - ImportResultOutputID=ca44940aa05f7afe6c0c5143f31d2b85 DependenciesID=0b0e7398eb27a8e108875c7ae0053caa StaticDependenciesID=82d6936e71a816bb12e3dbf5c265d454 
Number of updated asset objects reloaded before import = 0Number of asset objects unloaded after import = 0

========================================================================
Received Import Request.
  Time since last request: 0.000028 seconds.
  path: Assets/Marius N11608412/Third Person Controller/Player.prefab
  importAddress: Guid(b001cb61a0b189d4394e77fcb27043d8) Importer(2089858483,b0f066a214c2f5e87bad3c948f4d605d)
Start importing Assets/Marius N11608412/Third Person Controller/Player.prefab using Guid(b001cb61a0b189d4394e77fcb27043d8) Importer(2089858483,b0f066a214c2f5e87bad3c948f4d605d) (ScriptedImporter) -> (Import Result ID: '9f153e458d1d33747529059c14c239bf') in 0.0296985 seconds [static and dynamic dependencies]. Details - ImportResultOutputID=6d946daeb3f0f54a10940b18c86f9ec6 DependenciesID=c3be1f26ad18d96c0cf616669ee7525a StaticDependenciesID=d52eb227454205d407ce9fad2e1fe3a1 
Number of updated asset objects reloaded before import = 0Number of asset objects unloaded after import = 140

========================================================================
Received Import Request.
  Time since last request: 0.000023 seconds.
  path: Assets/TextMesh Pro/Shaders/TMPro_Properties.cginc
  importAddress: Guid(3997e2241185407d80309a82f9148466) Importer(2089858483,b0f066a214c2f5e87bad3c948f4d605d)
Start importing Assets/TextMesh Pro/Shaders/TMPro_Properties.cginc using Guid(3997e2241185407d80309a82f9148466) Importer(2089858483,b0f066a214c2f5e87bad3c948f4d605d) (ScriptedImporter) -> (Import Result ID: '235b1ebd31585edfdb61be9e5da49fda') in 0.0285983 seconds [static and dynamic dependencies]. Details - ImportResultOutputID=8426cc86e42287d0314ce1c5771da1b3 DependenciesID=d8bf32c9fa39ab945d5c90b830d0ff41 StaticDependenciesID=ab070b6b75eb729a41727b84a827f49d 
Number of updated asset objects reloaded before import = 0Number of asset objects unloaded after import = 1

========================================================================
Received Import Request.
  Time since last request: 0.000026 seconds.
  path: Assets/TextMesh Pro/Shaders/TMP_SDF-Mobile Overlay.shader
  importAddress: Guid(a02a7d8c237544f1962732b55a9aebf1) Importer(2089858483,b0f066a214c2f5e87bad3c948f4d605d)
Start importing Assets/TextMesh Pro/Shaders/TMP_SDF-Mobile Overlay.shader using Guid(a02a7d8c237544f1962732b55a9aebf1) Importer(2089858483,b0f066a214c2f5e87bad3c948f4d605d) (ScriptedImporter) -> (Import Result ID: '38ac37fb0480d0517e20972dae4caa71') in 0.0121349 seconds [static and dynamic dependencies]. Details - ImportResultOutputID=7c381d9c2379fa5c92e1afc02a857b38 DependenciesID=dba8babbb889a01ab1b10b9516bbd1c6 StaticDependenciesID=0cd9ea97f68392fe6cbce5de52c408ad 
Number of updated asset objects reloaded before import = 0Number of asset objects unloaded after import = 1

========================================================================
Received Import Request.
  Time since last request: 0.000057 seconds.
  path: Assets/TextMesh Pro/Shaders/TMP_Bitmap-Custom-Atlas.shader
  importAddress: Guid(48bb5f55d8670e349b6e614913f9d910) Importer(2089858483,b0f066a214c2f5e87bad3c948f4d605d)
Start importing Assets/TextMesh Pro/Shaders/TMP_Bitmap-Custom-Atlas.shader using Guid(48bb5f55d8670e349b6e614913f9d910) Importer(2089858483,b0f066a214c2f5e87bad3c948f4d605d) (ScriptedImporter) -> (Import Result ID: '3955d53efcc9dc02156b72727a00f740') in 0.0129609 seconds [static and dynamic dependencies]. Details - ImportResultOutputID=1b4a0ddc19a2bf94e4a2264edaf47a3c DependenciesID=ea59754a9a55508de2a44606447bd077 StaticDependenciesID=97e2617c6e2d061a39156ef7584ef903 
Number of updated asset objects reloaded before import = 0Number of asset objects unloaded after import = 1

========================================================================
Received Import Request.
  Time since last request: 0.000066 seconds.
  path: Assets/TextMesh Pro/Shaders/TMP_SDF SSD.shader
  importAddress: Guid(14eb328de4b8eb245bb7cea29e4ac00b) Importer(2089858483,b0f066a214c2f5e87bad3c948f4d605d)
Start importing Assets/TextMesh Pro/Shaders/TMP_SDF SSD.shader using Guid(14eb328de4b8eb245bb7cea29e4ac00b) Importer(2089858483,b0f066a214c2f5e87bad3c948f4d605d) (ScriptedImporter) -> (Import Result ID: '14baaa28230d6170a7d2b197d4951243') in 0.0135627 seconds [static and dynamic dependencies]. Details - ImportResultOutputID=1845519bd0d6098f0781f24d1c846ae3 DependenciesID=215dd8e1f94f1126ba87678cb99ef4ce StaticDependenciesID=8dab4151aa6bd08630c2d16ff94a2c92 
Number of updated asset objects reloaded before import = 0Number of asset objects unloaded after import = 2

========================================================================
Received Import Request.
  Time since last request: 0.000015 seconds.
  path: Assets/TextMesh Pro/Resources/Style Sheets
  importAddress: Guid(4aecb92fff08436c8303b10eab8da368) Importer(2089858483,b0f066a214c2f5e87bad3c948f4d605d)
Start importing Assets/TextMesh Pro/Resources/Style Sheets using Guid(4aecb92fff08436c8303b10eab8da368) Importer(2089858483,b0f066a214c2f5e87bad3c948f4d605d) (ScriptedImporter) -> (Import Result ID: 'a81d7a4b3176d330a79f6f56197b65b9') in 0.0101179 seconds [static and dynamic dependencies]. Details - ImportResultOutputID=7e3f1c0fe9b9fdebb8e99f4663f52637 DependenciesID=c4139db188f1135c42bf1899f422bd8f StaticDependenciesID=2dbaeaf09333d8b388deb1801888d23a 
Number of updated asset objects reloaded before import = 0Number of asset objects unloaded after import = 1

========================================================================
Received Import Request.
  Time since last request: 0.000041 seconds.
  path: Assets/TextMesh Pro/Resources/LineBreaking Leading Characters.txt
  importAddress: Guid(d82c1b31c7e74239bff1220585707d2b) Importer(2089858483,b0f066a214c2f5e87bad3c948f4d605d)
Start importing Assets/TextMesh Pro/Resources/LineBreaking Leading Characters.txt using Guid(d82c1b31c7e74239bff1220585707d2b) Importer(2089858483,b0f066a214c2f5e87bad3c948f4d605d) (ScriptedImporter) -> (Import Result ID: 'f6483cef7eb401508bfa235bb218e608') in 0.0096341 seconds [static and dynamic dependencies]. Details - ImportResultOutputID=4b61c3bdfa6717cacdc18f51754490eb DependenciesID=b4b57beeb4264a473032fc54487d3946 StaticDependenciesID=dda605278c247b9c3f7e62e1f27042f7 
Number of updated asset objects reloaded before import = 0Number of asset objects unloaded after import = 1

========================================================================
Received Import Request.
  Time since last request: 0.000034 seconds.
  path: Assets/TextMesh Pro/Shaders/TMP_SDF Overlay.shader
  importAddress: Guid(dd89cf5b9246416f84610a006f916af7) Importer(2089858483,b0f066a214c2f5e87bad3c948f4d605d)
Start importing Assets/TextMesh Pro/Shaders/TMP_SDF Overlay.shader using Guid(dd89cf5b9246416f84610a006f916af7) Importer(2089858483,b0f066a214c2f5e87bad3c948f4d605d) (ScriptedImporter) -> (Import Result ID: 'fc39667d3ff3cb3bce75e821c25bbede') in 0.0121235 seconds [static and dynamic dependencies]. Details - ImportResultOutputID=94f5a33dfaa43b92143fa07e7b2d8c7f DependenciesID=56bdc6073553dd30b3a4bb55d42cc663 StaticDependenciesID=086b5680e33efca1bae2e5551aec11b8 
Number of updated asset objects reloaded before import = 0Number of asset objects unloaded after import = 2

========================================================================
Received Import Request.
  Time since last request: 0.000023 seconds.
  path: Assets/TextMesh Pro/Shaders/TMP_SDF-Mobile.shader
  importAddress: Guid(fe393ace9b354375a9cb14cdbbc28be4) Importer(2089858483,b0f066a214c2f5e87bad3c948f4d605d)
Start importing Assets/TextMesh Pro/Shaders/TMP_SDF-Mobile.shader using Guid(fe393ace9b354375a9cb14cdbbc28be4) Importer(2089858483,b0f066a214c2f5e87bad3c948f4d605d) (ScriptedImporter) -> (Import Result ID: 'c6244256ac6e85d5011ce9c4397705b8') in 0.0133545 seconds [static and dynamic dependencies]. Details - ImportResultOutputID=7391516a45a04656ed64181688b52d0e DependenciesID=f825658a74829254c0f2c0629933d5bc StaticDependenciesID=fc7b77840337b8921620e800bb6e7ccb 
Number of updated asset objects reloaded before import = 0Number of asset objects unloaded after import = 1

========================================================================
Received Import Request.
  Time since last request: 0.000071 seconds.
  path: Assets/TextMesh Pro/Shaders/TMP_Bitmap.shader
  importAddress: Guid(128e987d567d4e2c824d754223b3f3b0) Importer(2089858483,b0f066a214c2f5e87bad3c948f4d605d)
Start importing Assets/TextMesh Pro/Shaders/TMP_Bitmap.shader using Guid(128e987d567d4e2c824d754223b3f3b0) Importer(2089858483,b0f066a214c2f5e87bad3c948f4d605d) (ScriptedImporter) -> (Import Result ID: 'e3ebcc3f6027b41a48e0845c9e802480') in 0.0121015 seconds [static and dynamic dependencies]. Details - ImportResultOutputID=def6ccf4c85e8c82766db31786a717f6 DependenciesID=7d77b5e9fe754698ef1729636c2edc2b StaticDependenciesID=54796b178d1ac5560e8bbc383702abfe 
Number of updated asset objects reloaded before import = 0Number of asset objects unloaded after import = 1

========================================================================
Received Import Request.
  Time since last request: 0.000087 seconds.
  path: Assets/TextMesh Pro/Resources/LineBreaking Following Characters.txt
  importAddress: Guid(fade42e8bc714b018fac513c043d323b) Importer(2089858483,b0f066a214c2f5e87bad3c948f4d605d)
Start importing Assets/TextMesh Pro/Resources/LineBreaking Following Characters.txt using Guid(fade42e8bc714b018fac513c043d323b) Importer(2089858483,b0f066a214c2f5e87bad3c948f4d605d) (ScriptedImporter) -> (Import Result ID: '51742d380909400c0b769fae3ba5f468') in 0.011915 seconds [static and dynamic dependencies]. Details - ImportResultOutputID=a7e2066e5b6da302d203ca4dd18c589c DependenciesID=9d3b4599c2ade7f202ce423a41765201 StaticDependenciesID=90e18e177f71b5b2ecebe031e5e8ac67 
Number of updated asset objects reloaded before import = 0Number of asset objects unloaded after import = 1

========================================================================
Received Import Request.
  Time since last request: 0.000061 seconds.
  path: Assets/TextMesh Pro/Shaders/TMP_SDF-URP Unlit.shadergraph
  importAddress: Guid(124c112a6e8f1a54e8b0870e881b56d8) Importer(2089858483,b0f066a214c2f5e87bad3c948f4d605d)
Start importing Assets/TextMesh Pro/Shaders/TMP_SDF-URP Unlit.shadergraph using Guid(124c112a6e8f1a54e8b0870e881b56d8) Importer(2089858483,b0f066a214c2f5e87bad3c948f4d605d) (ScriptedImporter) -> (Import Result ID: 'b098ce52bc7d9b35c08b36ac32fa49cf') in 0.0109907 seconds [static and dynamic dependencies]. Details - ImportResultOutputID=085081da98aeaa8ace52ce11bbfb6e4c DependenciesID=afc5da04fdbbaec7384850431f6f9974 StaticDependenciesID=2e70c7206d9e4ef7fea767e8a8a682a4 
Number of updated asset objects reloaded before import = 0Number of asset objects unloaded after import = 1

========================================================================
Received Import Request.
  Time since last request: 0.000102 seconds.
  path: Assets/TextMesh Pro/Shaders
  importAddress: Guid(e9f693669af91aa45ad615fc681ed29f) Importer(2089858483,b0f066a214c2f5e87bad3c948f4d605d)
Start importing Assets/TextMesh Pro/Shaders using Guid(e9f693669af91aa45ad615fc681ed29f) Importer(2089858483,b0f066a214c2f5e87bad3c948f4d605d) (ScriptedImporter) -> (Import Result ID: '2f7a3b311b7fcd42a192b7da1eaa98d1') in 0.0112097 seconds [static and dynamic dependencies]. Details - ImportResultOutputID=e17913dd844e2b28d42b28559a7ef6e5 DependenciesID=0675888567c3e5c0b1978d6c0a2850b7 StaticDependenciesID=d987d0834632fb294c481eba950b0246 
Number of updated asset objects reloaded before import = 0Number of asset objects unloaded after import = 1

========================================================================
Received Import Request.
  Time since last request: 0.000020 seconds.
  path: Assets/Marius N11608412/Third Person Controller/ThirdPersonCamera.cs
  importAddress: Guid(603f62e329c61f5449301f9feba6a45f) Importer(2089858483,b0f066a214c2f5e87bad3c948f4d605d)
Start importing Assets/Marius N11608412/Third Person Controller/ThirdPersonCamera.cs using Guid(603f62e329c61f5449301f9feba6a45f) Importer(2089858483,b0f066a214c2f5e87bad3c948f4d605d) (ScriptedImporter) -> (Import Result ID: '2196071ddcf4502d44110704d42a8238') in 0.0102595 seconds [static and dynamic dependencies]. Details - ImportResultOutputID=c7130ff4182e495e04116d5dbde2a1cc DependenciesID=49620d3701f7a743d613cf395a28241e StaticDependenciesID=86800e5ff92e7890221b5fb53e5b9876 
Number of updated asset objects reloaded before import = 0Number of asset objects unloaded after import = 0

========================================================================
Received Import Request.
  Time since last request: 0.000109 seconds.
  path: Assets/Marius N11608412/Scenes/IGB101 Assignment 1 n11608412.unity
  importAddress: Guid(c673e7eed29990e4892295229706b436) Importer(2089858483,b0f066a214c2f5e87bad3c948f4d605d)
Start importing Assets/Marius N11608412/Scenes/IGB101 Assignment 1 n11608412.unity using Guid(c673e7eed29990e4892295229706b436) Importer(2089858483,b0f066a214c2f5e87bad3c948f4d605d) (ScriptedImporter) -> (Import Result ID: '02d139110558144fd17c1e398fea2ae7') in 0.0181368 seconds [static and dynamic dependencies]. Details - ImportResultOutputID=8da39024b1f9074fc64a06e246ce2882 DependenciesID=e09aee5664b20862aec4fcbdb542e9df StaticDependenciesID=446099d507ed0f3171c78c39d82c19ea 
Number of updated asset objects reloaded before import = 0Number of asset objects unloaded after import = 1

========================================================================
Received Import Request.
  Time since last request: 0.000047 seconds.
  path: Assets/TextMesh Pro/Resources/Style Sheets/Default Style Sheet.asset
  importAddress: Guid(f952c082cb03451daed3ee968ac6c63e) Importer(2089858483,b0f066a214c2f5e87bad3c948f4d605d)
Start importing Assets/TextMesh Pro/Resources/Style Sheets/Default Style Sheet.asset using Guid(f952c082cb03451daed3ee968ac6c63e) Importer(2089858483,b0f066a214c2f5e87bad3c948f4d605d) (ScriptedImporter) -> (Import Result ID: '93cfe50ff6b44b4089fad0fe5ab8a20c') in 0.0117181 seconds [static and dynamic dependencies]. Details - ImportResultOutputID=5b646ddac9392bbf20231e61f01e31b6 DependenciesID=2a8afb44705b2ff8c592a6c6dc8a6a19 StaticDependenciesID=3bd7c12e974ced77cd719696148b87d2 
Number of updated asset objects reloaded before import = 0Number of asset objects unloaded after import = 1

========================================================================
Received Prepare
Begin MonoManager ReloadAssembly
[Licensing::Client] Successfully resolved entitlement details
Assembly Assembly-CSharp-Editor-firstpass.dll at Library/ScriptAssemblies/Assembly-CSharp-Editor-firstpass.dll not valid. Loading of assembly skipped.
Assembly Assembly-CSharp-Editor.dll at Library/ScriptAssemblies/Assembly-CSharp-Editor.dll not valid. Loading of assembly skipped.
Assembly Assembly-CSharp-firstpass.dll at Library/ScriptAssemblies/Assembly-CSharp-firstpass.dll not valid. Loading of assembly skipped.
Assembly Unity.Multiplayer.Center.Editor.Tests.dll at Library/ScriptAssemblies/Unity.Multiplayer.Center.Editor.Tests.dll not valid. Loading of assembly skipped.
Assembly Unity.Multiplayer.Center.Tests.dll at Library/ScriptAssemblies/Unity.Multiplayer.Center.Tests.dll not valid. Loading of assembly skipped.
Assembly Unity.TextMeshPro.Editor.Tests.dll at Library/ScriptAssemblies/Unity.TextMeshPro.Editor.Tests.dll not valid. Loading of assembly skipped.
Assembly Unity.TextMeshPro.Tests.dll at Library/ScriptAssemblies/Unity.TextMeshPro.Tests.dll not valid. Loading of assembly skipped.
Assembly UnityEditor.UI.Common.Tests.dll at Library/ScriptAssemblies/UnityEditor.UI.Common.Tests.dll not valid. Loading of assembly skipped.
Assembly UnityEditor.UI.EditorTests.dll at Library/ScriptAssemblies/UnityEditor.UI.EditorTests.dll not valid. Loading of assembly skipped.
Assembly UnityEngine.UI.Tests.dll at Library/ScriptAssemblies/UnityEngine.UI.Tests.dll not valid. Loading of assembly skipped.
Assertion failed on expression: 'pred(*previous, *i)'
Assertion failed on expression: 'pred(*previous, *i)'
Assertion failed on expression: 'pred(*previous, *i)'
Assertion failed on expression: 'pred(*previous, *i)'
Assertion failed on expression: 'pred(*previous, *i)'
Assertion failed on expression: 'pred(*previous, *i)'
Assertion failed on expression: 'pred(*previous, *i)'
Assertion failed on expression: 'pred(*previous, *i)'
Assertion failed on expression: 'pred(*previous, *i)'
Assertion failed on expression: 'pred(*previous, *i)'
Assertion failed on expression: 'pred(*previous, *i)'
Assertion failed on expression: 'pred(*previous, *i)'
Assertion failed on expression: 'pred(*previous, *i)'
Assertion failed on expression: 'pred(*previous, *i)'
Native extension for WindowsStandalone target not found
Native extension for WebGL target not found
[Package Manager] Failed to launch server process. Reason: Unity was launched with the -noUpm command-line argument
[Package Manager] Unable to send message (not connected to server process).
[Package Manager] Cannot connect to Unity Package Manager local server
ScheduleIndexationOnStartup MainProcess:False IndexOnStartup:True
Mono: successfully reloaded assembly
- Finished resetting the current domain, in  0.555 seconds
Domain Reload Profiling: 1078ms
	BeginReloadAssembly (309ms)
		DisableScriptedObjects (8ms)
		CreateAndSetChildDomain (25ms)
	RebuildCommonClasses (52ms)
	RebuildNativeTypeToScriptingClass (16ms)
	initialDomainReloadingComplete (111ms)
	LoadAllAssembliesAndSetupDomain (33ms)
		LoadAssemblies (215ms)
		AnalyzeDomain (20ms)
			TypeCache.Refresh (5ms)
			BuildScriptInfoCaches (10ms)
			ResolveRequiredComponents (3ms)
	FinalizeReload (557ms)
		SetupLoadedEditorAssemblies (0ms)
			InitializePlatformSupportModulesInManaged (4ms)
			BeforeProcessingInitializeOnLoad (163ms)
			ProcessInitializeOnLoadAttributes (125ms)
			ProcessInitializeOnLoadMethodAttributes (61ms)
			AfterProcessingInitializeOnLoad (35ms)
		AwakeInstancesAfterBackupRestoration (9ms)
Unloading 15 Unused Serialized files (Serialized files now loaded: 0)
Unloading 441 unused Assets / (1.1 MB). Loaded Objects now: 1079.
Memory consumption went from 76.2 MB to 75.1 MB.
Total: 5.226300 ms (FindLiveObjects: 0.107000 ms CreateObjectMapping: 0.021600 ms MarkObjects: 4.402500 ms  DeleteObjects: 0.693700 ms)

Prepare: number of updated asset objects reloaded= 0
Editor requested this worker to shutdown with reason: Scaling down because of idle timeout
AssetImportWorker is now disconnected from the server
Process exiting
Exiting without the bug reporter. Application will terminate with return code 0